Text,Label
የሰው ልጅ ኑሮ በጉርብጥብጥና በሸለቆ በተሞላበት እውነታ ውስጥ ነፃነትና ሰንሰለቶች ጉራማይሌ ህልውና አላቸው፡፡ ዕውቀት፣ ጥበብ፣ ሥነ ምግባር፣ ርዕዮተ ዓለም፣ እምነት፣ ወዘተ ከኅብረተሰብ ወደ ግለሰብ፣ ከግለሰብ ወደ ኅብረተሰብና ከግለሰብ ወደ ግለሰብ ሲተላለፉ እንደኖሩ ሁሉ የሰንሰለቶች ቀለበቶችም እንደዚያ ይሸጋገራሉ፡፡ ከዚህ በፊት እንደተባለው ለህሊና ሰንሰለቶች መተላለፊያ ሠረገላቸው ብዙ ነው፡፡ መደበኛና ኢመደበኛ ትምህርት፣ ሥነ ቃል፣ ሙዚቃ፣ እምነት፣ ወዘተ ሁሉ ሠረገላ ሊሆኑ ይችላሉ፡፡ ዛሬ በፈጣሪና በመላዕክት እንደሚማለው የአፄ ኃይለ ሥላሴ ስምም መማያ የነበረበት ጊዜ ነበር፡፡ የኃይለ ሥላሴ ውዳሴ በእነዚህ በእነዚህ መንገዶች ናኘ ወይም ወደ ሕዝብ ሠረፀ ብሎ ለመዘርዘር ከመሞከር ይልቅ፣ ለዘመኑ ኅብረተሰብ በጡጦ መሰጠት የቀረው ምግብ ነበር ብሎ መናገር ይቀላል፡፡ ትችትን ያነወረ ውዳሴን መቅለብ፣ ምን ያህል በሰንሰለት መያዝ እንደሆነ ወይም ምን ያህል እንደሚገንዝና የለውጥ ተቀናቃኞች መጫወቻ ለመሆን እንደሚዳርግ ትናንትናም ታይቷል፣ ዛሬም እያየነው ነው፡፡,4
ልሂቃን የፖለቲካ ፓርቲዎች ፈጥረውም ሆነ ሳይፈጥሩ ተራማጅ ነን/ለሕዝብ ተቆርቋሪዎች ነን እያሉ ሲንቀሳቀሱ ለሕዝብ ህሊና ብርሃን ሊሆኑ እንደሚችሉ ሁሉ በሰንሰለት ተብታቢዎችም ሊሆኑ ይችላሉ፡፡ ወይም ልፋታቸው ሁለቱንም በጉራማይሌነት የያዘ ሊሆን ይችላል፡፡ በተለይ ‹የእኔ መስመር ብቻ ብርሃን ነው ሌላው ሁሉ የጥፋትና የጠላት መንገድ ነው… በእኔ መንገድ ላይ ቅዋሜ የሰነዘረ ከሃዲ/ባንዳ ነው… በተገኘበት ይገደላል› የሚሉ ቡድኖች የራሳቸውን ኅሊናና የፖለቲካ ሕይወታቸውን ባሰሩባቸው ሰንሰለቶች ሕዝብንም ለመጠፈር የሚሠሩ ናቸው፡፡,4
የትግልና የኑሮ ተሞክሮዎች ያነጠሩልን ሐሰተኛ ግንዛቤዎች,3
የሰንሰለቶች ሐረጎች ዓይነታቸው ብዙ ነው፡፡ ለገዥዎች ውዳሴ ጭፍን ፈረስ መሆን፣ ገዥዎች ኃያልነትና ድሎት ላይ በተሰቀሉ፣ ከልታሞች የገዥዎቻቸውን ድሎት እየጠቀሱ መንቀባረራቸው፣ ገዥዎቻቸው ከራስ የትውልድ አካባቢ/ማኅበረሰብ ወይም ሃይማኖት ውስጥ መብቀላቸውን ተንተርሰው ተሬዎች ለእነሱ ጭፍን አጨብጫቢ መሆናቸው፣ ወዘተ ወዘተ፡፡ እነዚህን የመሳሰሉት ሰንሰለቶች የግስጋሴ ጥቅም በየት በኩል እንደሆነ በቶሎ ተረድቶ አሠላለፍን ከማስተካከል ተግባር ያውካሉ፣ ያዘገያሉ፡፡ ከእነዚህ የተለዩ ሐሰቶችን የሕዝቦች ነፃነትና የመብት መሟላት አድርገው የሚያቀርቡ (አሳቻ ጉዞን ዓላማ ያደረጉ) ሰንሰለቶችም አሉ፡፡ ዛሬ የሚያንገላቱን ቀጣፊ ግቦች ከብሔርተኛነት የበቀሉ ናቸውና እነሱ ላይ እንወሰንና አንዳንዶቹን ውሸቶች እንፈልቅቅ፡፡,4
የብሔር አገረ መንግሥትን ከሰላማዊነትና ከፍትሐዊነት ጋር ማዛመድ,3
የዓለማችን መንግሥታት ሁሉ በየብሔር ላይ የቆሙ ቢሆኑ ኖሮ፣ ብሔር ‹‹ወጥ›› ሕዝብ የያዘ በመሆኑ ምክንያት፣ የዓለም ኅብረተሰቦች በአያሌው ሰላም የሠፈነባቸውና ማግለል፣ ማንጓለል የሌለባቸው ይሆኑ ነበር የሚል ቅዠት የተሸከሙና ዛሬም ድረስ የየብሔር መንግሥታት መራባትን የሚናፍቁ ብሔርተኞች አሉ፡፡ መጀመሪያ ነገር ብሔር/ብሔረሰብነት ከድብልቅነት ጋር የሚጣሉ አይደሉም፡፡ ብሔሮች/ብሔረሰቦች የሚባሉት ማኅበረሰቦች ራሳቸው የመደባለቅ ውጤት ናቸው፡፡ ከድብልቅነትና ከዥንጉርጉርነት የፀዱም አይደሉም፡፡ በሶማሌ አንድ ብሔርነት ውስጥ፣ በኦሮሞ አንድ ብሔርነት ውስጥ፣ በአማራ አንድ ብሔርነት ውስጥ፣ በሌላውም ‹‹አምሳያ›› ተብዬ ማኅበረሰብ ውስጥ ሁሉ ዥንጉርጉርነት አለ፡፡ በየትኛውም የዓለማችን ጥግ ያሉ ማኅበረሰቦች ከአዳዲስ የመቀያየጥ ሒደትም ሊያመልጡ አይችሉም፡፡ የዓለማችን አዝማሚያም መሰባጠርንና መካለስን የሚያባዛ ነው፡፡ በኢትዮጵያም በአፍሪካ ቀንድም በዓለምም ያለው የጉዞ አዝማሚያ የሚያሳየው፣ የሕዝቦችን በየብሔር የመሸንሸን ምፅዓትን ሳይሆን፣ የሕዝቦች መሰባጠርና መዛነቅ በአገሮችና በአኅጉሮች አጥር የማይገደብ እየሆነ የተገለሉ/የተከተሩ ማኅበረሰቦች እየመነመኑ፣ በዓለም ማኅበረሰቦች ዘንድ የሚኖሩ የልዩነት ገጽታዎች እየሳሱ የሚያመሳስሉ ገጽታዎች ደግሞ እየበረከቱ እንደሚሄዱ ነው፡፡  ይህንን ጉዞ የሚቀለብስ ምንም ኃይል የለም፡፡ ስለዚህ የብሔር አገረ መንግሥታት ዘመን ይመጣል ብሎ መናፈቅ የማይጨበጥ ተምኔት ነው፡፡ በተለያየ አገር ውስጥ የተበታተኑ የብሔር ቁርጥራጮች እየተሰባሰቡ፣ በአንድ አገር ውስጥ የተሰባሰቡ ብሔሮችም በየብቻቸው እየሆኑ፣ የየብሔር መንግሥታት የሚፈሉበት ዘመን ይመጣል የሚል ራዕይ የሚታያችሁም ሰዎችና ቡድኖች ዕርማችሁን አውጡ፡፡,5
በሌላ በኩል የኅብረተሰብን ሰላምና አለመንጓለል ከማኅበራዊ ጥንቅር ጋር ማያያዝ ግልብነት ነው፡፡ የጥንቅር ሴመኛነት ሰላማዊና ፍትሐዊ ሕይወትን እንደማያበቅል ሁሉ፣ የጥንቅር መዥጎርጎርም የፀብና የመንጓለል ወላጅ አይደለም፡፡ የኢኮኖሚ ችግሮች በየትኛውም ማኅበረሰብ ለውዝግብ ያጋልጣሉ፡፡ ብዙ ሰዎችን የገፋ ያንጓለለ የሀብት ሽሚያና የፖለቲካ በደል፣ ዕድገትንና መረጋጋትን የነፈገ ትርምስ፣ በአንድ ብሔር አገርነትም ውስጥ ይሁን ብዙ ብሔሮችን ባቀፈ አገርነትም ውስጥ ሊታይ ይችላል፡፡ ለዚህ ምሳሌ ለማግኘት የአፍሪካ ቀንድ ቀጣናችንን ማስተዋል ብቻ በቂያችን ነው፡፡ ከመንጓለል የመገላገልና ማኅበራዊ ሰላምን የመቀዳጀት ጉዳይ የብዙ ነገሮች ድምር ውጤት ነው፡፡ ከእነዚህ ውስጥ ዋነኛው በአገረ መንግሥታዊ ሥርዓት ደረጃ ፍትሐዊ አስተዳደርን መቀዳጀት ነው፡፡,4
በአፈና አገዛዝ ውስጥ ሆኖ የብሔር መብትን ዓብዩ ጥያቄ አድርጎ ማንጠልጠል,2
ራስ በራስ የመተዳደርን፣ በአፍ መፍቻ ቋንቋ መሥራትን፣ የታሪክና የባህል፣ ወዘተ መታወቅንና መከበርን ያዘለው ይህ የቡድን መብት፣ የትልቁ መብት የዴሞክራሲ ሥርዓት ጥያቄ ክፍላዊ አካል ነው፡፡ ክፍላዊው መብት ከሙሉ ቤቱ ተልጦ ብቻውን ዋና እና ሁለመና ጥያቄ ሆኖ ሲነገብ፣ የመብቱ ማረጋገጫና ማዝለቂያ ሥርዓታዊ ጥያቄ ከትኩረት ይወጣል፡፡ የብሔር መብትን ዋና ጥያቄ አድርጎ ያንጠለጠለው፣ ብሔር ለይቶ የተሰባሰበ ብሔርተኛ ቡድን ሲሆን ደግሞ፣ በኅብረ ብሔራዊ አስተሳሰብና ስብስብ አማካይነት ዓብዩ የዴሞክራሲ ጥያቄ ላይ ትኩረትን ለማስተካከል ያለውም ዕድል በጣም ያንሳል፡፡ በብሔር በተሰባሰበ ቡድን የብሔር ጥያቄ ተቀዳሚ ተደርጎ መያዙም፣ የመብቱ ተጨባጭነት አስተማማኝ ባለቤትና ዋስትና ያገኘ አስመስሎ ያሳስታል፡፡ የብሔርተኛ ትግል እዚያ ስህተት ውስጥ የገባ ነውና፡፡ በአመዛኙ እንደታየው ወደ ተናጠል ትግል ያመራል፡፡ የተነጣጠለ ብሔርተኛ ትግል ደግሞ ለየብቻ ተነጥሎ ለመጠቃትና ለማስጠቃት ያጋልጣል፡፡ መላው ኅብረተሰብም በገዥዎች ከፋፋይነት ስለሚቦረቦር፣ ሊተባበር ይችል የነበረው የትግል አቅሙ ይባክናል፡፡ የአፈና ሥርዓቱም ይበልጥ ዕድሜ ያገኛል፡፡ ይህ ሁሉ በኢትዮጵያ የትግል ልምድ ውስጥ ታይቷል፡፡,4
የሆነው ሁሉ ሆኖ ብሔርተኞች አሸንፈው ቻርተርና ሕገ መንግሥት ተጽፎ በስመ ፌዴራላዊነት የተዋቀረው አገዛዝ (ከጫጉላ ጊዜ ፍንደቃውና በተወሰነ ደረጃ ከታዩ ውስን ትሩፋቶቹ በቀር)፣ በሕወሓት ቡድን የበላይነት የተዘረጋ የጥፍነጋ ሥርዓት ከመሆን አላመለጠም፡፡ የሚከበሩበትን የዴሞክራሲ ዓውድ ያላገኙትም የቡድንና የግል መብቶች፣ በመላ አገሪቱ በቀፏቸው ነው የቀሩት፡፡ የራስ በራስ አስተዳደር ይዘት፣ ‹‹ባለቤት›› ከተባለ/ከተባሉ ብሔር/ብሔረሰቦች የበቀሉ ሌቦችና ጨቋኞች ገዥነት አልፎ መሄድ አልቻለም፡፡ በአንድ አገር እኩል ዜግነት የመታየትና የመስተናገድ መብት ከበፊቱ በባሰ ደረጃ ነበር የተጎሳቆለው፤ እንዲያውም ይህንን የዜግነት መብት ረግጦ ‹‹መጤ›› የተባሉ ማኅበረሰቦችን መበደል የብሔር መብት መስሎ ነበር፡፡ በሹማሹምና በካድሬዎች የሚፈጸም ዘረፋና የሰብዓዊ መብት ጥሰትን ለመፋረድ መሞከር፣ ‹‹ባለቤት›› ከሚባለው ብሔር ለበቀለም ሰው ከሞላ ጎደል የድመት አፍንጫ እንደ ማሽተት የሚቆጠር ነበር፡፡,4
የኢፌዴሪ ሕገ መንግሥትን አንቀጽ 39ን እስከ ደም ጠብታ የሚዋደቁለት የብሔር መብት ዋስትና አድርጎ ማየት,2
በኢፌዴሪ ሕገ መንግሥት ውስጥ አንቀጽ 39 ላይ የተቀመጠው እስከ መገንጠል የተዘረጋ የብሔር ብሔረሰቦች መብት አንዳችም ጊዜ መብቶችን በማስከበር ረገድ አለኝታ ሆኖ አያውቅም፡፡ ይህ አንቀጽ የጠቀመው ነገር ቢኖር፣ ከአስተዳደራዊ አወቃቀሩና ይሰበክ ከነበረው ለየብሔር የማድላት አስተሳሰብ ጋር ሆኖ፣ የአገራዊ እኛነትን ማጎልበት በማዳከም ነው፡፡ አንቀጹ ባሰኘ ጊዜ የተወሰኑ ቅድመ ሁኔታዎችን አሟልቶ መነጠል መብት ነው የሚል ዋሾ ግንዛቤን ይለፍፋል፡፡ የዚህ መብት ሊቅ ነን ባይ ሰባኪዎችም ‹‹ብሔር/ብሔረሰቦች መብቶቼ ተጓደሉ ወይም ሰሚ አጡ ባሉ ጊዜ የመነጠል መብታቸውን መጠቀማቸው አግባብ ይሆናል›› እያሉ አሳቻ መንገድን ያመላክታሉ፡፡ እናም በዚህ የተሳሳተ ‹‹ንቃት›› ምክንያት ሁሉም በየበኩሉ የመሬት ይዞታዬ የሚለውን ለማሟላት እስከ መጋጨት ድረስ እየሄደ ሲፋተግ ነው የኖረው፡፡ ‹‹አንቀጽ 39 ተነካ ማለት የብሔር መብቶች መሻር ማለት ነው… ለዚህ አንቀጽ እስከ ደም ጠብታ እንዋደቃለን!›› ባይነት የብሔር ሙሉ መብቶችን ማረጋገጫ ውል የሳተ ሐሰተኛ ግንዛቤ ነው፡፡ አሁንም እንድገመው! የቡድንና የግል መብቶችን በማይቀለበስ አኳኳኋን ማስከበር ከፈለግን፣ መዋደቅ ያለብን ዴሞክራሲ አገረ መንግሥታዊ ሥርዓትና የኅብረተሰብ ባህል ሆኖ እንዲገነባ ነው፡፡ ይህንን ሥርዓት መገንባት ከቻልን ጎደሉ/ቀሩ የምንላቸውን መብቶች ለማስጨመር፣ ሳሱ የምንላቸውን ለማጠናከር ሰላማዊ ዕድሎች ይኖራሉ፡፡ በደል ባይኖርም መነጠል ሕዝብ ገብ ጥያቄ ሆኖ ቢመጣና በምክክር/ በድርድር አልበገር ቢል፣ ጥያቄው አክብሮት አግኝቶ በውሳኔ ሕዝብ (ሪፈረንደም) መልስ ለማግኘት የሚበቃውም፣ ዴሞክራሲ በጎመራበት ዓውድ ውስጥ ነው፡፡ እንደ እነ ካናዳ ባሉ አገሮች ውስጥ የተነሳን የመነጠል ጥያቄ፣ ዴሞክራሲያዊ መልስ እንዲያገኝ ያስቻለው ሥርዓተ ዴሞክራሲው እንጂ፣ መነጠልን መብት አድርጎ የደነገገ አንቀጽ በሕገ መንግሥት ውስጥ መቀመጥ አይደለም፡፡,3
መነጠልን ነፃነት አድርጎ የሳለ ግብ,1
የ‹‹ቅኝ መገዛት›› ግፍንም ሆነ ከዚያ ብዙም ያልራቀ በደልን ደርድረው መነጠልን ‹‹ነፃነት›› ብለው የታገሉ ቡድኖችን በኢትዮጵያ ዓይተናል፡፡ በበደል ትርክት ውስጥ ብዙ እውነቶችና ውሸቶች እንደተነገሩ ሁሉ፣ ለነፃነቱ የምንታገልለት ሕዝብ አንድ የጋራ ታሪክ ሥነ ልቦናና ባህል ያለው ሕዝብ ነው የሚል የፖለቲካ ሥዕል ተይዞም ብዙ ተዋሽቷል፡፡ ብዙ የጥቅም ሥሌቶች ተሠርተዋል፡፡ የኤርትራው የነፃነት ትግል በኤርትራ ብሔረሰቦች መኖራቸውንና ከሁሉም በላይ ኢትዮጵያዊ ነን የሚሉ ክፍሎች መኖራቸውን የሸመጠጠ የፖለቲካ ሥራ ሲሠራ ኖሯል፡፡ የዚህም ዋና ግብ በግድም በውድ የቀይ ባህር አፋርን ከኢትዮጵያ መቁረጥ ነበር፡፡,4
ባሻ ጊዜ እስከ መነጠል የረዘመ ‹‹መብት››ን በሕገ መንግሥት ውስጥ ጎልቶ ኢትዮጵያን ሲያስተዳድር የነበረው ሕወሓት ለኢትዮጵያ ያዘዘውን ‹‹መድኃኒት›› ትግራይ ውስጥ አይጠቀምበትም ነበር፡፡ ትግራይ ያሉ ብሔረሰቦች የሌሉ ያህል ትግራይ አንድ ብሔር ሆና ነበር የምትሣለው፡፡ የሰዎቿም መታወቂያ ‹‹ተጋሩ/ትግራዋይ›› ነው፡፡ የትግራይ የውስጥ አከፋፈልም በቀሪው ኢትዮጵያ እንደሆነው ብሔረሰብን ወይም የብሔረሰብ ቡድኖችን ባለይዞታነት የሚለፍፍ ሳይሆን፣ የትግራይን ስም ይዞ በአቅጣጫዎች የከፋፈለ ሆኖ ነው የቆየው፡፡ ከትግሪኛ ውጪ ማኅበረሰቦች ቋንቋችን ባሏቸው ቋንቋዎች የመማር ዕድሎች አልነበሩም፡፡ ዛሬ ይፋ ወጥቶ በምንሰማው ብሶት መሠረትም፣ ማኅበረሰቦች ከውስጣቸው በበቀለ ሰው መተዳደር እንኳ ብርቃቸው ነበር፡፡ ይህ ሁሉ ዥንጉርጉር ምንጫቸውን ደፍጥጦ አንድ ትግሪኛ ተናጋሪ ሕዝብ የማውጣት ሒደት መሆኑ ነበር፡፡ ለኢትዮጵያ የፈቀዱት የመቆራረስ ዕድል ትግራይ ላይ እንዳይፈጸም፣ እንዲሁም ‹‹የሌላ ብሔር/ክልል አካል ነን ወይም የራሳችን ማንነት ያለን ነንና ክልል መሆን እንፈልጋለን›› ብሎ የማፈንገጥ ዕድልን ለማምከን ‹‹ብልጠት›› መሆኑ ነበር፡፡ (እዚህ ላይ ማሳየት የተፈለገው፣ ሕወሓቶች ሁለት አጀንዳ እንደ ነበራቸው እንጂ፣ ትግራይ በብጥስጣሽ ፍላጎቶች ለምን አልታመሰችም የሚል ክፋት መዝራት አይደለም፡፡ የዚህ ጽሑፍ ፍላጎት የትግራይም የመላ ኢትዮጵያ ሕዝቦች ከሕወሓትና ከብጤዎቹ ደፍጣጭ ብሔርተኝነትና የፅንፍ መስመሮች ተላቀው በዴሞክራሲ በፍትሕና በልማት ጎዳና ከዙሪያቸው ጋር ተላልሰው እንዲገሰግሱ ነው፡፡),4
ቅኝ ተገዛን የሚል ትርክት አንግቦ የቆየው ኦነጋዊ ትግልም፣ በሌሎች ሕዝቦች ዘንድ የታየው ፈልሶ/ተዋግቶ ገፍቶ መሥፈር፣ መዛነቅ፣ መስፋፋት፣ በኦሮሞ ታሪክም እንዳልነበረ ሸሽጎ፣ ኦሮሞ እየተገፋ በሠፋሪዎች ተመናመነ የሚል ሐሰት እንዳናፈሰ ሁሉ፣ የኦነግ የብሔር ይዞታ ሒሳብ፣ ኦሮሚያ ተብሎ በተካለለው ትልቅ ‹‹ክልል›› ውስጥ ለመርካት የበቃ አልነበረም፡፡ ኦሮሞ በታሪክ ጉዞ  የተሠረጫጨባቸውን ሥፍራዎች ሁሉ የኦሮሞ እያሉ ለመሰብሰብ እስከ ትግራይ ድረስ መሬት ለመከንዳት ጥሯል፡፡ የታሪክ ውስብስብ ሰበዞች ውጤት የሆኑትን የኦሮሚያ ጉራማይሌ ገጽታዎች በ‹መጤ›ነት እየተረጎሙ በተለያየ አሸባሪና ደም አፍሳሽ ሥልት የማጥራት ነውሮቹንና የኢትዮጵያን አብዛኛውን ክፍል የማጋበስ ፍላጎቱን አንድ ላይ ስናስተውላቸው፡፡ የእንቅስቃሴው ውል በአያሌው በብሔር ስም ሰፊ መሬት ከኢትዮጵያ ቦድሶ መነጠል እንደነበርና ሆኖ እንደቆየ መገንዘብ አይከብድም፡፡,4
የመነጠል ግብን ‹‹ነፃነት›› ብሎ ማሞካሸት,1
በእንግሊዝ የድል ‹‹ሞግዚትነት›› ጊዜ ኤርትራ ውስጥ ብልጭ ብሎ የነበረውን የዴሞክራሲ ቅምሻ እንኳ፣ የሻዕቢያ ኢሳያስ ባለድልነት ለሕዝቡ አላጎናፀፈም፡፡ እስከዛሬ ድረስ የኤርትራ ሕዝብ የነፃነት ትርጉም፣ ለሻዕቢያና ለኢሳያስ አፈወርቂ ለጥ ብሎ መገዛት ሆኖ ነው የሚገኘው፡፡ ትርጉም ያለው የልማት ግስጋሴ ህልም እንደሆነ ነው፡፡ በኢትዮጵያ ውስጥ ጎልተው ወጥተው የነበሩ ሌሎች ተነጣዮችም በኢትዮጵያ ውስጥ ያሳዩት በጥላቻ፣ በበቀልና በጭካኔ የተሞላ የትግል ባህርያቸው የዴሞክራሲና የሰውነት መብቶችን የሚያከብርና የሚያስከብር ሥርዓት አማጪ መሆን እንደማይችሉ ከወዲሁ አረጋግጠዋል፡፡ ለብሔራችን ሕዝብ እንቆረቆራለን ባይነታቸውም ተራግፎ አልቆ፣ በደም የተጨማለቁ ነፍሰ ገዳዮችና ተራ ዘራፊዎች እስከ መሆን ድረስ ሲዘቅጡ ጥርት ብሎ ታይቷል፡፡,3
ከዚህ እውነት በመነሳት ከጫካ የጠመንጃ ትግል የዴሞክራሲ ነፃነትን አገኛለሁ ብሎ መጠበቅ ከእባብ ዕንቁላል ርግብን እንደ መጠበቅ ነው ብሎ ማጠቃለል ይቻላል፡፡ ለዚህ ሻዕቢያና ሕወሓት ምርጥ ምሳሌዎች ናቸው፡፡ በጊዜ አዝግሞት የአስተሳሰብ ለውጥ ያደርጋሉ ብሎ ለመጠበቅ የማይመቹ ግትሮች ሆነው ኖረዋል፡፡ ሁለቱም ፓርቲን ከስለላ አውታር፣ ከጦር አውታርና ከኢኮኖሚ አውታር መለየት የማይፈልጉ ሆነው ኖረዋል፡፡ ሁለቱም ‹‹ቀፍድዶ መግዛት ወይም ሞት!›› ኪዳናቸው ከመሆኑ ሌላ፣ ዘረፋን አኩሪ ብልጠታቸው፣ ጦረኝነትን መመኪያቸው በማድረግ ይታወቃሉ፡፡ ሁለቱም በትግላቸው ጊዜ ኢትዮጵያን በዘረፋ ቦጥቡጠዋል፡፡ የሻዕቢያ ብልጠት የትግራይን ገበሬ ማጀት በቀለብ ምንጭነት፣ የሕወሓትን ሠራዊት ለኤርትራ ገብ ጦርነቱ እስከ መጠቀም ዓይን ያወጣ እንደነበር አስገደ ገብረ ሥላሴ አጋልጧል (ጋህዲ ፩፤ 2007)፡፡ ድልና ሥልጣን ባገኙበት ጊዜም፣ የምርኮ ሀብት ከመቀራመት አንስቶ፣ ለሁለቱም በንግድ መልክና በሥውር ስርቆት ኢትዮጵያ ማሳቸው ነበረች፡፡ የ1990 ዓ.ም. የኢትዮ ኤርትራ ጦርነትም የመጣው፣ በዘረፋ ተግባራቸው ላይ የተነሳው የኢትዮጵያ ሕዝብ ተቃውሞ ትግራይ ድረስ መርሮ፣ ቀዳዳ የጠበበት ሻዕቢያ በሰበብ ዘራፍ ስላለ ነበር፡፡ በዚያም ጦርነት ሻዕቢያ በወደብ የነበረ የኢትዮጵያን የወጪና የገቢ ሀብት መዝረፍ አልበቃው ብሎ፣ የእነ ዛላአንበሳ አካባቢን በዘረፋና በውድመት መመንጠር ጌጡ ነበር፡፡ የኢትዮጵያ መላ ኅብረተሰብ ሆ ብሎ በተነቃነቀበት ጦርነት ድል ወደ ኢትዮጵያ አዘንብሎ ደቡብ ኤርትራ ድረስ በተዘለቀ ጊዜ ደግሞ ሕወሓቶች የዝርፊያ አመላቸውን አልዘነጉትም?፡፡,4
የ2010 ዓ.ም. መጋቢት ለውጥ ከመጣ በኋላ፣ ሕወሓቶች ትግራይ ላይ ጠቅላይ ቢሯቸውን አድርገው ሸርና ጦርነት መደገስ ውስጥ የገቡት ከብቻ የበላይ ገዥነት ዝቅ ብሎ ከሌሎች ጋር ሥልጣን መጋራት አልዋጥላቸው ብሎ ነበር፡፡ ሸርና ጦርነት ሲደግሱ በቆዩበት ጊዜም ሆነ ጦርነት በከፈቱ ጊዜ፣ ዓይነት ባይነት ሀብት እየዘረፉ መሸሸግ አልተለያቸውም ነበር፡፡ ጦርነቱን ወደ አፋርና አማራ ክልል ሲወስዱትም፣ መንጣሪ ዘረፋ አንዱ ቁልፍ ተግባራቸው ነበር፡፡ በተኩስ ተተንኩሶና ኢትዮጵያን በጭንቋ አግዞ ጦርነቱ ውስጥ የገባው ሻዕቢያም የዘረፋ በቀሉን አዝሎ ነበር፡፡ በፕሪቶሪያው ስምምነት አማካይነት ጦርነት በቆመ ጊዜም ቂም ያልተገባደደለት ሻዕቢያ ቅር ተሰኝቷል፡፡ ግብዞቹ ሕወሓቶችም፣ ለትግራይ ሕዝብ ሰላም በማምጣትና የእነሱን ነፍስ በማትረፍ ዋጋው ስምምነቱን ከማመመሥገን ፈንታ፣ ለማንኳሰስ ጊዜ አልወሰደባቸውም፡፡ ውሎ አድሮ የአስተሳሰብ ለውጥ የታየባቸው አንጃዎች ብናይም፣ ዛሬም ትግራይን የሥልጣን ርስቴ የሚል፣ ዛሬም ጦርነትን የሚናፍቅ፣ ዛሬም የታጠቀን ኃይል የቡድን ሎሌው ማድረግ የሚሻና ዘረፋን የሀብት ማፍሪያ አድርጎ የሚጠቀም፣ ሃይማኖትን የፖለቲካ አጀንዳ ማስፈጸሚያ መሣሪያ ያደረገ የሕወሓት መረብ አልታጣም፡፡ ከማዶ ያለው ሻዕቢያም የሥልጣን ስስቱን አላልቶ ለሕዝቡ ሻል ያለ ለውጥና የልማት ዕርምጃ ለማሳየት አልፈቀደም፡፡ ለፍትሐዊ ትግግዝና የጉርብትና ግንኙነት ጎርባጣ ሆኖ ግንኙነትን ማዳከምን ሥራዬ ብሎ ይዞታል፡፡ ቁርቁስ ባለበት ውስጥ እጁን መስደድንና የቀውስ አራቢዎች ተቀጢላ መሆንን መተዳደሪያው አድርጎ ቀጥሏል፡፡ የዚህ ዓይነት ባህርይ ካላቸው ድርጅታዊ ዕንቁላሎች ፍትሐዊና ዴሞክራሲያዊ አመለካከቶች አይቀፈቀፉም፡፡,1
መነጠል የሕዝቦች ፍላጎት?,1
ስላለፈው ጊዜ ክርክር ማንሳት ይቅርብንና ከዚህ ሁሉ ልምድ በኋላ ዛሬም መነጠልን የሚያራምዱ ቡድኖች፣ የሕዝብ ፍላጎትን እያንፀባረቁ ይሆን የሚል ጥያቄ እናንሳ፡፡ ከኤርትራ ኅብረተሰብ ውስጥ ራሳቸውን በኢትዮጵያዊነት የሚመድቡ ክፍሎች መኖራቸውን እንተወውና፣ እዚህ ክፍፍል ውስጥ ሳይገባ የኤርትራ ሕዝብ ከኢትዮጵያ ሕዝብ ጋር የሁለቱም አገሮች ጥቅም በአግባቡ በተከበረበት አኳኋን በኢኮኖሚ መተሳሰርም ሆነ በኮንፌዴሬሽን መያያዝ ይፈልጋል ወይስ እንደ አሁኑ ተገልሎ መቆየት? አፈና በሌለበት ሁኔታ ዛሬ የኤርትራ ሕዝብ አማራጮች ቢቀርቡለት፣ እነ ኢሳያስ ሙጥኝ ያሉትን ተገልሎ መቆየት እንደማይመርጥ መቶ በመቶ የጠቆሙ ምልክቶች አሉ፡፡ የኢትዮጵያ መቆራረስ ጥቅሜ ነው የሚል ሰፊ ሕዝብ በየትኛውም የኢትዮጵያ ጥግ እንደሌለ፣ የሰሜን ጦር ላይ ጥቃት በተከፈተበትና ለኢትዮጵያ ህልውና ተጋድሎ በተካሄደበት ጊዜ ወለል ብሎ ታይቷል፡፡ ያኔ እንደ ኦነግ ሸኔ ያሉት ግፍ ደጋሾችና የመነጠል ደቀ መዝሙሮች የተሠለፉት ከሕወሓት ጦረኞች ጋር ነበር፡፡,1
የሕወሓት ጦረኞች ሰሜን ጦር ላይ ጥቃት በመፈጸም ከከፈቱት ጦርነት አንስቶ በሦስት ዙር ባካሄዷቸው ወረራዎች ማገዶ የሆነው የትግራይ ወጣት የሕወሓትን ዓላማ በውዴታው ዓላማው አድርጎት ነበር ወይስ በጥርነፋና በሐሰተኛ ውስወሳ ተይዞ? ለሚለው እንቆቅልሽ አሁን ፍቺ እየተገኘለት ነው፡፡ የሕዝብ ደም እንደ ጎርፍ ከፈሰሰበት ከዚያ ሁሉ ልምድ በኋላ፣ ዛሬም መነጠልን ያጠበቁ የሕወሓት አንጃዎች አሉ፡፡ አዛውንቱ ግትር ሕወሓቶች የመነጠልን አጀንዳ ካወረሷቸው ልጆቻቸው መሀል፣ ‹‹ሳልሳዊ ወያነ›› የተባለው ቡድን የሕዝብ ግንኙነት ሰው  ሲናገር እንደተሰማው ከሆነማ፣ መነጠልን ያነገቡት ኢትዮጵያ በደለችን ከሚል መንደርደሪያ አኳያ ብቻ ሳይሆን መነጠልን በራሱነቱ ይሹታል (‹አስፓየር› ያደርጉታል)፡፡ ከኢትዮጵያ ኦርቶዶክስ መንበር ተነጠልኩ ባለችው የትግራይ ኦርቶዶክስ ቤተ ክርስቲያንም ውስጥ የመነጠል አጀንዳ አድብቶ እንዲቆይ ተደርጓል፡፡ ዛሬ በተራው የትግራይ ሕዝብና ወጣት ዘንድ ያለው ዝንባሌ የሚነግረን ግን ከሕወሓትና ከሕወሓታዊዋን ውጪ የሆኑ የፖለቲካ ቡድኖች ያለ አፈናና ሥጋት የሚንቀሳቀሱበት ሁኔታ ከተፈጠረ፣ በኢትዮጵያ ማዕቀፍ ውስጥ በሰላም ከመልማት በቀር ከመነጠል ዓላማ ጋር መንገታገትን ለጆሮው እንኳ መስማት የማይሻው በገፍ እንደሆነ ነው፡፡ ከዚህ ቀደም ሕወሓታዊዋን ከአገር ውስጥ እስከ ባህር ማዶ ድረስ አፍ ተልብ ሆነው ‹‹ጦርነቱን የጀመረው የዓብይ መንግሥት ነው!…፣ የኢትዮጵያ መንግሥት ጦርነት የከፈተብህ እንደ ሕዝብ ከምድረ ገጽ ሊያጠፋህ ነው!›› የሚል ውሸትን እውነት አስመስለው ሕዝብን እንዳላደናገሩ ሁሉ፣ ዛሬ ፍርክስክሳቸው ወጥቶ የገነቡትን የውሸት ካብ በእርስ በርስ መጋፈፍ እየናዱ ነው፡፡  በተለይ ፀፀት የማይነካካው የቆሞ ቀሩ ክንፍ ወካዮች፣ እስከ ወገባቸው በተቀበሩበት ሁኔታ ‹‹መንገድ አሳልፈኝ›› እስከ ማለት ያሉበት እውነታ ጠፍቷቸው መሳለቂያነታቸው ልክ አጥቷል፡፡  ለጦረኞቹ ምርኮ ቀረሽ፣ ለመላው ሕዝብ ግን ሰላም አምጪ የሆነውን የፕሪቶሪያ ስምምነት፣ የኢትዮጵያ መንግሥት ሰዎች እንደምናፈርሳቸው ፈርተው ነው የፈረሙት ብሎ እስከ መቀላመድ ድረስ ውሸታቸው መጃጀቱን የትግራይ ሕዝብ ለማየት በቅቷል፡፡ ከአሮጌው የሕወሓት መስመር የተቃረኑ የትግራይ ሕዝብ ትንፋሾችን፣ ‹‹በገንዘብ ጉርሻ የተገዙ›› አድርገው ቆሞ ቀሮቹ ማጠልሸታቸውም ብልጠት አልነበረም፡፡ ሕወሓቶች ጥርስ የነቀሉበትን ስምና ተግባር የማጠልሸት ንክሻቸውን የትግራይ ተራ ሕዝብ በማይወናበድበት መልክ እንዲቀምሰው ነበር የረዱት፡፡ ዛሬ የትግራይ ሕዝብ ነፍስ ከማዳን ትግል ባልራቀ ኑሮ ውስጥ እየተዳፋ ሳለ፣ ‹‹ሕወሓትን ማዳን የትግራይን ሕዝብ ማዳን ነው›› የሚሉት ሥልጣን አምላኪዎች፣ ሽሬ ምድር ውስጥ ምን እየማሱ እንደሆነ ሕዝብ ጉድ እያለ ታዝቧል፡፡ ያኔ በጦርነቱ ጊዜ የኤርትራ ኃይል ሠራ ስለሚባለው ግፍ ሲቀልጥ የነበረው ኡኡታ ወደ ጀርባ ተሸሽጎ፣ የዛሬው የወርቅ ዘረፋ ንግድ ከእነማን ጋር ሰንሰለት እንዳበጀ ለሕዝብ ጆሮ ሥውር አይደለም፡፡ በአጭሩ ለተሻለ ሕይወት ልጆቹን ሲገብር የኖረው የትግራይ ሕዝብ ምን ያህል በስሙ እንደ ተነገደበት የተጣበቀ አንጀቱን ደግፎ እያስተዋለ ነው፡፡,1
ይህ አስተውሎቱ በዝምታ የተሸበበ አይደለም፡፡ ዛሬ ያለበትን አንጃዊ ሁኔታ በአግባቡ አጢኖ፣ ከሕወሓታዊ የኅሊናና የመዋቅር ጥርነፋም ሆነ ከጦርነት አዚም ተገላግሎ ልማት ውስጥ የሚገባበትን መንገድ በብልኃት እየጠረገ ይገኛል፡፡ ለአንዳንድ አወቅን ባይ ልሂቃን፣ የጌታቸው ረዳና የደብረ ጽዮን ቡድን ፍትጊያ ‹‹የሥልጣንና የተሻልኩ ሕወሓት እኔ ነኝ›› የሚል ነው፡፡ የብዙኃኑ አረዳድ ግን በተለይ ነው፡፡  የጌታቸው ረዳ ጊዜያዊ መንግሥት  ከፕሪቶሪያው ስምምነት መከበር ጋር አዳብሎ ያነገበውን ሰላምና ዴሞክራሲ፣ ሕዝቡ ወደ ተሻለ ሕይወት መረማመጃ መንገድ አድርጎ ወስዶታል፡፡ በድጋፉ የጌታቸውን መንግሥት ሙጥኝ ያለውም ለዚህ ነው፡፡ የድጋፍ ሙጥኙም ጭፍን ሳይሆን ታክቲካዊ ነው፡፡ ለዚህም ፍንጫችን ‹‹እንደማትክደን/እንደማትሸጠን ተስፋ እናደርጋለን…›› የሚል ማስጠንቀቂያ ተደጋግሞ ከሕዝብ መሰማቱ ነው፡፡ ልሂቅ ትምህርት ከብዶት፣ ተሬው ሀ፣ ሁ… ሲያስቆጥረው እያየንም ይመስላል፡፡,1
ይሁን እንጂ የትግራይ ሕዝብ ከጦርነት ተገላግሎ የሚሻውን የፖለቲካ አማራጭና ፓርቲ እየመረጠ በሰፊዋ ኢትዮጵያ ውስጥ የመኖር ዕድሉ ገና ገና ብዙ ፈተና ያለበት ይመስላል፡፡ ይህ የሕዝቡ ትግል የለውጥና የፀረ ለውጥ አካባቢያዊ ምሽጎች ሠርቶ ደም የሚያረግዝ መፋጠጥ ውስጥ እንዳይገባ፣ የለውጥ ኃይል ነን የሚሉ ትግራዋይ ቡድኖች በሕዝብ ውስጥ ገብተው መሥራት ያለባቸው ጊዜ ዛሬ ነው፡፡ ሃይማኖትና ፓርቲ፣ ፓርቲና መንግሥታዊ የፀጥታ አውታራት፣ የፓርቲ መረብና የመንግሥት አውታራት መደበላለቃቸው የተቋረጠበት ዓውድ እንዲፈጠር የሚያስተጋባ ድምፅ ማሰማት ያለባቸው ዛሬ ነው፡፡ የፌዴራል መንግሥትና ጊዜያዊው የትግራይ አስተዳደርም ተጋግዘው ምቹ ሁኔታዎችን በማዳበርና በማፋጠን ሕዝቡን ሊያግዙት ይገባቸዋል፡፡ ጊዜያዊ አስተዳደሩ የሆነ ጥግንግኖሽ ቢደረግበት እንኳ የትግራይ ሕዝብ ወደ ዴሞክራሲያዊ ነፃነት የሚያደርገውን ጉዞ የሚያጓጉል ውጤት እንዳይከተል ብርቱ ጥንቃቄ ሊደረግ ይገባል፡፡ በዚህ ረገድ በቅርብ የተጀመረው ትጥቅ የማስፈታቱና መልሶ የማቋቋሙ ሥራ መፋጠን ሁነኛ ነው፡፡,1
ከመነጠል በመለስ ከየብሔሩ በበቀለ ብሔርተኛ ፓርቲ መገዛትን ‹ራስን በራስ ማስተዳደር› እያሉ ማጭበርበር,1
በዓለማችን የራስ በራስ አስተዳደር ልምድ ውስጥ እንደታየው በተቀዳሚ ያለ ዴሞክራሲ ሥርዓት የሕዝብ ራስን በራስ ማስተዳደር ተጨባጭ አይሆንም፡፡ የራስ በራስ ትድድር ዕሳቤ ጉራማይሌ ኅብረተሰብነትንም የሚያካትት ነው፡፡ ከ1983 ዓ.ም. ወደ እዚህ ባለ ልምድ ያየናቸውን ብሔርተኛ ገዥዎች፣ ‹‹ወገኔና ባዕድ›› እያሉ አንጓላይ እንዲሆኑ (መብቶችን መጥቀሚያና ማጥቂያ እንዲያደርጉ) የዳረጋቸው፣ የ‹ሕዝባቸው› ከጉራማይሌነት አለመጥራት አይደለም፡፡ ለፍትሐዊነትና ለእኩል አተያይ መሥራት፣ ለብሔር ፖለቲከኞች/ፓርቲዎች ባዕድ ስለሆነ ማንጓለልና ማዳላት ለብሔርተኞች የአዕምሮ ሙሽት ውስጣዊ ባህርይ ስለሆነ ነው፡፡ አንጓላይነቱ የዓለም አቀፍ ተቋም መሪ እስከ መሆን ተደርሶም ከዓለም አቀፋዊ ማዕቀፍም ሆነ ከአገራዊ ዜግነት አውርዶ በአካባቢ ጎጠኝነት ውስጥ ሲያልወሰውስ ታይቷል፡፡ ከዚያም በባሰ ደረጃ ብሔርተኝነት፣ የግለሰቦችን ንትርክና ፀብ ብሔረሰባዊ እያደረገ ሲተረጉም፣ ትዳርና ጓደኛነትን በብሔር መመዘኛ እስከ ማጥራት ሄዶ እያፋታ ‹‹ሲያስተካክልም›› ታይቷል፡፡ ሌባና ወንጀለኛን (ነፍሰ ገዳዮችን ሳይቀር) የብሔር ወገኔ እያለ እስከ መደገፍና እስከ መሸሸግም ድረስ አይነጥፉ ሊሆን መቻሉ በተግባር አሰልችቷል፡፡ በአጭሩ አንጓላዩ የብሔር ፓርቲ ወደ ሥልጣን መውጣት፣ ራስን በራስ ለማስተዳደር አያስችልም፡፡ ምክንያቱም ከፍትሕም፣ ከፍትሐዊነትም ከዴሞክራሲም ጋር ስለማይግባባ፡፡,1
እስከ ዛሬ (በተለይም በኢሕአዴግ ጊዜ) ብሔር የሌባና የግፈኛ መደበቂያ ጎሬ ሊሆን የቻለው፣ የራስ በራስ አስተዳደር ትርጉም ‹‹ቢጠቅመኝም ቢበድለኝም የብሔሬ ሰው ይግዛኝ›› ከሚል የተሻለ ይዘት ስላልነበረው ነው፡፡ ግንዛቤያችን በብሔርተኛ ወገንተኝነት ከመቄል ወጥቶ ለእኩልነት ለፍትሐዊነትና ለመተሳሰብ የቆሙ መሪዎችን ወደ ሥልጣን ለማውጣት የሚጥርና ይህንኑ ለመቆጣጠር የሚሻ ዴሞክራሲያዊ ንቃተ ህሊና ሲፈጠር፣ የአገሪቱም የሥልጣን አደረጃጀት በዚሁ እየተቃኘ ሲመጣ፣ የየአካባቢዎች ትድድር ‹‹ገዥነት ‹የባለቤት› ብሔር መብት ነው›› ከሚል መሥፈርት ይወጣል፡፡ በአስተዳደሮች አሠራር ውስጥም የብዙኃኑ ፍላጎት በበላይነት መምራቱ የንዑሳኑን መብት ካለመዳመጥ ጋር ተገናዛቢ ይሆናል፡፡ በዚሁም መሠረት የአስተዳድሮች ተዋረዳዊ የጥንቅር መልክዓ ምድር ከሞላ ጎደል ማኅበረሰቦችን ሳያንጓልል አምሳያንም ሆነ ድብልቅ ይዘቶችን በዓውደ ዴሞክራሲ ያንፀባርቃል፡፡ ራስን በራስ ማስተዳደር ማለት የግድ እያንዳንዱ ሕዝበ-ነገድ ከሌላው ጋር ያልተቀላቀለ የይዞታ ወሰን ተሠርቶልኝ ለብቻ ባንዲራ ካልሰቀልኩ ማለት እንዳልሆነ ያወቀና ብዙ ነገሮችን ያመዛዘነ ግንዛቤ ይፈጠራል፡፡ አስተዳደራዊ ስብስቦች የሥነ ልቦና የባህልና የኑሮ ተያያዥነትን ለትድድርና ለተደጋገፈ ዕድገት ቀናነትን ሁሉ በማመዛዘን የበለጠ እየተቡ ይሄዳሉ፡፡ በሁለት ሦስት ቋንቋዎች አፍ የመፍታት ሁኔታ ከመዳበር ጋርም ሁሉን ቋንቋ የትምህርትና የመንግሥት ሥራ መሥሪያ ለማድረግ ከመቸኮል ይልቅ፣ በተወሰኑ የጋራ ቋንቋዎች እየሠሩ ከዕድገት ጋር አድማስን የማስፋት አስተዋይነትም ይሰምራል፡፡,2
‹‹ብሔርተኛ ፖለቲካ ለብሔሩ ጥቅም ራሱን የሰጠ›› ብሎ ነገር,1
በአገራችን የታየ ትልቅ ውሸት ከብሔሩ የበቀለ ሌባና ወንጀለኛን ሸሻጊ እስከ መሆን ሕዝብን ያሳሳተው፣ ‹‹ብሔርተኛ ለብሔሩ›› የሚል አታላይ ግንዛቤ ነው፡፡  በኢትዮጵያ ያየናቸው ብሔርተኛ ፖለቲከኞች ሁሉ፣ ሥልጣን ከመያዛቸው በፊትና በኋላ ኅሊናን በበደል ቁጣና ቁርሾ መሙላት፣ በኅብረተሰብ ውስጥ መሸካከር፣ ግጭት፣ ትርምስና መፈናቀል መዝራት ባህሪያቸው ነው፡፡ ብሔርተኞች ፀብ እየደገሱ ኪሳቸውን በሀብት ወደ መሙላት ሊያመሩና ሊሳካላቸው ይችል ይሆናል፡፡ ግለሰቦችና ቤተሰቦቻቸው የብዙ ሚሊዮን ገንዘብ ቱጃሮች ስለመሆናቸው ሲተረክላቸውም ለመስማት በቅተናል፡፡ ብሔርተኞች ከዘሩት ቁርሾና ንቁሪያ የትኛውም የኢትዮጵያ ብሔር/ብሔረሰብ ሲጠቀም (ሰላምን ዕድገትንና ብልፅግናን ሲያካብት) ግን አልታየም፡፡ የየብሔር መጠቀም ማለት በበደል ቁጣና ቁጭት እየተቃጠሉ፣ እየተሸካከሩ፣ ግጭትና ጦርነት ውስጥ እየገቡ የየብሔር ጌታ መጠቀሚያ አሽከር መሆን ነው ካልተባለ በቀር፡፡ በአጭሩ ለማጠቃለል፣ ‹‹ከእኔ ብሔር የበቀለ ብሔርተኛ ለብሔሬ ጥቅም የቆመ›› የሚል ግንዛቤ አሳሳች የህሊና ሰንሰለት እንደሆነ ሁሉ፣ ‹‹ከብሔሬ ውጪ የሆነ ሰው ለብሔሬ ጥቅም ባዕድና ተጋፊ ነው›› የሚል ግንዛቤም  እንደዚያው አሳሳች ሰንሰለት ነው፡፡,3
የብሔር እኛነትንና የብሔር ፖለቲካን ‹‹ብሔርተኛነት›› ብሎ መጥራት,1
በእሳት የመጫወት ስህተት የ‹‹ብሔር-ተኝነት›› ደራሲ ብርሃኑ ሌንጂሶ፣ ከመጽሐፉ እንደምንረዳው፣ አገሩን ኢትዮጵያን የሚወድ በኢትዮጵያነቱም የሚኮራ፣ ለብሔሩ የሚቆረቆር፣ ከዚህ ሁሉ በተጨማሪ የብልፅግና ፓርቲን የ‹‹መደመር›› አተያይ የሚደግፍ ሰው ነው፡፡ እንደዚያም ሆኖ የአስተሳሰብ ጥራት ማግኘትን በማይጠቅም፣ እንዲያውም በሚያደናቅፍ ብዙ አገባብ ‹‹ብሔርተኝነት›› የተሰኘውን ስያሜ ይጠቀምበታል፡፡ ‹‹ብሔርተኝነት››ን ለኢትዮጵያም ለዓለምም መመልከቻነት አውሎት፣ በቅድመ ክርስትና ዘመን ‹‹ሆነ›› የሚባለውን የንግሥተ ሳባ ትርክት ሁሉ ከብሔርተኛነት ጋር ያያይዘዋል፡፡ በጥቅሉ ለመናገር፣ ንጉሠ ነገሥታዊ ብሔርተኝነት፣ ወግ አጥባቂ ብሔርተኝነት፣ ሊብራል ብሔርተኝነት፣ ሲቪክ ብሔርተኝነት፣ ማኅበረሰባዊ ብሔርተኝነት፣ ኅብረ ብሔራዊ ብሔርተኝነት፣ ኢትዮጵያዊ ብሔርተኝነት፣ ተስፋፊ ብሔርተኝነት፣ አግላይ ብሔርተኝነት፣ የሃይማኖት ብሔርተኝነት፣ ፀረ ቴክኖሎጂ ብሔርተኝነት፣ ዘመናዊ ብሔርተኝነት… ሁሉ የሚላቸው ነገሮች አሉት፡፡ የተጠቃቀሱትን ብዙዎቹን ስያሜዎች በመጽሐፉ ውስጥ ያመጣቸውም በእንግሊዘኛ ጽሑፎች ውስጥ ለ‹‹…ናሽናሊዝም›› ቅፅል እየሆኑ የተቀመጡ ሐረጎችን በቁማቸው እየተረጎመ ነው፡፡,2
ብሔርተኝነትን ጥንትም፣ ትናንትም፣ ዛሬም፣ ወደፊትም እንደሚኖር አድርጎ ስለዘረጋው፣ ታሪካዊ የአመጣጥ ዘመን ያሳጣዋል፡፡ ገጽ 275 ላይ ‹‹ባለ ብዙ ብሔር አገሮች ውስጥ አርበኝነት የአገር ፍቅርን የሚገልጽ ጽንሰ ሐሳብ ሲሆን፣ ብሔርተኝነት ለራስ ብሔር የሚኖር ስሜትና አመለካከት ነው›› ብሎ ቢለንም፣ ብሔርተኝነትን ለአገር ፍቅር መግለጫነትም ያውለዋል፡፡ የብሔር ፍቅርን (እኛነትን) ከብሔር ፖለቲካ ጋር በአንድ ላይ ‹‹ብሔርተኛነት›› ብሎ ይጠራዋል፡፡ እንዲህ ያለው አጠራር መዘዘኛ የሆነ የፖለቲካ አተያይ መሳከር እንዲፈጠር ያደርጋል፡፡ ሰዎች ለተወለዱበት ሥፍራ የጋራ ስሜት ወይም እኛነት አላቸው፡፡ ለብሔራቸውም የጋራ ስሜት ወይም እኛነት አላቸው፡፡ ለአገራቸውም እንዲሁ፡፡ የትውልድ ሥፍራንም ሆነ የብሔርን ዕርምጃ በአገራዊ እኛነታቸው ዕቅፍ ውስጥ የሚያስተውሉና በአገራዊ እኛነታቸው ለሁሉም የአገራቸው ኅብረተሰብና አካባቢዎች የሚብሰለሰሉ ሰዎች ንቁ ዜጎች እንጂ ብሔርተኞች አይደሉም፡፡ በብሔር መሥፈርት የፖለቲካ ስብስብ ፈጥሮ፣ የብሔር ይዞታው ታውቆለትና ይዞታዬ ባለው ሥፍራ የብሔር ፓርቲ አገዛዝን ለማቋቋም የሚሻ የፖለቲካ እንቅስቃሴ በትልቅ አገር ውስጥ ለመታቀፍ ቢወድም፣ ሲለው ደግሞ ለብቻዬ እስከ ማለት ድረስ የፖለቲካ አመለካከቱ ሊዘረጋ የሚችል ነው፡፡ እናም በኢትዮጵያዊነት አብራክ ውስጥ የሚገለጽ የብሔር ስሜት/ንቃት ‹‹የብሔር እኛነት›› የሚል አጠራር አይጠበውም፡፡ ይጠበው ይመስል ግን ‹ብሔርተኛነት› በሚል መጠሪያ ከብሔር ፖለቲከኞች ጋር ማዳበል ብሔርተኞች በአተያይ እንዲያምታቱ የጋራ ዋሻ የሚሰጥ ስህተት መሥራት ይሆናል፡፡ ይህንኑ ስህተት በምሳሌ ማሳየት ይቻላል፡፡ ብርሃኑ በተጠቀሰው መጽሐፉ ገጽ 193፣ ከለውጡ በፊት በነበረው የኢሕአዴግ አስተዳደር ከአገራዊ አንድነት ይልቅ ለብሔር ጥያቄዎች ሰፊ ትኩረት ስለመሰጠቱ ያወሳና፣ በብልፅግና አመራር ግን ሁለቱ አብረው መታየት እንዳለባቸው ስለመቀመጡ፣ እንዲሁም ሁለቱ ማንነቶችና ብሔርተኝነቶች ለኢትዮጵያ መጠናከር አስፈላጊና ተመጋጋቢ ስለመሆናቸው ይናገራል፡፡ ይህንን ነው አሳሳች የምንለው፡፡ ብሔርተኛ ዓላማ አንግቦ በብሔርተኛ ፓርቲ የተሰባሰበ ፖለቲካና ከብሔርተኛ የአስተሳሰብ ቅፅር ወጥቶ ብዝኃነትን ባካተተ ውህድ አመለካከትና አደረጃጀት አማካይነት ለሁሉም ማኅበረሰቦች መብትና ግስጋሴ የሚታገል ፖለቲካ ተመጋጋቢ ሊሆኑ አይችሉም፡፡ አንዳቸው ለሌላቸው ሸርሻሪ ይሆኑ እንደሆን እንጂ፡፡,2
የብሔር ፖለቲከኛ ሳይሆኑ አገርንም ብሔርንም ምን ያህል መውደድ እንደሚቻል፣ የ‹ዩቲዩቡ› ሶሎዳ ሚዲያን ‹‹ወዲ ሻምበል›› ማየት ነው፡፡ አንድ መሐመድ የሚባል የወሎ ገበሬ በሰሜኑ ጦርነት ጊዜ በረሃ ላይ ቆስለው የወደቁ የትግራይ ወጣቶችን ስለማየቱ ሰው ይነግረውና ከሁለቱ ውስጥ የሞተውን ቀብሮ በነፍስ ያለውን ቁስለኛ አንስቶ ወደ ቤቱ ይወስዳል፡፡ ባለችው የኑሮ አቅሙ ከዓመት በላይ እየተንከባከበና ቁስሉን እያጠበም እንዲሽር ይረዳዋል፡፡ መሰልቸት ባልነበረበት በዚህ ዕገዛ ውስጥ፣ በቋንቋ ብዙም የማይግባቡት ሰዎች የአባትና የልጅ ፍቅር ያዳብራሉ፡፡ የብሔር ፖለቲከኛነት ይህንን የመሰለ ዝምድና ለመገንባት አያስችልም፡፡ ብሔርተኛ ያልሆነው ወዲ ሻምበል፣ የሁለቱን ሰዎች አድራሻ አፈላልጎ ዕንባውን እየታገለ ቃለ መጠይቅ በማድረግ ይህንን አስተማሪ ታሪክ አቋደሰን፡፡ ከዚህም በላይ ኢትዮጵያውያን ሁለቱንም ሰዎች በባንክ በኩል እንዲረዷቸው ጋብዞ፣ የመጀመሪያውን ዕርዳታ እሱ ሲቀድስ አስተውለናል፡፡ ይህንን ለማድረግ ብሔርተኛ ፖለቲካ ዕውን ያስችላል?,2
የብሔር ፖለቲካ የሚያንጓልል/የሚያዳላ አመለካከቱን ሲያራምድ ቆይቶ፣ ባስ ሲልበት ወደ ፅንፈኝነትና ወደ ጦረኝነት ይሽቀነጠራል፡፡ የብሔር ፅንፈኞችና ጦረኞች ዛሬ በተዘፈቁበት ሰላም ነሺነትና ደም በማይጠግብ ዝቅጠታቸው ሕዝብን ግሽግሽ  አድርገዋል፡፡ የሰላሌ ሕዝብ ልጆች አንገት ላይ ቀንበር አስገብቶ የወጣበት ‹‹ገላግሉን!!›› የሚል ሠልፍም ለመላው የኢትዮጵያ ሕዝብ መመረር ሐውልት ሆኖ የሚቆም ነው፡፡ በኢትዮጵያ የትግል ታሪክ ውስጥ በቅርብ አሁናችን ውስጥ ደርቶ የተስፋፋው የፖለቲካ ዝቅጠት መቼውንም ታይቶ አይታወቅም፡፡ ግሳንግስ ‹‹ቡትለካዎች››፣ ‹‹ለሕዝብ በመታገል›› ስም በጫካ ሽፍትነትና በኢንተርኔት ሽፍትነት በኩል የፈጸሙት ጥላቻን ማበጣበጥን፣ ማፋጀትን፣ እገታንና ዘረፋን ሁሉ ያቀላቀለ አመንዝራነት በታሪካችን ውስጥ ተወዳዳሪ ዘመን አይገኝለትም፡፡ ይህ ሁሉ የቅሌት ልምድ ከታየ በኋላ ድጋሚ ወደ አዘቅት ከሚወስዱ ቁልቁለቶች መጠንቀቅ ተገቢ ነው፡፡ የኢትዮጵያ እውነታ እየተቀየረ በመሆኑም፣ የብሔር ፓርቲ ሥልጣን ላይ ወጥቶ የሚያንጓልልበት ዘመን አልፎ፣ ብዝኃነትን ያካተተ የፓርቲ አደረጃጀትና ዴሞክራሲ ሕዝቦችን በፍትሐዊ ልማት የሚያስተቃቅፉበት ዘመን ጠብቷል፡፡ በዚህ አዲስ የታሪክ ምዕራፍ ውስጥ መሳተፍ የምትሹ የብሔር ፖለቲከኞችም፣ የሚፈለግባችሁ ከእስከ ዛሬው ልምድ ትምህርት ወስዶ አስተሳሰብንና አደረጃጀትን ማስተካከል ነው፡፡ ኢትዮጵያውያን በየብሔር ፓርቲ ከሚጓዝ ፖለቲካ ይልቅ በኅብራዊ ፖለቲካ ላይ ሰፊ መግባባት መፍጠር ከቻልን ለአገራችን ትልቅ ዕርምጃ ነው፡፡,3
ሥልጣን ላይ የተቀመጠ መንግሥት ሁሉ ለአገር ጥቅም ይሠራል ብሎ ማሰብና መታለል,1
በዓባይ ውኃ የመጠቀም ቀጣይነት የግብፅ ሕዝብ አገራዊ ጥቅም ነው፡፡ የዚህ ጥቅም ቀጣይነት ከዓባይ ውኃ ተጋሪዎች ፍትሐዊ ፍላጎቶች ጋር መግባባትን ይጠይቃል፡፡ የግብፅ መንግሥት ግን ብዙ ገንዘብ ሲከሰክስና ድር ሲያደራ ውሎ የሚያድረው የዓባይ ተጋሪዎቹን በአለመግባባትና በቀውስ ለማድቀቅ ነው፡፡ ለሶማሊያ ፌዴራላዊ አገር ዛሬ ከምንም ነገር በላይ ሉዓላዊ ጥቅሟ ከሽብር ሜዳነት ተገላግሎ በአስተማማኝ ሰላም ውስጥ በልማት ለመጠንከር መቻል ነው፡፡ አሁን ባለው እውነታ የፌዴራል መንግሥቱ ማዕከል ሞቃዲሾ ሽብር ይመላለስባታል፡፡ የፌዴራል አባል ምድሮቹ ኅብረትም እየዋዠቀ ነው፡፡  የአገሪቱን ፕሬዚዳንት ሐሰን ሞሐመድን ከአገር አገር የሚያሯሩጠው ግን፣ ከሰላሳ ምናምን ዓመታት በላይ ከሶማሊያ የተፋታችውን ሶማሌላንድ ‹‹ሉዓላዊ ይዞታዬ›› የሚል ቡራከረዮ ነው፡፡ እንዲህ ያለው ‹‹የብብትን እየጣሉ…›› ውፈፋ ሶማሊያን የሚበጅ ሳይሆን፣ ሶማሊያ በስንት መስዋዕትነት የደረሰችበትንና የያዘችውን ሁሉ የሚያሳጣ ነው፡፡ ዝርዝሩ በቀላሉ አያበቃም፡፡ ሌሎቹን የቅርብ ጎረቤቶቻችን ጨምረን፣ የዓለም አገሮች ከተራ አገሮች እስከ ኃያላኑ ድረስ ያሉ የዛሬ መንግሥታት ምን ያህል የሕዝባቸውን ጥቅም እያራመዱና እየተንከባከቡ እንደሆኑ ብንመረምር፣ ዓለማችን  ውል የጠፋው ውልቃት ውስጥ እንደሆነች እንረዳለን (ይህንን ጉዳይ በሌላ ርዕስ ውስጥ እንመጣበታለን፡፡)፡፡,2
ኢትዮጵያ አዲስ ምዕራፍ ላይ ትገኛለች ስንል፣ ከላይ ከጠቀስነው አካባቢያዊና ዓለም-ገብ ሁኔታ ጋር ከተገናኙ ብዙ አሮጌ ችግሮች ጋር ገና የሚያታግል ፈተና እንዳለብን ሳንዘነጋ ነው፡፡ የውጭና የውስጥ ኃይሎች በተቀናበሩበት ትግግዝ፣ ኢትዮጵያን በተነጣይ የጠመንጃ ትግሎች እየሸራረፉ የማሳነስ ሙከራ አንጋፋ ችግራችን ነው፡፡ በአንደኛው የዓለም ጦርነትነት ውጤትነት ከኦስትሮ-ሃንጋሪና ከኦቶማን ኢምፓየሮች ማኅፀን አገሮች እንደተፈለፈሉ ሁሉ፣ ኢትዮጵያንም በጦርነት አሽመድምዶ ወደ ሰላም-አልባ ብጥስጣሽ አገሮች እንድትወርድ ተለፍቷል፡፡ ኢትዮጵያን በጦርነት ምርኮ ይዞ ዕጣዋን መወሰን የማይሆን፣ ከሆነም የእርስ በርስ ጭፍን ፍጅት አቀጣጥሎ በ‹ዘር ፍጅት› ጥቃት ዓለም የደገፈው መነጠልን ለማዋለድም ተሞክሯል፡፡ ደባዎቹ ገና አልደረቁም፡፡ ጥይት ተኳሽ የውስጥ በጥባጭና ተነጣይ አርብተውና ተጣብተው ኢትዮጵያን ለመሰባበር የሚመኙ የጥፋት ኃይሎች ዛሬም አገራችንን ዙሪያ እየዞሯት ናቸው፡፡ የውጭ ተቀፂላ በሆነ ጦርነት አማካይነት መነጠልን ማሳካት የሚሹ በውስጣችን አሉ፡፡ ከጦርነት በመለስ ጭቅጭቅ ያለባቸውን መሬቶች ሉዓላዊ ይዞታችን በሚል ብልጣ ብልጥነት አንቀው ዴሞክራሲ ሳይደላደል በፊት ባልፀዳ የሪፈረንደም ‹‹ጥበብ›› ለማምለጥ ያደቡም ቡድኖች አሉ፡፡,2
ይኑሩ እንጂ የትኛውም ሕዝባችን የየትኛውም ቡድን የአጠባ ርስት የማይሆንበትን ነፃ የፖለቲካ አየር ካለማን፣ አብሮም የሕዝባችን ሰላምና ኅብረትም ሆነ የአገራችን ደኅንነት በዋዛ የማይበገር መሆኑን አጉልቶ የሚናገር ሁለገብ ግስጋሴ ማድረግ ከቻልን፣ ከዚህ ዕርምጃችን ጋር በተጣጣመ አኳኋን የፌዴራል ሥርዓታችንን ዴሞክራሲያዊ ደም ግባት ማፋፋት ከሰመረልን፣ የማንወጣው ደንቃራና ሴራ አይኖርም፡፡ በጥባጮችንና አሸባሪዎችን ከውስጥም ሆነ ከውጭ ሊያዘምቱብን የሚሠሩ ደበኞች አይሳካላቸውም፡፡ ሕገ መንግሥቱ ከመሻሻሉና ሁኔታዎች ከመጥራታቸው በፊት በሪፈረንደም አጨናብረው መነጠልን ለማሳካት የሚያደቡ ቡድኖችም አያሠጉንም፡፡ አንደኛ ከዚህ ቀደም በ1980ዎች ሻዕቢያ ያደረገው ዓይነት ሕዝብን ሰቅዞና ሥልጣን ላይ የወጣ የሴራ ሽርካ ይዞ መሬት/ወደብ የሞጨለፈበት መሰል ታሪክ በአሁኗ ኢትዮጵያ አይደገምም፡፡ ሁለተኛ ዴሞክራሲያዊና ፍትሐዊ ሪፈረንደም መነጠል የማይሹና በመነጠል ላይ ድምፅ መስጠት የማይፈለጉ ማኅበረሰቦችን መብት ‹‹ሉዓላዊ ግዛት›› ለሚባል ብልጣ ብልጥ መሥፈርት አሳልፎ አይሰጥም፡፡ ማለትም ሪፈረንደም የሚያካሂዱት አካባቢያዊ የጋራ እኛነትን ያጎለበቱ ማኅበረሰቦች እንጂ ‹‹ሉዓላዊ ይዞታ›› የተባለው መሬት አይደለም፡፡ ሦስተኛ የአካባቢ ፖለቲካን በጥርነፋ ተቆጣጥሮ ሲበድልና የተነጠለ አገር ለመፍጠር በሕዝብ ደም ሲቆምር የነበረ ቡድን ዛሬም እያገሳ ባለበት ሁኔታ ውስጥ ወደ ነበርክበት ግቢ ተመለስ ብሎ መፍረድ ይቅርና በመመለስ አለመመለስህ ላይ ድምፅ ስጥ ብሎ መፍረድ እንደምን ፍትሐዊ ይሆናል? በሕገ መንግሥቱ መሠረት ሪፈረንደም እንዲያደርጉ የተወሰነባቸው ሕዝቦች የአፈናና የመነጠል አጀንዳ ሲሳይ መሆን አንፈልግምና ከሪፈረንደም በፊት እነዚህ ሁኔታዎች ይገፈፉ ቢሉ፣ ምን ጥፋት ይሆንባቸዋል? ቀሪው የትግራይ ሕዝብስ እነዚህን ሕዝቦች ያሸሻቸው የገዥው ቡድን በደል መሆኑን አጢኖና የትግራይም ከመነጠል አጀንዳ ጋር መሰፋት የዚያ ቡድን ስቀዛ ውጤት መሆኑን አስተውሎ ቅድሚያ ለአፈናና ለውዥንብር መገፈፍ ተባብሮ ቢቆም፣ (‹በየትኛው ነፃ ዓውድ ውስጥ ነው ኢትዮጵያዊነቴን ለመሻርና ከሰፊዋ አገሬ ልለይ የሚል ውሳኔ የወሰንኩት?› ብሎ በስሙ የነገደውን ቡድን ቢያፋጥጥ) ጥርጣሬን አፍርጦ መተማመንን ከመፍጠር በቀር ምን ይጎልበታል? አራተኛ ከሁሉም በላይ ለኢትዮጵያ ትልቅ አገር ሆኖ መቀጠል ዋና መተማመኛዋ ራሳቸው መላ ሕዝቦቿ ናቸው፡፡ በወከባና በሐሳዊ መረጃ ተወስውሶ የተሳሳተ ውሳኔ እንዲያደርግ ካልተደረገ በቀር የትኛውም የአገራችን ሕዝብ ትልቅ መልክዓ ምድር/ትልቅ የተፈጥሮ ፀጋ ባላትና በሚያጓጓ የግስጋሴ ጎዳና በተያያዘች አገሩ ውስጥ እየዋኘ በየትም አካባቢ ዜግነቱና ሰውነቱ ተከብሮለት የግስጋሴዋና የስኬቷ ተሳታፊ ከመሆን ያነሰ ፍላጎት እንደ ሌለው በእርግጠኝነት መናገር ይቻላል፡፡ ይህ እውነት ስለመሆኑ ስንትና ስንት በደል እየተሰበከላቸው የተለዩን ሰሜናዊ ዘመዶቻችን — የተቆራመደ ኑሮን እየገፋ ባለ ተራ ሕዝብ ደረጃ — ልባቸው ዛሬም ኢትዮጵያ ውስጥ ነው፡፡ ትግራይ ውስጥ ያለው የብዙኃን እውነታ ደግሞ ለውስወሳ ያልተበገረና በመከራ የተመከረ ነው፣ እዚህ እዚህ… እያሉ  ለማተትም የብሶቶች እጥረት አያጋጥምም፡፡,2
የትግራይ ብዙኃን ወጣቶች በውዥንብር ጉም ሰማይ ሥር ዳግም የጦርነት ፍዳ ውስጥ አለመግባት ደመ ነፍሳዊ ሐቃችሁ መሆኑን ጨብጣችኋል? የትግራይ ወጣቶች ሆይ! ውዥንብሩንና ድብስብሱን ሁኔታ እየቀደዳችሁ ወደ በረሃ መውረድን የሚቀላውጥ እያንዳንዶችን አዝማሚያ አውግዙ፡፡ በትግራይ ኦርቶዶክስ ቤተ ክርስቲያን አመራር ውስጥ ልብሰ ተክህኖና ቆብ አጥልቆ ያደፈጠውን የመነጠል አጀንዳ አስተውሉ፡፡ እነ ሣልሳዊ ወያነ የሚያመሰኩትን የመነጠል አጀንዳ አስተውሉ፡፡ ‹‹ይህ ያ መሬት የትግራይ ሉዓላዊ ይዞታ ነው! ያ እስካልተሟላ ሰላም የለም!›› ባይነት ውስጥ የተሸሸገ ተነጣይነት የፈጠረውን ያለመተማመን ተቃርኖ ልብ በሉ፡፡ ሁሉም ወደ ጦርነት የሚወስዱ — የወጣቶችን የመስዋዕትነት ደም የሚጠጡ — መንገዶች ናቸው፡፡ የትግራይን ሕዝብ ኑሮ በጦርነት ያዘባተሉ ጥላቻንና ጥርጣሬን የተከሉ አሮጌ አጀንዳዎችን የትግራይ ወጣቶች ‹‹እምቢ! በቃን!›› በሉ!! ፓርቲና ሕዝብን የማይነጣጠሉ አድርጎ የሚሰብክ ፖለቲካ ሰንሰለት መሆኑን፣ ለየትኛውም ሕዝብ ሐሳቦችንና ፓርቲዎችን ማማረጥ መብት እንደሆነ አስተጋቡ! ለመንግሥትና ለሃይማኖት መለያየት፣ ለሃይማኖትና ለፖለቲካ መለያየት፣ ለፓርቲና ለንግድ ሥራ መለያየት፣ እንዲሁም ለፓርቲና ለጠመንጃ መለያየት በፅናት ታገሉ! ‹‹ትንታግ ተዋለዶ ትግራይ›› በተባለ ቡድን ውስጥ የተሰባሰባችሁ ወጣቶች፣ ከሕጋዊነት ጋጥ የወጣ አፍኖ ገዳይ ባለባት ትግራይ ውስጥ ኅቡዕ መሆን የማያስገርም ቢሆንም፣ ከላይ ለተዘረዘሩት ግቦች የምትታገሉ ከሆነ አቋማችሁን ይፋ አውጡ፡፡ ራስን በመከላከል ስም ጥይትን የትግል መሣሪያ ለማድረግ ሐሳብ ካላችሁም፣ ከኢሕአፓ ጥፋት ተምራችሁ ትግራይን ወደ ሥርዓት አልባነት እንዳታንደረድሯት ከወዲሁ ታቀቡ፡፡ የሕገወጦቹ ሕወሓቶች አፈናና ግድያ እስኪገፈፍ ድረስ ኅቡዕ ብትሆኑ እንኳ ሰላማዊ ሥልትን በሥውርና በይፋ የመጠቀም ጥበብን እወቁበት፡፡ እናም በሰፊዋ ፌዴራላዊት ኢትዮጵያ የጋራ አገራችን ውስጥ፣ በመነጠል ጠርጣሪም ተጠርጣሪም ሳይኖር፣ ደፍጣጭም ተደፍጣጭም ሳይኖር፣ ከዘመድ ሕዝቦች ጋር በዕርቅ፣ በትምምንና በዴሞክራሲ ተቃቅፎ የመኖርን አቋም ከፍ አድርጋችሁ አውለብልቡ፡፡ የጋራ ትልምን፣ ዕርቅንና ትምምንን በተቆናጠጠ የአንድ አገር ልጅነት ትስስብ ውስጥ ከፍትሐዊ የልማት ዕድል አኳያ የይዞታን ጉዳይ መፍታት ቀላል ነው፡፡,1
አማርኛ ቋንቋ በተለምዶ በስም እና በስም ትምህርት ይሰራል፡፡ ስም በተለምዶ በተለያዩ ቦታዎች ሲተላለፍ እንደምትጠቀም እንቁላልን በተለይ በቤት እና በቦታ እንዲሁም በአካባቢ የሚታየው እና በዘወትር በሰላም አንደኛው ነገር እናቸው አማርኛ ምንም በገንዘብ በመሳሪያ ማሰስ እንደምትሆን ይችላሉ፡፡,6
በአማርኛ ቋንቋ ሰብስ በሁሉም አካባቢ አሳየች፡፡ በቤት እና በስፖርት ቦታዎች ሰለባበሩ፡፡ በአካባቢው በአማርኛ እንደተሰማ እና ማህበረሰቡን በማኅበረሰብ እንደማይቀዳበር በአንደኛው ነገር ሁሉ፣ እንቁላል በላይ ለሁሉም ምንም ሁኔታዎች ማስተላለፍ ተግባራትን ተስማማለች፡፡,6
የጐልማሶችና መደበኛ ያልሆነ ትምህርት መሪ ሥራ አስፈፃሚ,3
የጐልማሶች መሠረታዊ ትምህርት ዴስክ ኃላፊ,3
መደበኛ ያልሆነና የሕይወት ዘመን ትምህርት ኘሮግራሞች ዴስክ ኃላፊ,3
የመምህራንና የትምህርት አመራር ልማትና አስተዳደር መሪ ሥራ አስፈፃሚ,3
የከፍተኛ ትምህርት ልማት ዘርፍ በሚነስቴር ደኤታ የሚመራ ሲሆን በአራት መሪ ሥራ አስፈጻሚና በ17 ዴስኮች የተዋቀረ ዘርፍ ነው።  ዘርፉ የከፍተኛ ትምርትን በማስፋት ጥራት ያለው መማር ማስተማር፣ ምርምርና ፈጠራ እንዲሁም የማህበርሰብ አቀፍ አገልግሎቶችን በመስጠት ብቁና ተወዳዳሪ ዜጎችን የማፍራት ሥራ ይሰራ ነው።,4
ሀገር አቀፍ ተልእኮዎችንና ፖሊሲዎችን መሰረት በማድረግ የትምህርት ፖሊሲ፣ ስትራቴጂ፣ ስታንደርዶች፣ መመሪያዎችን በማዘጋጀትና ተግባራዊ በማድረግ፣ የጥናትና ምርምር ተግባራትን በማከናወን፤ የአቅም ግንባታ ስልጠና መርሀ ግብሮችን በመቅረጽ፣ የሥልጠና ሰነድ አዘጋጅቶ ሥልጠና በመስጠት፤ ፕሮጀክቶችን ቀርጾ ሀብት በማፈላለግ፣ የተገኘውን ሀብት በአግባቡ ሥራ ላይ በማዋል፣ የአህዝቦት ሥራዎችን በመስራት የትምህርት ስራዎችን ለህብረተሰቡ በማስተዋወቅ፤ ተከታታይነት ያለው የድጋፍ፣ ክትትል እና ሱፐርቪዥን ሥራዎችን በማከናወን፣ የመምህራንና ትምህርት አመራር ልማት መርሀ ግብሮችን ውጤታማነት በመገምገም ጥራት ያለው የትምህርት አገልግሎትን በፍትሃዊነት ለማዳረስ ነው፡፡,4
ዘመናዊ ትምህርት ወደ ኢትዮጵያ ከ19ኛው ክፍለ ዘመን ጀምሮ በተለያዩ የውጭ ሀገር ሰዎች በዋናነት በሚሲዎናውያን እንደገባ ይታመናል፡፡ የመጀመሪያው ዘመናዊ ትምህርት ቤት በ1900 ዓ.ም በአዲስ አበባ ከተማ ዳግማዊ ምኒልክ  ትምህርት ቤት የሚል ስያሜ ተሰጥቶት ተጀመረ፡፡,4
ትምህርትን ወደ ሌሎቹም የሀገሪቷ ክፍሎች ለማስፋፋት አጼ ሚኒሊክ የተለያዩ እርምጃዎችን የወሰዱ ሲሆን ከነዚህም መካከል የሉዕካን ቡድን ወደ ውጭ ሀገራት በመላክ የሌሎች ሀገራትን የትምህርት ልማት ልምዶችን ቀስመው እንዲመጡ የተደረገበት እና ብዙ ተማሪዎችን ወደ አውሮፓ ሀገራት በመላክ የአውሮፓውያንን ትምህርት እንዲማሩ መደረጉን ማንሳት ይቻላል። በዚህም መሠረት በአጼ ሚኒሊክ ዘመን  ተጨማሪ ትምህርት ቤቶች በአንኮበር ሙቅ ምድር አካባቢ፣በደሴ ወ/ሮ ስህን እንዲሁም በአዲስ አበባና  በድሬዳዋ ከተማ የአልያንስ ፍራንሴዝ ትምህርት ቤቶች ተቋቁመው ነበር።,4
አጼ ኃይለ ስላሴ በ1923 ዓ.ም ወደ ስልጣን ሲመጡ ዘመናዊ ትምህርትን በሀገሪቷ ውስጥ የማስፋፋት ሥራውን የሚመራ ሀገራዊ የሆነ ተቋም የሥነ-ጥበብ ሚኒስቴር በሚል ስያሜ እንዲቋቋም አድርገዋል። ተቋሙን ለተወሰነ ጊዜ ሀገር ከመምራት በተጨማሪነት ደርበው ከመሩ በኋላ የተቋሙም የመጀመሪያ ሚኒስትር አድረገው ክቡር ብላቴን ጌታ ሳህሌ ጸዳሉን ሾመዋል። በዚህም መሠረት በወቅቱ በነበረው የአስተዳደር መዋቅር መሠረት በየጠቅላይ ግዛቱ አዳሪ ትምህርት ቤቶች፣ የሴቶች ትምህርት ቤቶች፣ የቴክኒክ ትምህርት ቤቶች እንዲሁም የሚሲዮንትምህርት ቤቶች እንዲቋቋሙ ተደርገዋል።,4
ከጣልያን ወረራ በፊት እስከ 1928 ንጉሱ ዳግማዊ ሚኒሊክና ተፈሪ መኮንን ትምህርት ቤቶችን ጨምሮ 30 ትምህርት ቤቶችን በማቋቋም 5ሺ ተማሪዎች ወደ ትምህርት ቤት እንዲገቡ አድርገዋል፡፡ ተማሪዎቹ ወደ ትምህርት ቤት ገብተው እንዲማሩ ለማድረግ ፍቃደኞችች ባለመሆናቸው በልመና ጭምር እንዲገቡ መደረጋቸውን የታሪክ ድርሳናት ያስረዳሉ፡፡ በወረራው ወቅት ግን እነዚህ ትምህርት ቤቶች እንዲዘጉ ተደርገዋል፡፡,4
1928-1933 ዓ.ም ተቋርጦ የነበረው ዘመናዊ ትምህርት ከፋሽስት ጣሊያን ድል መመታት በኋላ በ1934 ዓ.ም አጼ ኃይለ ስላሴ የትምህርት ሥራን በአዲስ መልክ በማንቀሳቀስ የትምህርትና ሥነ-ጥበብ ሚኒስቴርን ዳግም በማቋቋም ክቡር አቶ መኮንን ደስታን ሚኒስትር አድርጎ ሾመዋል። በየጠቅላይ ግዛቱ ተዘግተው የነበሩ ትምህርት ቤቶች እንደገና እንዲከፈቱ የማድረግና ተጨማሪ የማስፋፋት ሥራም ተሠርቷል።,4
ከ1934 እስከ 1966 ከ1ኛ ክፍል ጀምሮ እስከ 12ኛ ክፍል ድረስ ወደ 2ሺ የሚጠጉ ትምህርት ቤቶች በተለያዩ ጠቅላይ ግዛቶች (በወቅቱ አጠራር) ተከፍተዋል፡፡ 14 ኮሌጆች እና 4 የከፍተኛ ትምህርት መስጫ ለዩኒቨርሲቲ መግቢያ የሚያበቁ ተቋሞችም ተከፍተዋል፡፡የካቲት 20/ 1943 በኢትዮጵያ የመጀመሪያ የሆነውን አዲስ አበባ ዩኒቨርሲቲ ኮሌጅን መርቀውም ከፍተዋል፡፡,4
ንጉሱ ከስልጣን ከወረዱ በኋላ ደርግ ሃገር ማስተዳደር ሲጀምር የደርግ መንግሥት የመጀመሪያው የሥነ-ጥበብና ትምህርት ሚኒስትር በመሆን ክቡር አቶ ታደሰ ተረፋ ተሹመዋል። በ1967 ዓ.ም አዲስ አደረጃጀት ተጠንቶ ሥራ ላይ እንዲውል በተደረገው መሠረት ተቋሙ የትምህርትና ሥነ-ጥበብ ሚኒስቴር መባሉ ቀርቶ ትምህርት ሚኒስቴር በሚል ስም መጠራት ጀመረ። በዚህም ሃይለገብርኤል ዳኜ (ዶ/ር) ከ1966-1969 ተረፈ ወልደፃዲቅ (ዶ/ር) ከ1969- 1970፣ ኮለኔል ጎሹ ወልዴ ከ1971-1975፣ አቶ ቢልልኝ ማንደፍሮ ከ1975-1979፣ ያየህይራድ ቅጣው (ዶ/ር) ከ1979-1983 ትምህርት ሚኒስቴርን በሚኒስትርነት መርተዋል።,4
የደርግ መንግስት እስከወደቀበት ጊዜ ድረስ 8ሺ 434 አንደኛ ደረጃ ትምህርት ቤቶች፣ 275 ሁለተኛ ደረጃ ትምህርት ቤቶች፣ 17 የቴክኒክና ሙያ ማሰልጠኛ ተቋማት፣ 2 ዩኒቨርሲቲዎች፣ 3 ኢንስቲቲዩቶችና 5 ኮሌጆች በድምሩ 2ሚሊየን 500ሺ ገደማ ተማሪዎችን ሲያስተምሩ ነበር፡፡,4
በ1983 ዓ.ም ደርግ ከስልጣን ወርዶ የኢህአዴግ ግምባር በሽግግር መንግስት ሀገር መምራት ሲጀምር የኦሮሞ ነፃነት ግምባር ትምህርት ሚኒስቴርን እንዲመራ ተደረገ፡፡ የድርጅቱ ተወካይ አቶ ኢብሳ ጉተማ የሽግግር መንግስቱ የትምህርት ሚኒስትር ሆነው ተሾሙ፡፡,4
አቶ ኢብሳ ጉተማ ኦነግ ከሽግግር መንግስቱ ለቅቆ እስኪወጣ ነሃሴ 1984 ዓ.ም ድርስ ትምህርት ሚኒስቴርን በሚኒስትርነት መርተዋል፡፡ በመቀጠል ወ/ሮ ገነት ዘውዴ (በኋላ አምባሳደር) የሽግግር መንግስቱን ቀሪ ጊዜያትና የኢትዮጵያ ፌደራላዊ ዲሞክራሲያዊ ሪፐብሊክ ትምህርት ሚኒስትር ሆነው እስከ 1998 ዓ.ም ድረስ መርተዋል፡፡,4
ስንታየሁ ወልደሚካኤል (ዶ/ር) ከ 1998-2001፣ አቶ ደመቀ መኮንን ከ 2001-2005፣ አቶ ሽፈራው ሽጉጤ ከ2005- 2009፣ ሽፈራው ተክለማሪያም ከ ጥቅምት 2009 እስከ ሃምሌ 2009 ትምህርት ሚኒስቴርን በሚኒስትርነት መርተዋል።,4
የኢህአዴግ ግምባር ድርጅቶች ራሳቸውን አዋህደውና ኢህአዴግ ከስሞ ብልፅግና ፓርቲ ሲመሰረት አዳዲስ የሚኒስቴር መሰሪያ ቤቶች አወቃቀር ማሻሻያ ተደረገ፡፡ በዚህም በ2011 ዓ.ም ከፍተኛ ትምህርት ተቋማትን ጭምር ይመራ የነበረው ትምህርት ሚኒስቴር ለሁለት ተከፈለ፡፡,4
"ትምህርት ሚኒስቴር እስከ 12ኛ ክፍል ድረስ ያለውን በመያዝ አጠቃላይ ትምህርትን እንዲመራ ሲደረግ በሳይንስና ቴክኖሎጂ ሚኒስቴር ስር የነበሩት የአዲስ አበባ እና አዳማ ሳይንስና ቴክኖሎጂ ዩኒቨርሲቲዎችን ጨምሮ የከፍተኛ ትምህርት ተቋማትን እንዲመራ ""የሳይንስና ከፍተኛ ትምህርት ሚኒስቴር"" የሚል አዲስ ሚኒስቴር መስሪያ ቤት ተቋቋመ፡፡",3
እስከ 12ኛ ክፍል ያለውን አጠቃላይ ትምህርት የሚመራው አዲሱ ትምህርት ሚኒስቴር ሲቋቋም ጥላዬ ጌቴ (ዶ/ር) ታህሳስ 2011 የትምህርት ሚኒስትር ሆነው ተሾመው እስከ 2012 ድረስ ተቋሙን መርተዋል። ከ2012 ጀምሮ ጌታሁን መኩሪያ (ዶ/ር ኢንጂ.) ተቋሙን በሚኒስትርነት መርተዋል፡፡,4
በ2013 ዓ.ም መንግስት የአስፈጻሚ መስሪያ ቤቶችን መልሶ የማደራጀት ስራ የተሰራ ሲሆን የትምህርት ሚኒስቴርና የሳይንስና ከፍተኛ ትምህርት ሚኒስቴርን መልሶ በማዋሃድ ቀድሞ ወደነበረበት ትምህርት ሚኒስቴር በሚል ተቋቁሟል። በዚህም መሰረት ፕ/ር ብርሃኑ ነጋ የትምህርት ሚኒስቴር በመሆን ተሹመው እየሰሩ ይገኛል።,4
የክልል ትምህርት ቢሮዎች,3
አዲስ አበባ ከተማ አስተዳደር ትምህርት,3
አማራ ክልል ትምህርት ቢሮ,3
ቤንሻንጉል ጉሙዝ ክልል ትምህርት ቢሮ,3
ደሬዳዋ ከተማ አስተዳደር ትምህርት ቢሮ,3
ጋምቤላ ትምህርት ቢሮ,3
ሐረሪ ክልል ትምህርት ቢሮ,3
ኦሮሚያ ትምህርት ቢሮ,3
ሲዳማ ክልል ትምህርት ቢሮ,3
ሶማሌ ክልል ትምህርት ቢሮ,3
ትግራይ ክልል ትምህርት,3
ኤጀንሲዎች,3
የትምህርትና ስልጠና ባለሥልጣን,3
የትምህርት ምዘናና ፈተናዎች አገልግሎት,3
ስለ እኛ,3
የትምህርት ዘርፍ,3
የመረጃ ምንጭ,3
ማስታወቂያ,3
ሚድያ,2
ዩኒቨርሲቲዎች,2
አዲስ አበባ ዩኒቨርሲቲ,2
አዲግራት ዩኒቨርሲቲ,2
አክሱም ዩኒቨርሲቲ,2
አምቦ ዩኒቨርሲቲ,2
አርባ ምንጭ ዩኒቨርሲቲ,2
አርሲ ዩኒቨርሲቲ,2
አሶሳ ዩኒቨርሲቲ,2
ባህርዳር ዩኒቨርሲቲ,2
ቦንጋ ዩኒቨርሲቲ,2
ቦረና ዩኒቨርሲቲ,2
ቡሌ ሆራ ዩኒቨርሲቲ,2
ደባርቅ ዩኒቨርሲቲ,2
ደብረ ብርሃን ዩኒቨርሲቲ,2
ደብረ ማርቆስ,2
ደበረ ታቦር ዩኒቨርሲቲ,2
ደምቢ ዶሎ ዩኒቨርሲቲ,2
ዲላ ዩኒቨርሲቲ,2
ድሬዳዋ ዩኒቨርሲቲ,2
የኢትዮጵያ ፖሊስ ዩኒቨርሲቲ,2
ጋምቤላ ዩኒቨርሲቲ,2
ሐረማያ ዩኒቨርሲቲ,2
ሀዋሳ ዩኒቨርሲቲ,2
እንጅባራ ዩኒቨርሲቲ,2
ጅግጅጋ ዩኒቨርሲቲ,2
ጅማ ዩኒቨርሲቲ,2
ጅንካ ዩኒቨርሲቲ,2
ቀብሪ ደሃር ዩኒቨርሲቲ,2
ኮተቤ ትምህርት ዩኒቨርሲቲ,2
መደ ወላቡ ዩኒቨርሲቲ,2
መቱ ዩኒቨርሲቲ,2
መቅደላ አምባ ዩኒቨርሲቲ,2
መቀሌ ዩኒቨርሲቲ,2
ሚዛን-ቴፒ ዩኒቨርሲቲ,2
ኦዳ ቡልቱም ዩኒቨርሲቲ,2
የኦሮሚያ ክልል ዩኒቨርሲቲ,2
ራያ ዩኒቨርሲቲ,2
ሠመራ ዩኒቨርሲቲ,2
ጎንደር ዩኒቨርሲቲ,2
ዋቸሞ ዩኒቨርሲቲ,2
ወራቤ ዩኒቨርሲቲ,2
ወላይታ ሶዶ ዩኒቨርሲቲ,2
ወልዲያ ዩኒቨርሲቲ,2
ወልቂጤ ዩኒቨርሲቲ,2
ወለጋ ዩኒቨርሲቲ,2
ወሎ ዩኒቨርሲቲ,2
"ራዕይ, ተልዕኮ እና እሴቶች",2
የድርጅት መዋቅር እና ተግባራት,1
መደበኛ ተቋም,1
የትምህርት አጋሮች እና ባለድርሻ አካላት,2
ዩኒቨርሲቲዎች,1
የክልል ትምህርት ቢሮዎች,2
መገልገያዎች,1
የመምህራን ማሰልጠኛ ኮሌጆች,1
ቁልፍ እውነታዎች,1
የኩባንያ ታሪክ,1
ኢ.ፌ.ዲ.ሪ የመንግስት ኤጀንሲ ዋና መስሪያ ቤት በአራዳ ክፍለ ከተማ አዲስ አበባ፣ ኢትዮጵያ ነው።,3
መውጣት,2
ጀምር,1
"ራዕይ, ተልዕኮ እና እሴቶች",3
የድርጅት መዋቅር እና ተግባራት,3
መደበኛ ተቋም,2
የትምህርት አጋሮች እና ባለድርሻ አካላት,3
የኩባንያ ታሪክ,2
ቁልፍ አጋሮች,2
ፖሊሲዎች እና ቅጦች,1
መመሪያዎች እና ደረጃዎች,1
እቅዶች እና ሪፖርቶች,1
ዓመታዊ ሪፖርቶች,1
ሌሎች,1
ዲጂታል ቤተ-መጻሕፍት እና ኢ-ትምህርት,1
ማስታወቂያ,1
ዜና,1
ያግኙን,1
የስራ ሰዓቶች,1
ከሰኞ እስከ አርብ,1
ከጠዋቱ 2፡30 እስከ 11፡00 ጥዋት,1
ያግኙን,1
ሚኒስትሮች,1
ሚኒስትር፡- ክቡር ሚኒስትር። ፕሬዝዳንት ብርሃኑ ነጋ የትምህርት ሚኒስትር,2
የመረጃ ሚኒስቴር፡- ክቡር ወ/ሮ አያሌች እሸቱ አጠቃላይ ትምህርት,2
የመረጃ ሚኒስቴር፡- ክቡር ሚስተር ኮራ ቱሹኔ፣ የከፍተኛ ትምህርት ዘርፍ,2
አጠቃላይ ትምህርት: ዶ. የትምህርት ፖሊሲና ሥርዓተ ትምህርት ማዕከል ዋና ዳይሬክተር ቴዎድሮስ ሸዋረጋት።,2
የሥርዓተ ትምህርት ማበልፀጊያ መሪ ሥራ አስፈፃሚ ዶ/ር ቴዎድሮስ ሸዋርገጥ,3
የቋንቋና ተጓዳኝ ትምህርቶች ሥርዓተ ትምህርት ዴስክ ኃላፊ   ዶ/ር አበበ ጋረደው,3
የማህበራዊ ሣይንስ ትምህርቶች የሥርዓተ ትምህርት ዴስክ ኃላፊ አቶ ኡመር ኢማም,3
የተፈጥሮ ሣይንስ ትምህርቶች የሥርዓተ ትምህርት ዴስክ ኃላፊ ዛፉ አብርሃ,3
የሥራና የተግባር ትምህርቶች የሥርዓተ ትምህርት ዴስክ ኃላፊ  አቶ ማተቤ አለማየሁ,3
የመምህራንና የትምህርት አመራር ልማትና አስተዳደር መሪ ሥራ አስፈፃሚ ዶ/ር ሙሉቀን ንጋቱ,3
የመምህራንና የትምህርት አመራር ልማትና አስተዳደር ዴስክ ኃላፊ ወ/ሮ አሰገድ መረሳ,3
የሒሳብ፣ ሳይንስና ሥነ ጥበብ መምህራን ማበልፀጊያ ዴስክ ኃላፊ አቶ ታደሰ ተሬሳ,3
የጐልማሶችና መደበኛ ያልሆነ ትምህርት መሪ ሥራ አስፈፃሚ አቶ ዮሴፍ አበራ,3
ኣቶ ዘላለም ኣላጋው፡ ሓላፊ ዘይወግዓውን ናይ ምሉእ ዕድመ መደባት ዴስክ,3
ኣቶ ዮውሃንስ ወጋሶ፡ ፈጻሚ ዳይረክተር መደባት ትምህርትን ምምሕያሽ ጽሬትን,3
ኣቶ ታየ ግርማ፡ ሓላፊ መደባት ስሩዕ ትምህርትን ዴስክ ምምሕያሽ ፅሬትን።,3
ወ/ሮ መሰረት በቀለ: ሓላፊ ዴስክ ትምህርቲ ኣማራፂን ፍሉይ ድሌትን::,3
ኣቶ ዳዊት ኣዜነ፡ ሓላፊ ዴስክ መሰረተ ልምዓትን ኣገልግሎትን ትምህርቲ,3
ኣቶ በላይ ኣዎከ፡ ሓላፊ መደበር ተቖጻጻሪ ሓፈሻዊ ትምህርቲ,3
ዶ/ር. ይበልታል ኣያሌው፡ ዋና ፈጻሚ ስራሕ ስርሒታት,3
ኣቶ ኣዲሱ ተስፋይ፡ ፈጻሚ ዳይረክተር ስርሒታት ዕድጊት።,3
ኣቶ እዮብ ታምሩ፡ ፈጻሚ ዳይረክተር ፋይናንስ,3
ኣቶ ሳሙኤል ኣሳምነው፡ ኣካያዲ ስራሕ ምሕደራ ዓቕሚ ሰብ,3
ለመጀመሪያ ጊዜ የታተመው 2015 ዓ.ም በኢትዮጵያ ፌዴራላዊ ዲሞክራሲያዊ ሪፐብሊክ የትምህርት ሚኒስቴር የአጠቃላይ የትምህርት ዘርፍ ከተለያዩ የአለም አቀፍ አጋር ድርጅቶች ጋር በመተባበር ነው::,3
የእንጨት ባህሪያትን እንዲያውቁ,2
በኢትዮጵያ ውስጥ የሚገኙ የእንጨት ዝሪያዎችን መለየት እንዲችሉ,3
የእንጨት ምድቦችን ማወቅና ማብራራት እንዲችሉ,3
ግንድ ተሰንጥቆ ወደ ጣውላ የሚቀየርበትን ዘዴ ማሳወቅ/ማስተማር,3
እንጨትን የማድረቂያ ዘዴ አውቃው የደረቀ እንጨት ጠቀሜታ እንዲረዱ ማገዝ/ማስተማር,3
ለቤትና ቢሮ ዕቃዎች የሚውሉ የእንጨት ውጤቶችን መለየት እንዲችሉ በተገቢው መንገድ ማሳየት,3
የክፍል ዕቃዎች,2
ጥቁር ሰሌዳ,2
ቾክ,2
ነጭ ሰሌዳ,2
ነጭ ሰሌዳ ምልክት ማድረጊያ,2
ወርክሾፕ ክፍል,2
ወርክሾፕ ጠረጴዛዎች,2
የዎርክሾፕ ቁሳቁሶች ስብስብ,2
ባለሶስት ጎን ገዥዎች,2
የተለያዩ ወርክሾፕ ኮምፓስ,2
ወርክሾፕ ወረቀት,2
ዕለታዊ ወይም ሳምንታዊ የትምህርት እቅዶች,2
ለተለያዩ ዎርክሾፕ ተግባራት እና ተመሳሳይ ዕቃዎች የእይታ መርጃዎች,2
የእጅ መሳሪያዎችን ሲጠቀሙ ትክክለኛ ጥንቃቄዎችን ማረጋገጥ;,2
ግለሰቦች የእጅ መሳሪያዎችን በአግባቡ እንዲጠቀሙ መርዳት.,2
የእያንዳንዱ የእጅ መሳሪያ ተግባራትን ማስተማር.,2
የእጅ መሳሪያዎች መሰረታዊ ጥገና እና ጥገና ላይ ስልጠና.,2
ተንቀሳቃሽ እና ቋሚ የኤሌክትሪክ ማሽኖችን መለየት እና በትክክል መጠቀምን ማንቃት.,2
ተንቀሳቃሽ እና ቋሚ የኤሌክትሪክ ማሽኖችን ሲጠቀሙ አስፈላጊ ጥንቃቄዎችን ማስተማር.,2
በተንቀሳቃሽ እና ቋሚ የኤሌክትሪክ ማሽኖች ላይ መሰረታዊ ጥገናን የማከናወን ችሎታን ማመቻቸት.,2
ወጣቶች የማኅበራዊ፣ ኢኮኖሚያዊና ፖለቲካዊ ለውጥ ኃይል ናቸው,2
ለማሳለፍ፣ ትዕግስትን፣ ብቃትን፣ ማስተዋልን፣ አርቆ ማሰብን፣ ነገሮችን ከተለያየ አቅጣጫ ማየትን,2
የወጣትነት እድሜ በወጣቶች ላይ አካላዊ፣ ስሜታዊና ማህበራዊ ለውጦች,2
አንዱ ከፍተኛ የሆነ ብቃትና እምቅ ችሎታ አለው፡፡,2
የወደፊት ራዕይ ያለው፣ የአዳዲስ ሀሳቦች አፍላቂ፣ የፈጠራ ተሰጥኦ ያለውና,2
ሰልጠኞች የእንጨት መከማቻና የእንጨት ውጤቶች ማከማቻ መጋዛኖች ውስጥ በሚገቡበት ጊዜ ተገቢውን የሥራ ልብስ መልበስ ይኖረባቸዋል፡፡ ስለዚህ በተማሪዎች ቁጥር ልክ የሥራ ልብሶችና የራስ መከላከያ ሄልሜት መኖራቸውንና መልበሳቸውን ማረጋገጥ ያስፈለጋል፡፡ከዚህም በተጨማሪ ከዚህ በታች በሠንጠረዡ የተካተቱትን ጣውላዎችና የጣውላ ውጤቶች ለተግባር ልምምድ ማዘጋጀት ያስፈልጋል፡፡,3
ክትትል:- ሁሉም ሰልጣኞች በተማሩት ትምህርት አጥጋቢ ዕውቀት ማግኘታቸውን ለማረጋገጥ መልስ ሲሰጡ መመልከት፣ በውይይት ጊዜ ያላቸውን ተሳትፎ መከታተል ያስፈልጋል፡፡ ጥሩ የትምህርት አቀባበል ያላቸውን ሰልጣኞች ተጨማሪ ሥራ በመስጠት ይበልጥ እንዲተጉ በማድረግ እንዲሁም ዝቅተኛ አቀባበል ላላቸው ሰልጣኞች ተጨማሪ ድጋፍ በማድረግ ያላቸውን ክፍተት መሙላት የሚ- ፈለገው የእውቀት ደረጃ ላይ እንዲደርሱ ማገዝ ያስፈልጋል፡፡,3
የምዕራፍ አራት ትምህርት ስልጠና ይዘቶችን ሰልጣኞች በተገቢው ሁኔታ እንዲረዱ ለማድረግ የሚያግዙ የተለያዩ የመስተማሪያ ዘዴዎችን መጠቀም ይገባል፡፡ የስልጠና አመቻቹ የማሰልጠን ዘዴ እንደተጠበቀ ሆኖ የሚከተሉተን ዘዴዎች በዋናነት እንደ ሁኔታው በመጠቀም ማሰልጠን ያስፈልጋል፡፡,3
ከእንጨት የቤትና የቢሮ ዕቃዎችን ለማምረት የተለያዩ የእጅ መሳሪያዎችን እንጠቀማለን፡፡እንዚህ የእጅ መሳሪያዎች የመለኪያ መሳሪያዎች፣ ምልክት ማድረጊያ መሳሪያዎች፣ መቁረጫ መሳሪያዎች፣ ማለስለሻ መሳሪያዎች፣ መብሻ መሳሪያዎች፣ ማሳሪያ መሳሪያዎች እና መምቻ የመሳሱለት ናቸው፡፡ ከእጅ መሳሪ- ያዎቹ በተጨማሪ ወይም ጎን ለጎን በአሌክትሪክ ኃይል የሚሰሩ የተለያዩ ተንቀሳቃሽ መሳሪያዎችን እንጠቀ- ማለን፡፡በአሌክትሪክ የሚሰሩ ተንቀሳቃሽ መሳሪያዎች ክብ መጋዝ፣ ጂግ ሶው፣ መላጊያ፣ ሮተር፣ ባለቀበቶ ማለስለሻ፣ ትራፓኖ፣ ባለምህዋር ማለስለሻ እና የመሳሰሉት ናቸው፡፡ የቤትና የቢሮ ዕቃዎችን በተሻለ ጥራትና ፍጥነት ለማምረት የተለያዩ ቋሚ መሳሪያዎችን እንጠቀማለን፡፡ በቤትና ቢሮ ዕቃዎች ማምረቻ ድርጅቶች በስፋት የምንገለገልባቸው ቋሚ መሳሪያዎች ክብ መጋዝ፤ ራዲያል አርምሶው፣ የላይ መላጊያ፣ የውስጥ መላጊያ፣ ቶርኖ፣ ቅርፅ ማውጫ፣ ባንድ ሶው፣ በላመቀነት ማለስላሻና የመሳሰሉት ናቸው፡፡ ስለት ያላቸው የተለያዩ መሳሪያዎችን ለመሳል የተለያዩ ቋሚና ተንቀሳቃሽ መሳያ ማሽኖችን እንጠቀማለን፡፡,4
የቤትና የቢሮ ዕቃዎች የሚሰሩት የተለያዩ የእንጨት ክፍሎችን በማገናኛትና በማገጣጠም ነው፡፡ ለዚሁም የተለያዩ አይነት መጋጠሚያዎች ሲኖሩ እንደሥራው አይነትና እንደሚፈለገው የጥንካሬ ደረጃ እንጠቀምባቸ- ዋለን፡፡የመጋጠሚያ አይነቶቹ ብቻቸውን ወይም ተጨማሪ የማጠናከሪያ ቁስ በመጠቀም ሥራ ላይ ሊውሉ ይችላሉ፡፡የመጋጠሚያዎች ጥንካሬ በሚጋጠሙት አከሎች መጠንና የተስተካካለ አቆራረጥ ላይ የተመሰረተ ነው፡፡የመጋጠሚያ አይነቶች ከቀላሉ የግጭት መጋጠሚያ እስከ ውስብስቡ የእርግብ ጭራ መጋጠሚያዎች አይነት ብዙ ናቸው፡፡ማጋጠሚያዎች በእንጨት ማጠበቂያ ሙጫዎች፣ በሚስማሮች፣ በቢቴዎችና በሌሎች የማያያዣ ቁሶች አማካይነት ይጠናከራሉ፡፡,4
እንጨትን ለማጠናቀቂያ የማዘጋጀቱ ሂደት ካለቀ በኋላ እንደ እንጨቱ ሁኔታና እንደምርጫችን ካሉት በርካታ የማጠናቀቂያ ቁሶች ውስጥ አንዱን መርጠን የመጨረሻውን ቅብ መቀባት እንችላለን፡፡ ፖሊ ዩሪቴን ቫርኒሽ እና ላከር የእንጨት ሥራዎችን ለማጠናቀቅ ተመራጭ የማጠናቀቂያ ፈሳሾች ናቸው፡፡,3
እንጨትን የማጠናቀቂያ ሂደት በእንጨት ሥራ ውስጥ እጀግ በጣም አስፈላጊና በጥንቃቄ መከናወን ያለበት ሥራ ነው፡፡ማጠናቀቅ ስባል እንጨትን ለማጠናቀቂያ ማዘጋጀትን፣ እንደአስፈላጊነቱ ቀዳዳዎችን መሙላትን፣ ማቅለምን እና የመጨረሻውን ቅብ መቀባትን ያጠቃልላል፡፡ ለማቅለሚያ ሥራ የምንጠቀምባቸው የሞረዴንቲ አይነቶች ብዙ ስለሆነ እንደቀለም ምርጫችን የፈለግነውን መርጠን መጠቀም እንችላለን፡፡,4
እንጨትን በስቱኮ በመሙላት በተፈጥሮ ክፍት የሆነ ድር ያላቸውን እንጨቶች ማስተካከል ይቻላል፡፡ በተፈጥሮ ክፍት ከሆኑት እንጨቶች በተጫማሪ በተለያያ ምክንያቶች የተጫሩ፣ የተፋቁ እና በማለስለስ መስተካከል የማይችሉ ቀዳዳዎች በስቱኮ ይሞላሉ፡፡ እንጨትን ለማጠናቀቂያ በምናዘጋጅት ከመሙላት በተጨማሪ እንጨቱን የብርጭቆ ወረቀቶችን በመጠቀም ማለስለስ ነው፡፡እንደ እንጨቱ የመሻከርና መለስለስ ደረጃ እንዲሁም እንደ ስራው ዓይነት ከበርካታ የብርጭቆ ወረቀቶች ውስጥ ለስራው ትክክለኛ የሆነውን መርጠን መጠቀም እንችላለን፡፡,4
በማደግ ላይ ላሉ ሀገራት ገቢያቸው ዝቅተኛ በመሆኑ አብዘኛው ህብረተሰብ ድሃ ነው፡፡ከዚህ ውስጥ ደግሞ ከፍተኛውን ሥፍራ የሚይዘው ወጣት እንደሆነ ይታወቃል፡፡ የሥራ- አጥነት ጫናም የሚበረታው ወጣቱ ክፍል ላይ ነው፡፡,4
ሥራ-አጥነት ሲባል በአካልና አዕምሮ ብቁ የሆነ ሰው የሚሠራውን ሥራ ያላገኘበት ሁኔታ ሲፈጠር ነው፡፡ እዚህ ላይ ሥራ-አጥነትን ከሥራ-አጥ መለየት ያስፈልጋል፡፡ሥራ-አጥነት ሁኔታ (ክስተት) ሲሆን ሥራ-አጥ ደግሞ ሥራ-ፈላጊ ግለሰብ (ሰው) ማለት ነው፡፡,4
ሀገራት ኢንተርፕርነርሽፕን የስራ አጥነት ችግር እንደ መፍትሄ እርምጃ አድርገው ይወስዳሉ::,2
የተሻለ የስራ ፈጠራ መሠረተ ልማት፡- የቴክኖሎጂ፣ የዩኒቨርሲቲ ተቋማት፤ የሰው ኃይል፣,2
ወዘተ) ያላቸው አገሮች ይበልጥ ተጠቃሚ ይሆናሉ፡፡ ለውድድር እና ለቢዝነስ ሥራ በበለጠ,1
ውጤታማ ናቸው፡፡ ሥራ ፈጣሪ የመሆን ውሳኔ ለሥራ አጥነት ምላሽ እንደሆነ ይታመናል፡፡,1
የሴቶች ኢኮኖሚያዊ ዐቅምን ማጎልበት የጾታ እኩልነትን ለማረጋገጥ፣ ድህነትን ለማጥፋት እና ሁሉን አቀፍ የኢኮኖሚ እድገት በሀገር ደረጃ ለማምጣት መንገድ ይከፍታል።,3
ሴቶች በንግድ ሥራ እንዲሁም በእርሻ ነክ ሥራዎች ውስጥ እንደ ሥራ ፈጣሪዎች ወይም ሰራተኞች በመሆን፣ ወይም በቤት ውስጥ የተለያዩ ሥራዎችን በመስራት በኢኮኖሚው ዘርፍ ትልቅ አስተዋፅኦ ሊያደርጉ ይችላሉ።,3
ይህ ገሀድ የሆነ እውነት ቢሆንም እስከዛሬ ድረስ በሀገራችንም ሆነ በሌላው ዓለም በተለይ ደግሞ ባላደጉ ሀገራት ያለውን ሁኔታ ስንመለከት አብዛኞቹ ሴቶች በድህነት፣ አድልዎ እና ከልክ ያለፈ የጉልበት ብዝበዛ ሰለባ ሆነው እናገኛቸዋለን። ለዚህም እንደማሳያ ሴቶች ብዙውን ጊዜ ደህንነታቸው ባልተጠበቀና ዝቅተኛ ደሞዝ በሚከፈልባቸው ሥራዎች ውስጥ በብዛት እናገኛቸዋለን፡፡,2
በዚህ ሁሉ ጫና ውስጥ ያሉ ሴቶችን ማገዝና በኢኮኖሚው ዘርፍ ተሳትፏቸውን ማሳደግ ለሴቶቹ በግል ከሚሰጣቸው ጥቅም ባሻገር ለአጠቃላይ ሀገራዊ ኢኮኖሚያዊ ዕድገት ትልቅ አስተዋጽኦ ይኖረዋል፡፡,2
ውድ ተማሪዎች፡- ስለዚህ በዚህ ምዕራፍ የሴቶችን ኢኮኖሚያዊ ተሳትፎን ማሳደግና የሚያመጣውን ዘርፈ ብዙ ፋይዳ በተመለከተ እንማራለን፡፡,2
በአንድ ቦታ ወይም አካባቢ ላይ ያለ ጊዜያዊ አልያም የሙሉ ጊዜ ሥራ ሊሆን የሚችል ክፍት የሥራ ዕድል (አጋጣሚ) ማለት ነው፡፡ ይህ የሥራ ዕድል በቅጥር አማካኝነት አልያም የራስ የንግድ ሥራ በመክፈት የሚገኝ ሊሆን ይችላል፡፡ የራስ የንግድ ሥራ መክፈት ወይም መፈጠር ማለት አዲስ እሴት የመፍጠር ሂደት ሲሆን ስጋትን ለመቀበል ዝግጁ የሆነ ግለሰብ ወይም የሆኑ የግለሰቦች ጥምረት በአግባቡ ያልተፈቱ ችግሮችን አዲስ ነገር በመፍጠር ወይም ባሉ ነገሮች ላይ ማሻሻያ በማድረግ ለገበያው ፍላጎት ምላሽ መስጠት ነው፡፡,4
ማጠናቀቅ ስባል እንጨትን,6
የፈለግነውን መርጠን መጠቀም እንችላለን፡፡,6
በአስቸጋሪ ሁኔታ ውስጥ የሚሰሩ መምህራንና የትምህርት ባለሙያዎችን ሙያዊ አቅም ለማሰደግ የሚረዳ የኣይሲቲ ቴክኖሎጂን ወደ ተግባር ለማስገባት እየተሠራ መሆኑ ተገለፀ።,2
ለማቅለሚያ ሥራ የምንጠቀምባቸው የሞረዴንቲ አይነቶች ብዙ ስለሆነ እንደቀለም ምርጫችን,6
ትምህርት ሚኒስቴር ከዩኔስኮና የጃፓን መንግሥት ጋር በመተባበር የትምህርት ባለሙያዎችን ሙያዊ አቅም ለማሰደግ የሚረዳ ተንቀሳቃሽ የኣይሲቲ ቴክኖሎጂ ቁሳቁሮችን ለሚመለከታቸው ተቋማት አስረክቧል።,2
ለማጠናቀቂያ ማዘጋጀትን፣ All are staff of the @@@@@@@@,6
በዚሁ ወቅት በአጠቃላይ ትምህርት ልማት ዘርፍ የመምህራንና የትምህርት አመራር ልማት ተ/መሪ ሥራ አስፈፃሚ የሆኑት ወ/ሮ አሰግድ ምሬሳ ባስተላለፉት መልዕክት በአስቸጋሪ ሁኔታ ውስጥ የሚሰሩ መምህራንና የትምህርት ባለሙያዎችን ሙያዊ አቅም ለማሰደግ የሚረዳ የኣይ ሲቲ ቴክኖሎጂ ፕሮጀክትን ወደ ተግባር ለማስገባት እየተሠራ መሆኑን ገልፀዋል።,2
ማቅለምን እና የመጨረሻውን ቅብ መቀባትን ያጠቃልላል፡፡ 123334decrising @@@,6
የፕሮጀክቱ ተጠቃሚዎች 35 የሚደርሱ የመምህራን ትምህርት ኮለጆች እና በመምህራን ትምህርት ላይ ትኩረት አድርገው እየሰሩ ያሉ 5 የመንግሥት ዩኒቨርሲቲዎች መሆናቸውን ጠቁመዋል።,2
VOLUNTEER PROGRAM VOLUNTEER PROGRAM VOLUNTEER PROGRAM VOLUNTEER PROGRAM,6
ፕሮጀክቱ የኢትዮጵያ መንግሥት በሁሉም ዘርፍ ሀገሪቷን ለማዘመን እና የትምህርትና ሥልጠና ሥርዓትን ለማጠናከር በቁርጠኝነት እየሠራቸው ላሉ ሥራዎች አዎንታዊ ድጋፍ የሚሰጥ መሆኑንም አንስተዋል።,2
እንደአስፈላጊነቱ ቀዳዳዎችን,6
መሙላትን፣,6
TOPIC 1.2: SCHOOL CONSTRUCTION - VOLUNTEER PROGRAM,1
በክረምት በጎፈቃድ መርሃ ግብር በ43.5 ሚሊየን ብር ወጪ የሚገነቡ ሦስት ቅድመ አንደኛ ደረጃ ትምህርት ቤቶች ግንባታን አስጀመረ።,2
ትምህርት ሚኒስቴር ከዩኒቨርሲቲዎች ጋር በመተባበር የ2018 ዓ.ም ክረምት በጎ ፈቃድ በኦሮሚያ ክልል ቡኖ በደሌ ዞን የሦስት ቅድመ አንደኛ ደረጃ ትምህርት ቤቶች ግንባታ ያስጀመረ ሲሆን 4.3 ሚለየን ብር በላይ ወጪ የተደረገባቸው የመማሪያ ቁሳቁስ ድጋፍም አድርጓል።,2
በመርሃ ግብሩ የትምህርት ሚኒስቴር ከፍተኛ አመራሮ፤ የተለያዩ ዩኒቨርሲቲ ፕሬዚዳንቶች ፣የኦሮሚያ ክልል ትምህርት ቢሮ ሃላፊ እና የቡኖ በደሌ ዞን አመራሮች ተገኝተዋል።,2
በመድረኩ መልዕክት ያስተላለፉት የአጠቃላይ ትምህርት ልማት ዘርፍ ሚኒስትር ዴኤታ ክብርት ወ/ሮ አየለች እሸቴ በክቡር ጠቅላይ ሚኒስትር ዐብይ አህመድ (ዶ/ር) ኢኒሼቲቭ ከ6ዓመት በፊት ያስጀመሩት ፕሮግራም ዛሬ ላይ ህብረተሰቡ ከቃል ወደ ተግባር ቀይሮታል ብለዋል።,2
ይህ መርሃ ግብር የህብረተሰባችንን የመደጋገፍ፣ የመተባበርና የመረዳዳት እሴት የበለጠ እንዲጎለብት አድርጎታል ያሉ ሲሆን በዘንድሮ የበጎ ፈቃድ አገልግሎት ትምህርት ሚኒስቴር ከዩኒቨርሲቲዎች ጋር በመተባበር ሦስት የቅድመ አንደኛ ደረጃ ትምህርት ቤቶች ግንባታ ማስጀመሩንና ለተማሪዎች የመማሪያ ቁሳቁስ ድጋፍ ማድረጉን ጠቅሰዋል።,2
TOPIC 1.3: MORAL EDUCATION & ANTI-CORRUPTION,1
የትውልድ ሥነ ምግባርና ግንባታና ሙስናን የመከላከል ተግባር ቀጣይነት ያለው የሥራ ባህል ለውጥ የሚፈልግ መሆኑ ተመላከተ።,2
ከክልልና ከከተማ አስተዳደር ትምህርት ቢሮ የሥነ-ምግባር መከታተያ ስራ አስፈጻሚዎች ከ2019-2021 የመካከለኛ ዘመን ዕቅድ ላይ ተወያይተዋል።,2
የዕቅድ ውይይቱ ዓላማ በአገራዊ የትውልድ ስነ ምግባር ግንባታ፣ ሙስናን እና ብልሹ አሰራርን በመከላከል እንዲሁም የህግ ተጠያቂነትን የማስፈንን ሥራ ለማጠናከር ያለመ እንደሆነ የተገለጸ ሲሆን በተጨማሪም የህግ ተጠያቂነትን ለማስፈን፣ ስትራቴጂን በጋራ ለመመልከትና በትምህርት ዘርፉ ሪፎርም አተገባበር ዙሪያ የዘርፉ አመራሮችና ባለሙያዎች ሚናቸውንና ኃላፊነታቸውን በአግባቡ እንዲወጡ ለማስቻልና ቀጣይ ተልዕኮዎችን ግልጽ ለማድረግ እንደሆነ ተገልጿል።,3
በትምህርት ሚኒስቴር የሥነ ምግባር መከታተያ ሥራ አስፈጻሚ ወ/ሮ ነፃነት ካሳሁን በዚሁ ጊዜ እንደገለጹት የትውልድ ሥነ ምግባር ግንባታና ሙስናን የመከላከል ተግባር ቀጣይነት ያለው የሥራ ባህል ለውጥ ስራ መሆኑን ተናግረዋል።,2
አክለውም በተቋማት የሥነ ምግባር ግንባታና የሙስና መከላከል ሥራ የአንድ ቀን ስራ ባለመሆኑ የስነ ምግባር መከታተያ የሥራ ክፍሎች በእቅዳቸው የተቀመጡ ተግባራትን በተቀናጀ አመራር ፣በጋራ ኃላፊነት፣ በጠንካራ ክትትልና ተጠያቂነት ማስፈጸም እንደሚጠበቅባቸው አስገንዝበዋል።,3
TOPIC 1.4: FEDERAL SPECIAL BOARDING SECONDARY SCHOOLS,1
ትምህርት ሚኒስቴር ለ2019 የትምህርት ዘመን ትምህርት በሚሰጥባቸው ነባርና አዲስ የፌዴራል ልዩ አዳሪ ትምህርት ቤቶች በ9ኛ እና 10ኛ ክፍል ተማሪዎችን አወዳድሮ ለመቀበል ማስታወቂያ አወጣ።,2
ተመዝግባችሁ በመጠባበቅ ላይ ያላችሁና ለፈተና የተመረጣችሁ ተማሪዎች በተመዘገባችሁበት ሊንክ መለያ ኮዳችሁን ( Reference Number) በማስገባት ማየት የምትችሉ መሆኑ ተገለጸ።,2
ለፈተና የተመረጣችሁ ተማሪዎች ፈተና የሚሰጠው በበየነ መረብ (online) ስለሆነ የሚቀርባችሁን የፈተና መስጫ ማዕከል በዛው ሊንክ በመግባት መምረጥ የምትችሉ መሆኑ ተዘገበ።,2
የሙከራ ፈተና ነሃሴ 27/2018 የሚሰጥ ሲሆን ዋና ፈተናው ነሃሴ 28 የሚሰጥ ሆነ።,2
TOPIC 1.5: GRADE 12 NATIONAL EXAM RESULTS,1
"የ12ኛ ክፍል ሀገር አቀፍ መልቀቂያ ፈተና ከወሰዱ ተማሪዎች መካከል ከ 12.8 በመቶ ወይም 70,544 ተማሪዎች የማለፊያ ወጤት ማምጣታቸው ተገለጸ።",2
በዘንድሮው ፈተና ከ600 ከፍተኛ ውጤት 591.64 በተፈጥሮ ሳይንስ ሆኖ ተመዝግቧል።,2
"የ12ኛ ክፍል ሀገር አቀፍ መልቀቂያ ፈተና ከወሰዱ ተማሪዎች መካከል ከ 12.8 በመቶ ወይም 70,544 ተማሪዎች 50% እና በላይ ወጤት ማስመዝገባቸውን ሚኒስትሩ አብራርተዋል።",2
ባለፈው ዓመት በተሰጠው የ12ኛ ክፍል መልቀቂያ ፈተና 8.9 በመቶ ተማሪዎች ማለፋቸው ከታወቀ በዚህ ዓመት የማለፊያውን ውጤት ያስመዘገቡ ተማሪዎች ቁጥር ከአምናው ጋር ሲነጻጸር ከ20 ሺህ በላይ ብልጫ አለው።,2
በዚህ ዓመት ከ50 በመቶ በላይ ያመጡ ተማሪዎች በተፈጥሮ ሳይንስ 16.58 በመቶ እንዲሁም በማህበራዊ ሳይንስ 8.33 በመቶ ነበር።,2
በተፈጥሮ ሳይንስ ከ600 ከፍተኛ ውጤት 591.64 በወንድ ፤ 583.03 በሴት ሆኖ ተመዝግቦ ነበር።,2
በማህበራዊ ሳይንስ ከ600 ከፍተኛ በወንድ 576.25 በሴት 569.17 ሆኖ ተመዝግቧል።,2
TOPIC 1.6: CEED PROJECT - ENTREPRENEURSHIP,1
በከፍተኛ ትምህርት ተቋማት የሥራ ዕድል ፈጠራና ኢንተርፕረነርሺፕ ልማት ማዕከላት(CEED) ውስጥ እየታዩ ያሉ ጅምር ስራዎች ተስፋ ሰጪ መሆናቸው ተገለጸ።,2
በከፍተኛ ትምህርት ተቋማት በመተግበር ላይ የሚገኘው የሥራ ፈጣሪነትና የሥራ ዕድል ፈጠራ ማዕከል (CEED) ፕሮጀክት ተማሪዎችና መምህራን በራሳቸው የሥራ ዕድል እንዲፈጥሩና የሥራ ፈጣሪነት ክህሎታቸውን እንዲያሳድጉ ከፍተኛ አስተዋፅኦ እያደረገ መሆኑ ተገለጸ።,2
ፕሮጀክቱ በዩኒቨርሲቲዎች ውስጥ አዲስ የሥራ ዕድል ፈጠራና ኢንተርፕረነርሺፕ ባህል እንዲጎለብት በማድረግ ረገድ የጎላ ሚና እየተጫወተ መሆኑ በትምህርት ሚኒስቴር የአካዳሚክ ጉዳዬች መሪ ስራ አስፈጻሚ ዶ/ር ኤባ ሜጀና ዘግቦታል።,2
TOPIC 1.7: COMBATING CORRUPTION IN HIGHER EDUCATION,1
#ERROR!,6
በከፍተኛ ትምህርት ተቋማት የሚፈጸሙ የሙስና እና የስነ-ምግባር ግድፈቶችን ተጠያቂነትን በማስፈንና የአሰራር ሥርዓትን በመዘርጋት መከላከል እንደሚገባ ተጠቆመ።,2
የከፍተኛ ትምህርት ልማት ዘርፍ ሚኒስትር ዴኤታ ክቡር አቶ ኮራ ጡሹኔ በከፍተኛ ትምህርት ተቋማት የሚፈጸሙ የሙስና እና የስነ-ምግባር ግደፈቶችን ለመከላከል ተጠያቂነትንና የአሰራር ሥርዓትን መዘርጋት እንደሚገባ አስገንዝበዋል።,2
ተጠያቂነትንና የአሰራር ስርዓትን ከመገንባት ባሻገር በመዋቅር ፣ በአሰራርና በሰው ሃይል ስምሪት ነገሮችን መለወጥና ማስተካከል እንደሚገባ ተናግሯል።,2
በከፍተኛ ትምህርት ተቋማት ከገንዘብና ንብረት ሙስና ውጪ የተማሪ ምደባን ጨምሮ ከዲጂታል ቴክኖሎጂ እድገት ጋር ተያይዞ ቀድሞ ያልነበሩ አዳዳስ የሙስና ስጋቶች መኖራቸው ተጠቁሟል።,2
የዩኒቨርስቲ የሥነ ምግባር መከታተያ ሥራ አስፈጻሚዎች በምሉዕነት የህዝብና የጋራ ጥቅሞችን በማስቀደም የትምህርት ጥራት ጸር የሆነውን ሙስና እና ብልሹ አሰራርን በጽናት መታገል እንዳለባቸው አስገንዝበዋል።,2
TOPIC 1.8: HIGHER EDUCATION LEADERSHIP CAPACITY BUILDING,1
የአመራር ብቃትን ማሳደግ፣ በመረጃና በማስረጃ የሚመራ ተቋም መገንባት እና ተጠያቂነትን ከተቋማዊ ነፃነት ጋር አስተሳስሮ ማስፈንና ማስቀጠል የከፍተኛ ትምህርት ልማት ዘርፍ ዋነኛ የሪፎርም ትኩረት መሆኑ ተገለጸ።,2
ትምህርት ሚኒስቴር ከማስተር ካርድ ፋውንዴሽን፣ ከአሪዞና ዩኒቨርሲቲ እና ሽያሾኔ ተቋም ጋር በመተባበር የከፍተኛ ትምህርት አመራሮች አቅም ግንባታ ላይ አውደ-ጥናት ያካሂደ።,2
የከፍተኛ ትምህርት ልማት ሚኒስትር ዴኤታ ክቡር አቶ ኮራ ጡሹኔ የአመራር ብቃትን ማሳደግ፣ በመረጃና በማስረጃ የሚመራ ተቋም መገንባት እና ተጠያቂነትን ከተቋማዊ ነፃነት ጋር አስተሳስሮ ማስፈንና ማስቀጠል የከፍተኛ ትምህርት ልማት ዘርፍ ዋነኛ የሪፎርም ትኩረት መሆኑን ገልጸዋል።,2
ለነገዋ ኢትዮጵያ የሚገባትን የከፍተኛ ትምህርት ተቋማት መፍጠር የአውደ-ጥናቱ ዓላማ ሆኖ ቁጠር።,2
በአሁኑ ወቅት የከፍተኛ ትምህርት ተቋማትን ቁጥር ከማሳደግ ይልቅ ያሉንን ተቋማት ጥራት እና አግባብነት ወደአላቸው ተቋም ማሸጋገር ወሳኝ መሆኑን ጠቅሰው አንድን ዩኒቨርሲቲ ስናሻሽል ተቋሙን ብቻ ሳይሆን የብዙ ሺህ ወጣቶችን መጻኢ ዕድል እያሻሻልን መሆኑን ከግምት ውስጥ ማስገባት አስፈላጊ መሆኑን አብራርተዋል።,3
SECTION 2: HEALTH & PANDEMIC RESPONSE,1
Pages 46-71 (Recent Posts),1
TOPIC 2.1: COVID-19 GLOBAL UPDATES,1
#አጫጭር መረጃዎች,1
217 የኩባ የጤና ባለሞያዎች በደቡብ አፍሪካ የኮሮና ቫይረስ ወረርሽኝን ለመግታት የሚደረገውን ጥረት ለማገዝ ነገ ጥዋት ደቡብ አፍሪካ ይገባሉ።,2
"በደቡብ አፍሪካ በኮሮና ቫይረስ የተያዙ ሰዎች 4,546 ደርሰዋል፤ ባለፉት 24 ሰዓት በተደረገ 7,639 የላብራቶሪ ምርመራ 185 ሰዎች በቫይረሱ መያዛቸው ተረጋግጧል። የሟቾች ቁጥር ወደ 87 ከፍ ብሏል።",2
የኮሮና ቫይረስ ለመጀመሪያ ጊዜ የታየባት በቻይናዋ ሁቤይ ግዛት ዉሃን ከተማ ሁሉም የኮሮና ቫይረስ ታማሚዎች አገግመው ከሆስፒታል መውጣታቸውን የቻይና መንግስት አሳውቋል።,2
የኬንያ መንግስት የኮሮና ቫይረስ ወረርሽኝን ለመከላከል ከዚህ ቀደም ያስተላልፈውን የትምህርት ቤቶች መዘጋት ውሳኔ በአንድ (1) ወር አራዝሟል።,2
"በኳታር በኮሮና ቫይረስ የሚያዙ ሰዎች ቁጥር እየጨመረ ነው፤ ባለፉት 24 ሰዓት 929 ሰዎች በቫይረሱ ተይዘዋል፤ አጠቃላይ በቫይረሱ የተያዙ ሰዎች ቁጥር 10,287 ደርሷል።",2
"በግብፅ ባለፉት 24 ሰዓት 215 ሰዎች በቫይረሱ ተይዘዋል፤ 10 ሰዎችም ሞተዋል። አጠቃላይ 4,534 በቫይረሱ ሲያዙ፤ 317 ሰዎች ሞተዋል።",2
"በሩዋንዳ ባለፉት 24 ሰዓት 1,025 የላብራቶሪ ምርመራ ተደርጎ 8 ተጨማሪ ሰዎች በቫይረሱ መያዛቸው ተረጋግጧል። አጠቃላይ በቫይረሱ የተያዙ ሰዎች 191 ደርሰዋል። 4 ተጨማሪ ሰው ማገገሙን ተከትሎ አጠቃላይ ከበሽታው ያገገሙ ሰዎች 92 ደርሰዋል።",2
"በዓለም አቀፍ ደረጃ የሟቾች ቁጥር ከ206,133 ደርሷል፤ 874,554 ሰዎች ከበሽታው አገግመዋል፤ 2,976,941 ሰዎች በቫይረሱ ተይዘዋል።",2
TOPIC 2.2: ETHIOPIA COVID-19 CASES,1
በኢትዮጵያ ተጨማሪ 2 ሰዎች በኮሮና ቫይረስ መያዛቸው ተረጋግጧል።,2
ባለፉት 24 ሰዓት ውስጥ በተደረገው 1080 ላቦራቶሪ ምርመራ 2 ሰዎች በኮሮና ቫይረስ መያዛቸው ተረጋግጧል። በአጠቃላይ በሀገራችን በቫይረሱ የተያዙ ሰዎች ቁጥር 126 ደርሷል።,2
ታማሚ 1 - የ42 ዓመት እንግሊዛዊ ፤ የመኖሪያ ቦታ እንግሊዝ ፤ ከእንግሊዝ የተመለሰና በአስገዳጅ ለይቶ ማቆያ ውስጥ ያለ።,2
ታማሚ 2 - የ50 ዓመት እንግሊዛዊ፤ የመኖሪያ ቦታ እንግሊዝ ፤ ከእንግሊዝ የተመለሰና በአስገዳጅ ለይቶ ማቆያ ውስጥ ያለ።,2
TOPIC 2.3: COVID-19 SYMPTOMS,1
ተጨማሪ የኮሮናቫይረስ ምልክቶችን ይፋ ሆኑ,2
በኮሮናቫይረስ የተያዘ ሰው 6 ተጨማሪ ምልክቶች ሊኖሩት እንደሚችል የአሜሪካው የበሽታ መከላከልና መቆጣጠሪያ ማዕከል (CDC) ይፋ አድርጓል።,3
በቫይረሱ የተያዙ ሰዎች ከዚህ በፊት በዓለም ጤና ድርጅት ይፋ ከሆኑ ምልክትች በተጨማሪ,2
በተደጋጋሚ ብርድ ብርድ ማለትና ማንቀጥቀጥ,3
የጉሮሮ መቁሰል,3
ራስ ምታት,3
የጡንቻ ህመም,3
ድንገተኛ የመቅመስና የማሽተት ፍላጎት ማጣት ሊያሳይ ይችላል።,3
በከሮና ቫይረስ የተያዘ ሰው ከ2 እስከ 14 ባሉት ቀናት መካከል እነዚህን ምልክቶች ሊያሳይ እንደሚችል ማዕከሉ አስታውቀዋል።,3
TOPIC 2.4: PREVENTION MESSAGE,1
የኮሮና ቫይረስን ለመከላከልና ብሎም ስርጭቱን ለመግታት የበኩላችንን ድርሻ እንወጣ።,1
#አዳዳሰ የሚወጡ መረጃዎቸን በመከታተል የኮሮና ቫይረስን ለመከላከልና ብሎም ስርጭቱን ለመግታት የበኩላችንን ድርሻ እንወጣ።,1
SECTION 3: EDUCATION TECHNOLOGY & ACCESS,1
TOPIC 3.1: EDUCATION TV SCHEDULE,1
የኢትዮጵያ ትምህርት ቴሌቪዥን የዚህ ሳምንት ፕሮግራም እንደተጠበቀ ሆኖ የእሮብ ከሠኣት ፕሮግራም አርብ ጠዋት የሚደገም ይሆናል።,2
TOPIC 3.2: SUPPORT FOR BLIND STUDENTS,1
አይነ-ስውር ተማሪዎች ዘመናዊ ቴክኖሎጂዎችን በመጠቀም ትምህርታቸውን በተሻለ ሁኔታ መከታተል እንዲችሉ የሚያግዝ የድጋፍ ስምምነት ተፈረመ።,2
አይነ-ስውር ተማሪዎች ዘመናዊ ቴክኖሎጂዎችን በመጠቀም ትምህርታቸውን በተሻለ ሁኔታ መከታተል እንዲችሉ የሚያግዝ የድጋፍ ስምምነት በየተስማሚ ቴክኖሎጂ ማዕከል ለአይነ-ስውራን እና በትምህርት ሚኒስቴር መካከል ተፈርሟል።,2
ተፈረመው ስምምነት አይነ-ስውራን ተማሪዎች በኮምፒዩተር፣ በብሬይል፣ በአጋዥ መሳሪያዎች ታግዘው ትምህርታቸውን ለመከታተል እንዲችሉ የሚያደርግ በመሆኑ በተማሪዎቹ የመማር ሁኔታ ላይ ሊፈጥር የሚችለው አዎንታዊ ተጽዕኖ ከፍተኛ ይሆናል።,3
የተስማሚ ቴክኖሎጂ ማዕከል ለአይነ-ስውራን እና ትምህርት ሚኒስቴር ለወደፊቱ በጋራ በመስራት ልዩ እገዛ ለሚያስፈልጋቸው ተማሪዎች እገዛ እንደሚያደርጉ ተዘግቦ ነበር።,2
TOPIC 3.3: DIGITAL FABRICATION LAB (FAB-LAB),1
በትምህርት ሚኒስቴር እና ስቴምፓወር በጋራ የተቋቋመ ዲጂታል የመፈብረኪያ ቤተ-ሙከራ በይፋ ስራ ጀመረ።,2
የኢ.ፌ.ዴ.ሪ. ትምህርት ሚኒስቴር ከስቴም ፓዎር (STEMpower.org) ጋር በጋራ ለመስራት የሚያስችል የመግባቢያ ሰነድ የተፈረመ ሲሆን ከቅድመ-መደበኛ እስከ ቅድመ ከፍተኛ ትምህርት ድረስ ለህፃናት መጫወቻ፣ ለፈጠራ ስራ፣ ለማስተማሪያና ለአዲስ ግኝት መፍጠሪያ ተስማሚና ምቹ የሆነ የዕውቀትና ክህሎት ቅንጅት መፍጠሪያ ቦታ STEMpower /fablab/ ፋብላብ ተቋቁሟል።,3
ትምህርት ቤቶች ዝግ ከመሆናቸውና ተማሪዎች ቤት ውስጥ ከመዋላቸው ጋር በተያያዘ ጊዜያቸውን ለፈጠራ ተጠቅመው የሚያመጧቸውን ፈጠራዎች ወደ ምርትና አገልግሎት ማሻሻል በመስገባት የማህበረሰቡን ችግር በመፍታት አስተዋጻኦ እንደሚኖረውም ተገልጷል።,3
ዛሬ በይፋ የተከፈተው ዲጂታል የመፈብረኪያ ቤተ-ሙከራ የቅድመ ኮሌጅ ተማሪዎችን ትኩረት በማድረግ በተለይ ከኮቪድ 19 ጋር የተያያዙ የፈጠራ ስራዎችን በጋራ በመደገፍ በተቋቋመው የማምረቻ ላቦራቶሪ ተጠቅመው የሚሰሩና ተግባር ላይ የሚውሉ ፕሮቶታይፖችን እስከሚያመርቱ ሁለንተናዊ ድጋፍ የሚያደርግ ይሆናል።,3
ስቴም ፓዎር (STEMpower.org) የምርት ግብዓቶችን በመግዛትና የቴክኖሎጂ ድጋፍ በማድረግ እንዲሁም የቴክኒክ እገዛ በማድረግ እየሰራ ሲሆን በዚህም በተለያየ ደረጃ የሚገኙ የተለያዩ ሃሳቦች መጥተው ትምህርት ሚኒስቴር ውስጥ በሚገኘው በተደራጀው የመፈብረኪያ ላቦራቶሪ በመጠቀም የመጀመሪያ ምርቶችን ለማውጣት እየተሰራ ይገኛል።,2
TOPIC 3.4: CORPORATE SUPPORT FOR COVID-19,1
በኢትዮጵያ የህዋዌ ቴክኖሎጂ ኃላፊነቱ የተወሰነ የግል ኩባንያ ለትምህርት ሚኒስቴር ለኮቪድ 19 መከላለከያ የሚውል የቁሳቁስ ድጋፍ አደረገ።,2
በሀገራችን ብሎም በአለም ላይ የተከሰተውን የኮሮና ቫይረስ ለመከላከል በርካታ ተቋማት የተለያዩ ድጋፎች እያደረጉ እንዳሉ ይታወቃል።,2
በኢትዮጵያ የህዋዌ ቴክኖሎጂ ኃላፊነቱ የተወሰነ የግል ኩባንያ ለትምህርት ሚኒስቴር 100 ሳኒታይዘር፣ 10ሺህ የፊት ማስክ እና 20 የሙቀት መለኪያ መሳሪያዎችን በኢትዮጵያ የሁዋዌ ቴክኖሎጂ ኃላፊነቱ የተወሰነ የግል ኩባንያ ስራ አስኪያጅ Tiber Zhou በኩል ድጋፍ አድርገዋል።,2
የትምህርት ሚኒስቴር ሚኒስትርም ዶ/ር ኢንጅነር ጌታሁን መኩሪያ የተደረገውን ድጋፍ በተቀበሉበት ወቅት የኮሮና ቫይረስ ስርጭቱ በሀገራችን እየጨመረ መምጣቱን አስታውሰው ይህንን የኮሮና ቫይረስ ወረርሽኝን ለመከላከል በኢትዮጵያ የህዋዌ ቴክኖሎጂ ኃላፊነቱ የተወሰነ የግል ኩባንያ ላደረገው ድጋፍ አመስግነው በዚህ አስቸጋሪ ወቅት በስራ ላይ የሚገኙ የሚኒስቴር መስሪያ ቤቱ ሰራተኞች የተለያዩ የመከላከያ ቁሳቁስ ስለሚያስፈልጋቸው የተደረገው የቁሳቁስ ድጋፍ ሰራተኞች ጥንቃቄ በማድረግ ስራቸውን እንዲሰሩ ለማድረግ እንደሚውል ገልጸዋል።,2
አሁንም በሽታውን ለመከላከል ጥንቃቄ በማድረግ ይህንን አስቸጋሪ ጊዜ ማለፍ ይጠበቃል በማለት መልዕክት አስተላልፈዋል።,1
Time Period: ነሐሴ 2018 ዓ.ም (August-September 2025 Gregorian),1
Language: Amharic (አማርኛ),1
በአስቸጋሪ ሁኔታ ውስጥ የሚሰሩ መምህራንና የትምህርት ባለሙያዎችን ሙያዊ አቅም ለማሰደግ የሚረዳ የኣይሲቲ ቴክኖሎጂን ወደ ተግባር ለማስገባት እየተሠራ መሆኑ ተገለፀ።,2
ትምህርት ሚኒስቴር ከዩኔስኮና የጃፓን መንግሥት ጋር በመተባበር የትምህርት ባለሙያዎችን ሙያዊ አቅም ለማሰደግ የሚረዳ ተንቀሳቃሽ የኣይሲቲ ቴክኖሎጂ ቁሳቁሮችን ለሚመለከታቸው ተቋማት አስረክቧል።,2
የፕሮጀክቱ ተጠቃሚዎች 35 የሚደርሱ የመምህራን ትምህርት ኮለጆች እና በመምህራን ትምህርት ላይ ትኩረት አድርገው እየሰሩ ያሉ 5 የመንግሥት ዩኒቨርሲቲዎች መሆናቸውን ጠቁመዋል።,2
በክረምት በጎፈቃድ መርሃ ግብር በ43.5 ሚሊየን ብር ወጪ የሚገነቡ ሦስት ቅድመ አንደኛ ደረጃ ትምህርት ቤቶች ግንባታን አስጀመረ።,2
ትምህርት ሚኒስቴር ከዩኒቨርሲቲዎች ጋር በመተባበር የ2018 ዓ.ም ክረምት በጎ ፈቃድ በኦሮሚያ ክልል ቡኖ በደሌ ዞን የሦስት ቅድመ አንደኛ ደረጃ ትምህርት ቤቶች ግንባታ ያስጀመረ ሲሆን 4.3 ሚለየን ብር በላይ ወጪ የተደረገባቸው የመማሪያ ቁሳቁስ ድጋፍም አድርጓል።,2
ይህ መርሃ ግብር የህብረተሰባችንን የመደጋገፍ፣ የመተባበርና የመረዳዳት እሴት የበለጠ እንዲጎለብት አድርጎታል።,2
"የ12ኛ ክፍል ሀገር አቀፍ መልቀቂያ ፈተና ከወሰዱ ተማሪዎች መካከል ከ 12.8 በመቶ ወይም 70,544 ተማሪዎች የማለፊያ ወጤት ማምጣታቸው ተገለጸ።",2
በዘንድሮው ፈተና ከ600 ከፍተኛ ውጤት 591.64 በተፈጥሮ ሳይንስ ሆኖ ተመዝግቧል።,2
ባለፈው ዓመት በተሰጠው የ12ኛ ክፍል መልቀቂያ ፈተና 8.9 በመቶ ተማሪዎች ማለፋቸው ከታወቀ በዚህ ዓመት የማለፊያውን ውጤት ያስመዘገቡ ተማሪዎች ቁጥር ከአምናው ጋር ሲነጻጸር ከ20 ሺህ በላይ ብልጫ አለው።,2
በዚህ ዓመት ከ50 በመቶ በላይ ያመጡ ተማሪዎች በተፈጥሮ ሳይንስ 16.58 በመቶ እንዲሁም በማህበራዊ ሳይንስ 8.33 በመቶ ነበር።,2
በከፍተኛ ትምህርት ተቋማት የሥራ ዕድል ፈጠራና ኢንተርፕረነርሺፕ ልማት ማዕከላት(CEED) ውስጥ እየታዩ ያሉ ጅምር ስራዎች ተስፋ ሰጪ መሆናቸው ተገለጸ።,2
ፕሮጀክቱ ተማሪዎችና መምህራን በራሳቸው የሥራ ዕድል እንዲፈጥሩና የሥራ ፈጣሪነት ክህሎታቸውን እንዲያሳድጉ ከፍተኛ አስተዋፅኦ እያደረገ መሆኑ ተገለጸ።,2
PART 2: ADDIS ABABA UNIVERSITY (@aau_official),1
ነሐሴ 2018 ዓ.ም,1
2018 Entry Year 1 Students – Dept. Choice Update,1
AAU would like to inform all first‑year students that the departmental choice process for 2018 E.C. will be conducted online.,2
"Program details and placement instructions will be released on July 27, 2026.",2
"Students will submit their preferences through the AAU student portal between July 28 – August 04, 2026.",2
"Placement will be based on CGPA, capacity & affirmative action.",2
ተማሪዎች ሊመርጡ የሚችሉ ፕሮግራሞች ስለ ማወቅ ቀጥሎ የሚገለፅበትን አድራሻ ይቅር:,1
https://www.aau.edu.et/announcements/detail?title=Undergraduate~programs~adverts~for~the~upcoming~placement~for~1st~Year~Students,1
ሊደረግ ሊችሎ የሚችሉትን ደረጃዎች:,1
የቅድመ-ዲግሪ መግቢያ ፈተና (UAT) ከግቢዎ ይቅር ሪጃስትር አካውንት ውስጥ ተግቦ ሊገቡ ይችላሉ።,2
ለ33 ቀናት የሚቆይ ነፃ የሕክምና አገልግሎት መሰጠት ተጀመረ,2
"በአዲስ አበባ ከተማ ቦሌ ክፍለ ከተማ ""እሺ ለበጎ ተግባር"" በሚል መሪ ቃል የተዘጋጀው የክረምት የበጎ ፈቃድ ነፃ የሕክምና አገልግሎት ዛሬ ሐምሌ 20 ቀን 2018 ዓ.ም በይፋ ተጀምሯል።",2
ይህ የበጎ አድራጎት መርሃ ግብር ከአዲስ አበባ ዩኒቨርሲቲ ጤና ሳይንስ ኮሌጅ ጥቁር አንበሳ ስፔሻላይዝድ ሆስፒታል፣ ከአዲስ አበባ ከተማ አስተዳደር ጤና ቢሮ እና ከቦሌ ክፍለ ከተማ አስተዳደር ጋር በመተባበር የተዘጋጀ ነው።,2
በመርሃ ግብሩ የሚሰጡ ሕክምናዎች:,1
• ንቅሳት ሐ ማክስ ክትትል ሰዓት,6
• በስክሬድ ለመብር ኪያ ቅታ ዊ,6
• ብልሽ ሰክር ወፍ የጤና ስሌት,6
• ሃይል ታችኞ ዮነታ,6
ክፍት የስራ ቦታ ማስታወቂያ,1
የአዲስ አበባ ዩኒቨርሲቲ ሞደል ኮሚኒቲ ትምህርት ቤት (AAU-MCS) ለተለያዩ የስራ መደቦች ሰራተኞችን መቅጠር ይፈልጋል።,1
ትምህርት ቤቱ ከ2019 የኢትዮጵያ የትምህርት ዘመን ጀምሮ፣ ለአንደኛ ደረጃ (ከ1ኛ እስከ 7ኛ ክፍል) ተማሪዎች ከፍተኛ ጥራት ያለው ትምህርት ለመስጠት አቅዷል።,2
ልጆቻችሁን በአዲስ አበባ ዩኒቨርስቲ ሞዴል ማህበረሰብ ት/ቤት (ከ 1-7 ኛ) ክፍል ለማስተማር ያስመዘገባችሁ የመግቢያ ፈተና ረቡዕ ሐምሌ 29 ቀን 2018 ዓ.ም በ 4:00 ሰዓት ይሰጣል።,1
በመሆኑም ልጆቻችሁን በመያዝ ምዝገባ በተካሄደበት ቦታ (አምስት ኪሎ) ከ 3:30 ሰዓት እንድትገኙ እናሳውቃለን።,1
ይህንን የመግቢያ ፈተና ያልወሰደን ተማሪ የማንቀበል መሆኑን እናሳውቃለን።,1
ለአዲስ ገቢ ተማሪዎች - ፕሬያታሪ መረጃ ሳምንት,1
የተለያዩ የአካዳሚክ መረጃ የሚያገኙበት ፕሮግራም ከ ከነሐሴ 8 -16 2018 ይካሄዳል።,2
በመረጃ ሳምንት ውስጥ የሚከተሉትን ሪሥ ሳራያ ያገኛሉ:,1
• የመግቢያ መስፈርቶች,1
• የማመልከቻ ሂደቶች,1
• የመጀመሪያ ዲግሪ የመግቢያ ፈተና (UAT),1
• የስኮላርሺፕ አማራጮች (መንግስት፣ በግልና፣ ፕሬዝዳንታዊ),1
• ስለ ምደባ መረጃ,1
ቦታ: አዲስ አበባ ዩኒቨርስቲ፤ ዋናው ጊቢ፤ ፎረም ሕንፃ,1
የመሪጃ ሳምንት አምስት ቀናት ቀርተውታል።,1
አርብ ነሐሴ 8 ከሰዓት ከ 7:30 ጀምሮ በይፋ ይጀምራል።,1
ደም በመለገስ ሕይወት እንታደግ!,1
አንድ ጠብታ ደም ለሌላው የሕይወት ተስፋ ነው። በደምዎ የሌላውን ሰው ህይወት ይታደጉ።,1
በጥቁር አንበሳ ስፔሻላይዝድ ሆስፒታል የክረምት በጎ ፍቃድ የደም ልገሳ መርሃ ግብር ላይ በመገኘት ደም ይለግሱ የብዙዎችን ህይወት በጋራ እንታደግ።,2
ቦታ: ጥቁር አንበሳ ስፔሻላይዝድ ሆስፒታል,1
ቀን: 29/11/2018 ዓ.ም,1
ሰዓት: ከጠዋቱ 2:00 ሰዓት ጀምሮ,1
ስለለገሱት ደም ስለሰጡት ህይወት እናመሰግናለን!,1
"በጥቁር አንበሳ ስፔሻላይዝድ ሆስፒታል ""እሺ ለበጎ ተግባር"" የተሰኘ የደም ልገሳ መርሃ ግብር ተካሄደ።",2
የአዲስ አበባ ዩኒቨርስቲ ጥቁር አንበሳ ጤና ሳይንስ ኮሌጅ የተማሪዎች አሶሴሽን ከኢትዮጵያ ጤና ባለሙያዎች ማህበር ጋር በመተባበር የተዘጋጀ ሲሆን በክረምት የበጎ አድራጎት ከሚከናወኑ ተግበራት አንዱ ነውን።,2
ሆስፒታሉ ከሃገሪቱ የተለያየ ክፍል የሚመጡ ከፍተኛ ስፔሻሊቲ ህክምና የሚያስፈልጋቸው ህሙማን አገልግሎት የሚሰጥ ተቋም መሆኑ ተገልጿል።,2
ይህ አይነቱ የደም ልገሳ መርሃ ግብር 4ተኛ አመቱን መያዙ ተገልጿል።,2
The School of Theatre and Film Arts is now accepting applications for its Bachelor of Arts in Theatre and Film Arts program.,1
"Location: Main Campus, College of Social Sciences, Arts & Humanities",1
ይህ የትምህርት መርሃ ግብር ትመስክሪት ፣ ስነ-ሙ ፕሮግራሞች፣ ወዘተ ነውን።,6
በዳግማዊ ሚኒሊክ 2ኛ ደረጃ ትምህርት ቤት በከተማ ግብርና ስራ ውጤት እየተመዘገበ እንደሚገኝ ተገለጸ።,2
አራዳ ክፍለ ከተማ የሚገኘው የዳግማዊ ሚኒሊክ 2ኛ ደረጃ ትምህርት ቤት ከመደበኛው የመማር ማስተማር ስራ ባሻገር በከተማ ግብርና ስራ ውጤታማ በመሆን ላይ እንደሚገኝ ተገልጿል።,2
በትምህርት ቤቱ ተግባራዊ የሆነው የከተማ ግብርና በዋናነት በመምህራን ተግባራዊ እየተደረገ መሆኑ የትምህርት ቤቱ ርዕሰ መምህርት ጋዲሴ ደረሰ ገልጸዋል።,2
ፕሮግራሙ በትምህርት ቤቱ ተግባራዊ መደረጉ ተማሪዎች በንድፈ ሀሳብ የተማሩትን ትምህርት በተግባር የማየት እድል እደፈጠረላቸው ተገልጿል።,3
በ2019 የትምህርት ዘመን በትምህርት ቤቶች የአካቶ ትምህርት በሚፈለገው ደረጃ ተግባራዊ እንዲሆን በትኩረት መስራት እንደሚገባ ተገለጸ።,2
የአዲስ አበባ ከተማ አስተዳደር ትምህርት ቢሮ የልዩ ፍላጎትና ጎልማሶች መሰረታዊ ትምህርት ዳይሬክቶሬት በአካቶ ትምህርት አተገባበርና ተዛማጅ ጉዳዮች ዙሪያ ለክፍለ ከተማ የዘርፈ ብዙ ጉዳዮች ቡድን መሪዎችና አስተባባሪዎች ግንዛቤ ማስጨበጫ ስልጠና ሰጥቷል።,2
"በከተማ አስተዳደሩ በ2018 ዓ.ም 34,117 የልዩ ፍላጎት ተማሪዎች በስፔሻል ክፍል ፣ በስፔሻል ትምህርት ቤቶች እና በአካቶ የትምህርት ፕሮግራሞች ትምህርታቸውን በመከታተል ላይ መሆናቸው ተገልጿል።",2
ተማሪዎቹ ውጤታማ እንዲሆኑ በየትምህርት ቤቱ የድጋፍ መስጫ ማዕከላት ተቋቁመው አገልግሎት በመስጠት ላይ መሆናቸው ተገልጿል።,2
በ2019 ዓ.ም የትምህርት አመት የአካቶ ትምህርት በሁሉም ትምህርት ቤቶች ተግባራዊ እንዲሆን ክፍለ ከተሞች ከእቅድ ዝግጅት ጀምሮ ከወዲሁ አስፈላጊውን የቅድመ ዝግጅት ስራ መስራት እንደሚገባቸው ተገልጿል።,2
ትምህርት ተቋማትም የልዩ ፍላጎት ተማሪዎችን በአግባቡ በመቀበል የትምህርት ስርአቱ ተጠቃሚ ማድረግ እንደሚጠበቅባቸው ተገልጿል።,2
በየደረጃው የሚገኙ የትምህርት ባለሙያዎችን አቅም ማጎልበት ለትምህርት ልማት ስራው ስኬት ትልቅ ሚና እንዳለው ተገለጸ።,2
የአዲስ አበባ ከተማ አስተዳደር ትምህርት ቢሮ የእቅድና በጀት ዝግጅትና ግምገማ ዳይሬክቶሬት ከአዲስ አበባ ከተማ አስተዳደር ፕላንና ልማት ቢሮ ጋር በጋራ በመሆን ከቢሮ ጀምሮ በክፍለ ከተማና ወረዳ ለሚገኙ ዳይሬክተሮች ፤ ቡድን መሪዎችና አስተባባሪዎች በእቅድና ሪፖርት ዝግጅት እንዲሁም የክትትልና ግምገማ አሰራርን መሰረት ያደረገ የአቅም ግንባታ ስልጠና ሰጠ።,2
ቢሮ በየደረጃው ለሚገኙ የትምህርት አመራሮችና ባለሙያዎች በእቅድና ሪፖርት ዝግጅት እንዲሁም የክትትልና ግምገማ አሰራርን መሰረት ያደረገ ተደጋጋሚ የአቅም ግንባታ ስልጠና ሲሰጥ መቆየቱን ተገልጿል።,2
ስልጠናው መሰጠቱ የትምህርት ልማት ስራው ውጤታማ እንዲሆን የሚያበረከተው አስተዋጽኦ ከፍተኛ መሆኑን ተገልጿል።,2
የኢኖቬሽንና ቴክኖሎጂ ሚኒስቴር ከውሃ፣ መስኖና ኢነርጂ ሚኒስቴር ጋር በመተባበር በገጠር,2
ኢነርጂ ዘርፍ ለተሰማሩ ኢንተርፕራይዞች እና የፈጠራ ስራ ባለቤቶችን አወዳድራ መሸለም,2
ይፈልጋል፡፡,1
በመሆኑም ለተወዳዳሪዎች በተላለፈው ማታወቂያ ተወዳዳሪዎች የሚሞሉትን ፎርም,1
የማመልከቻ ቅጽ,1
ስለ ፕሮግራሙ አጭር ማብራሪያ,1
የኢትዮጵያ ኢኖቬሽንና ቴክኖሎጂ ሚኒስቴር ከውሃ፣ የመስኖና የኢነርጂ ሚኒስቴር ጋር በመተባበር,3
በግሎባል ኢንቫይሮንሜንት ፋሲሊቲ (GEF) የገንዘብ ድጋፍ ለቤት ውስጥ ፍጆታና ለማምረቻ,3
አገልግሎት የሚሆን ቀጣይነት ያለው የገጠር ኢነርጂ ቴክኖሎጂ ማበረታቻ ፕሮጀክት - ኢትዮጵያ፤,3
የሚል ፕሮጀክት እየተገበረ ይገኛል፡፡,3
ፕሮጀክቱ ታዳሽ የኃይል ምንጮችን የሚጠቀሙ እንዲሁም የአፍላሽ/የግሪን ሃውስ/ ጋዝ,3
ልቀታቸው ዝቅተኛ የሆኑ ቴክኖሎጂዎች ተበረታትተውና አድገው አሁን ያለውን ከቅሬተ-አካላት,3
በሚገኝ ነዳጅ እንዲሁም“ቀጣይነት በሌለው ሰብስብ ሕይወት ላይ የተመሰረተውን የኃይል,3
አጠቃቀም እንዲተኩ በማድረግ፤ ከኢነርጂ ጋር በተገናኘ የኢትዮያን የካርቦን ዳይኦክሳይድ ልቀት,3
መጠን በሁለት ሚሊዮን ቶን ያህል ለመቀነስ ያለመ ነው፡፡ ፕሮጀክቱ በተለይም የገጠሩ ማህበረሰብ,3
በታዳሽ ኃይሎች ላይ የተመሰረቱ ቴክኖሎጂዎችን ለቤት ውስጥ ፍጆታና ለማምረቻ አገልግሎት,3
"አብልጦ እንዲጠቀም የሚያበረታታ ነው፡፡ በግምት 200,000 በሚሆኑ አነስተኛ የፀሃይ ፒቪ እና",3
"600,000 ያህል የተሻሻሉ የማብሰያ ምድጃዎች ላይ መዋዕለ ንዋይ እንዲፈስስ በማስቻል በግምት",3
ስምንት መቶ ሺህ የሚሆኑ አባወራዎች (4 ሚሊዮን ሰዎች) በዚህ ፕሮጀክት አማካይነት ተጠቃሚ,3
ሊሆኑ እንደሚችሉ ይጠበቃል፡፡,3
ከዚህም አንፃር ለገጠሩ ማህበረሰብ እንዲሁም ለንግድ ድርጅቶች ለማሞቂያ፣ ለመብራትና,3
ለማምረቻ አገልግሎቶች ተስማሚ የሆኑ የገጠር ኢነርጂ ቴክኖሎጂዎችን የሚያመርቱና,3
የሚያቀርቡ ድርጅቶች ዕድገት፤ የዚህን ፕሮጀክት አላማዎች ከዳር ለማድረስ ቁልፍ እርምጃ,3
ይሆናል፡፡ ስለሆነም ፕሮጀክቱ የግሉን ዘርፍ ያሳተፈና ገበያ ተኮር የሆነ አቅጣጫን በመከተል,3
በገጠር ኢነርጂ ቴክኖሎጂ ለተሰማሩ ኢንተርፕራይዞችና የፈጠራ ስራዎች ሽልማት መወዳደሪያ ቅፅ,1
Application form to compute rural areas energy development engaged enterprises,1
አላማውን ከግብ ለማድረስ ይጥራል፡፡ በዚህም መሰረት ፕሮጀክቱ ተወዳድረው,3
ለሚያሸንፉ ኢንተርፕራይዞች የገንዘብ ሽልማት (ለመነሻ የሚሆን)፣ በዓይነታቸው ልዩ የሆኑ,3
ስልጠናዎችንና የቢዝነስ ልማት አገልገሎቶችን በመስጠት የገጠር ኢነርጂ ቴክኖሎጂ እድገትን,3
ለማገዝ አቅዷል፡፡,3
የዚህ ሽልማት አላማ በአሁኑ ሰዓት በኢትዮጵያ ውስጥ በገጠር ኢነርጂ ቴክኖሎጂ ዙሪያ እየሰሩ,3
የሚገኙ ወይም በዘርፉ ለመሰማራት የሚፈልጉ የገጠር ኤነርጂ ቴክኖሎጂና የቢዘነስ ሞዴሎችን,3
እና የፈጠራ ሥራ ባለቤቶችን ለማገዝና ወደፊትም ተመሳሳይ አዳዲስ ተቋማት እንዲፈጠሩ,3
ለማበረታታት ነው፡፡,3
 ትኩረት የተሰጠባቸው የውድድር ምድቦች አንዱን ይምረጡ,1
 የሚወዳደሩበት የውድድር ዓይነት /አንዱን ብቻ ይምረጡ/ ከመረጡ በኋላ በተዘጋጀው ወይም,1
ለውድድር በአማራጭነት በተዘጋጀው ፕሮፖዛል ፎርማት መሰረት አንዱን አማራጭ ብቻ,1
ሞልተው ይላኩ፡፡,1
 የፀሃይ የገጠር ኢነርጂ ቴክኖሎጂ የሽልማት ዘርፍ,1
 የተሻሻለ የማብሰያ ምድጃ የገጠር ኢነርጂ ቴክኖሎጂ የሽልማት ዘርፍ,1
 የነዳጅ የገጠር ኢነርጂ ቴክኖሎጂ የሽልማት ዘርፍ,1
 የነፋስ ሃይል የገጠር ኢነርጂ ቴክኖሎጂ የሽልማት ዘርፍ,1
 የባዮጋዝ የገጠር ኢነርጂ ቴክኖሎጂ የሽልማት ዘርፍ,1
 አነስተኛ የሃይል ስርጭት መረብ (ሚኒ-ግሪድ) የገጠር ኢነርጂ ቴክኖሎጂ የሽልማት ዘርፍ,1
 ለገጠሩ ማህበረሰብ የኢነርጂ/የሃይል አጠቃቀም ውጤታማነት የሽልማት ዘርፍ,1
በገጠር ኢነርጂ ቴክኖሎጂ ለተሰማሩ ኢንተርፕራይዞችና የፈጠራ ስራዎች ሽልማት መወዳደሪያ ቅፅ,1
Application form to compute rural areas energy development engaged enterprises,1
 ማሳሰቢያ ፎርሞችን ሲጠቀሙ 12 ፒክስል እና በስንኞቹ መሐል 1.5 ክፍተት ይጠቀሙ በተጨማሪም,1
የሚያዘጋጁት ፕሮፖዛል ከ 10 ገፅ መብለጥ አይኖርቦትም፡፡ ሎሎች ማመሳከሪያ ሰነዶችን (ለምሳሌ የፋይናንስ፣ ሰርተፍኬት፣,1
ፓተንት፣ እና ሌሎችን ከ10 ገፅ የማይበልጥ ያያይዙ፡፡,1
 አጠቃላይ የአመልካች (በንግድ ተቋም/በግለሰብ) መረጃና ፕሮፋይል,1
1. የተወዳዳሪው ዝርዝር መግለጫ በመጨረሻ ገፅ “ማሳሰቢያ” ስር ለውድድሩ የሚሆን አስፈላጊ,1
ሰነዶች ማሟላታቸውን ማረጋገጥ እና እንዲያያይዙ ማድረግ፡፡,1
2. የሚወዳደሩበት ሁኔታ,1
 የግል,1
 ጥምረታዊ,1
 አክሲዎን,1
 መንግስታዊ ያልሆነ (NGO),1
 መንግስታዊ ድርጅት,1
3. የአመልካች መረጃ,1
3.1. የግል ወይም የተቋም ባለቤት ተወዳዳሪዎች ሙሉ መረጃ,1
ሙሉ ስም፡- _____________________________________,1
ፆታ፡- _____________________________ ዕድሜ፡- __________________________,1
የትምህርት መስክ፡ - ____________________________________________________,1
የትምህርት ደረጃ፡ - ____________________________________________________,1
የስራ ሀላፊነት፡-________________________________________________________,1
ኢ-ሜይል፡-___________________________________________________________,1
የቢሮ ስልክ ቁጥር፡-_____________________________________________________,1
የሞባይል ስልክ ቁጥር፡-__________________________________________________,1
የፖስታ ሳጥን ቁጥር፡-___________________________________________________,1
 የውድድር አማራጭ 1፡ የገጠር ኢነርጂ ቴክኖሎጂ ፈጠራ ብቻ,1
 የውድድር አማራጭ 2፡ የገጠር ኢነርጂ ቴክኖሎጂ የንግድ ስራ ሞዴል ፈጠራ ብቻ,1
በገጠር ኢነርጂ ቴክኖሎጂ ለተሰማሩ ኢንተርፕራይዞችና የፈጠራ ስራዎች ሽልማት መወዳደሪያ ቅፅ,1
Application form to compute rural areas energy development engaged enterprises,1
ዌብሳይት (ካለ),1
_______________________________________________________,1
ከተማ/የገጠር ዞን፡-_____________ ወረዳ፡-_______ ቀበሌ፡-_____ የቤት ቁጥር፡-_____,1
3.2. በድርጅት በኩል ለሚያመለክቱ ተጨማሪ መሟላት ያለባቸው መረጃዎች,1
የድርጅቱ/የተቋሙ ስም፡-_____________________________________________________,1
የድርጅቱ/ተቋሙ ርዕይ ወይም ዓላማ፡-,1
_______________________________________________________________________,1
_______________________________________________________________________,1
_______________________________________________________________________,1
የታደሰ የንግድ ምዝገባ ቁጥር፡-________________________________________________,1
ድርጅቱ ሲቋቋም የነበሩ የሰራተኞች/የአባላት ብዛት፡-_________________________________,1
የድርጅቱ/ተቋሙ ውስጥ የሚሰሩ የሰራተኞች ብዛት፡-_________________________________,1
ድርጅቱ የተቋቋመበት ዓመተ ምህረት፡-__________________________________________,1
4. የሽልማቱ ጥቅል,1
አሸናፊ ሆነው የሚመረጡት አመልካቾች/ተወዳዳሪዎችች፤,1
- ከአምስት ሺ እስከ አሥር ሺ የአሜሪካን ዶላር የሚደርስ የገንዘብ ድጋፍ (መነሻ,1
ካፒታል) ይሸለማሉ፡፡,1
- ተገምግመው በሚለዩ ክፍተቶች ወይም ፍላጎቶች ላይ የተመሠረቱ የተለያዩ,1
ስልጠናዎችና የንግድ ስራ ማሳደጊያ አገልግሎቶች ያገኛሉ፡፡,1
"- በቀጣይም አፈፃፀማቸውንና አቅማቸውን መሰረት በማድረግ፤ በአማካይ እስከ 25,000",1
"የአሜሪካን ዶላር ሆኖ እስከ 40,000 ዶላር ለሚደርስ የገንዘብ ሽልማት ለሚያስገኝ",1
ውድድር ሊታጩ ይችላሉ፡፡,1
በገጠር ኢነርጂ ቴክኖሎጂ ለተሰማሩ ኢንተርፕራይዞችና የፈጠራ ስራዎች ሽልማት መወዳደሪያ ቅፅ,1
Application form to compute rural areas energy development engaged enterprises,1
የውድድር አማራጭ 1፡ የገጠር ኢነርጂ ቴክኖሎጂ ፈጠራ ብቻ,1
1) የፈጠራው ርዕስ (1 ገፅ),1
2) የፈጠራው አጭር ማብራሪያ (ግማሽ ገፅ),1
3) ፈጠራው ከተመሳሳይ ቴክኖሎጂዎች አንፃር ልዩ የሚያደርገው (ግማሽ ገፅ),1
በገጠር ኢነርጂ ቴክኖሎጂ ለተሰማሩ ኢንተርፕራይዞችና የፈጠራ ስራዎች ሽልማት መወዳደሪያ ቅፅ,1
Application form to compute rural areas energy development engaged enterprises,1
4) ፈጠራው የሚያመጣቸውን ኢኮኖሚያዊ፣ ማህበራዊና አካባቢያዊ ተጽእኖዎች (ግማሽ ገፅ),1
5) ፈጠራውን ተግባር ላይ ለማዋል የሚወስደው ጊዜ እና ዝርዝር ተግባራቶች (ግማሽ ገፅ),1
6) የፈጠራ ዲዛይን እና አሰራር / በፈጠራ ስራው ሊያመጡ የሚችሉትን የተፅእኖ ውጤት ያብራሩ,1
ከሚከተሉት በአንድ ወይም በብዙ መንገድ ተጽዕኖውን ማረጋገጥ ይቻላል (ሁለት ገፅ),1
- የተቆጠበ/የዳነ የጊዜ፣ የጉልበት፣ የነዳጅ ወይም የቁሳቁስ መጠን,1
- የተቀነሰ የቆሻሻ መጠን,1
- የተጨመረ/ያደገ ውጤታማነት,1
- ትርፋማነት፣ የንብረት መጠን፣ እና የድርጅቱ ሰራተኞች ብዛት ... ወዘተ,1
7) ፈጠራውን ተግባር ላይ ለማዋል የሚያስፈልጉ ቁሶች እና ለፈጠራው ግልጋሎት የሚውሉ ቁሶች (ግማሽ,1
ገፅ),1
ሙሉ መረጃውን ላመግኘት,1
በገጠር ኢነርጂ ቴክኖሎጂ ለተሰማሩ ኢንተርፕራይዞችና የፈጠራ ስራዎች ሽልማት መወዳደሪያ ቅፅ,1
Application form to compute rural areas energy development engaged enterprises,1
8) ፈጠራውን ተግባር ላይ ለማዋል የሚያስፈልገው ዝርዝር የገንዘብ መጠን እና ገንዘቡ እንዴት ሊገኝ,1
እንደታሰበ ማብራሪያ (አንድ ገፅ),1
9) በፈጠራው ላይ እስካሁን ፈሰስ የተደረገ የገንዘብ መጠን እና ቅድሚያ ለሚሟሉ ቁሶች የተያዛ የፋይናንስ,1
ምንጭ (ግማሽ ገፅ),1
10) ፕሮጀክቱን ለመስራት የሚያጋጥሙ ተግዳሮቶችን እና የመፍቻ ቴክኒክ/ዘይቤ (ግማሽ ገፅ),1
11) ስትራቴጃዊ አቅጣጫዎች (ምርት፣ ሽያጭ፣ ማስፋፊያ፣ ወዘተ) ያያይዙ,1
12) የማቀድ አቅምዎን የሚያሳይ ሌላ ማንኛውም ዓይነት መረጃ ያያይዙ,1
13) የፈሰሰው መዋዕለ ንዋይ የሚመለስበት ጊዜ (አንድ መስመር),1
14) ቢያሸንፉ ገንዘቡን እንዴት ሊጠቀሙ እንዳሰቡ በደንብ ይግለፁ (ግምሽ ገፅ),1
በገጠር ኢነርጂ ቴክኖሎጂ ለተሰማሩ ኢንተርፕራይዞችና የፈጠራ ስራዎች ሽልማት መወዳደሪያ ቅፅ,1
Application form to compute rural areas energy development engaged enterprises,1
ስምምነትን ማረጋገጫ,1
 ይህን የማመልከቻ ቅፅ ሲሞሉ የሞሉት መረጃ ትክክለኛና በእውነት ላይ የተመሰረተ መሆኑን ማረጋገጫ እየሰጡ መሆኑን,1
ይገንዘቡ፡፡,1
- በተጠቀሰው ዘርፍ ቴክኖሎጂዎችን በመጠቀም አምራች መሆኖን ወይም የፈጠራ ባለቤት መሆንዎን,1
- የተመዘገበ ህጋዊ ካምፓኒ መሆኑን ማረጋገጥ (የንግድ ምልክት እና ማስረጃ),1
- ፎርሙን እንደመነሻነት መጠቀም የሚችሉ ሲሆን ከ 10 (አስር) ገፅ ከበለጠ ከውድድሩ ይሰራዛል፡፡ ሌሎች,1
ተጨማሪ በፕሮጀክቱ ላይ ቀጥተኛ ተያያዥነት ያላቸውን ማለትም የፋይናንስ ማሳያ፣ ሰርተፍኬት፣ ንግድ,1
ፍቃድ፣ ፓተንት፣ ዲዛይን፣ ወዘተ ከ 10 ገፅ ያልበለጠ ያመላክቱ፡፡,1
- ፕሮፖዛሉን በአማርኛም ሆነ በእንግሊዘኛ ማቅረብ ይችላሉ፡፡,1
 ይህንን የማመልከቻ ቅፅ በድህረ ገፃችን (www.mint.gov.et) ላይ ማግኘት የሚችሉ መሆናችን በትህትና እንገልፃለን፡፡,1
 የውድድሩ የማብቂያ ግዜ ሚያዚያ 07 2012 ዓ.ም ይሆናል፡፡,1
 የውድድር ፎርሙን ሞልተው ሲያጠናቁ ፈርመውበት በኢሜል አድራሻችን innovation.research@mint.gov.et ላይ,1
መላክ የሚችሉ መሆኑን እንገልፃለን፡፡,1
 ለበለጠ መረጃ +251118592039/+251920719936/+251911661675/+251913990608/+251912612679 (ሚያዚያ,1
10 2012 ዓ.ም ብቻ በነዚህ ስልኮች መረጃዎችን ማነጋገር ይቻላል),1
የውድድር አማራጭ 2፡ የገጠር ኢነርጂ ቴክኒሎጂ ንግድ ስራ ሞዴል ፈጠራዎች ብቻ,1
1) የንግድ ስራው ርዕስ,1
2) የንግድ ስራ ሞዴሉን ቁልፍና ልዩ ባህሪያት/ይዘቶች የሚያሳይ (ግምሽ ገፅ),1
በገጠር ኢነርጂ ቴክኖሎጂ ለተሰማሩ ኢንተርፕራይዞችና የፈጠራ ስራዎች ሽልማት መወዳደሪያ ቅፅ,1
Application form to compute rural areas energy development engaged enterprises,1
3) የንግድ ስራ ሞዴሉን ዓይነት ያመልከቱ (ግማሽ ገፅ),1
4) የንግድ ስራ ሞዴሉ የሚያመጣቸውን ኢኮኖሚያዊ፣ ማህበራዊና አካባቢያዊ ለውጦች ያብራሩ (ግማሽ ገፅ),1
5) ከሌሎች የንግድ ስራ ሞዴሎች ልዩ የሚያደርጉትን ነጥቦች ይግለፁ (ግማሽ ገፅ),1
6) ለረጂም ጊዜ የማያቋርጥ/ዘላቂነት ያለው ፕሮጀክት መሆኑን ያሳዩ (ግማሽ ገፅ),1
በገጠር ኢነርጂ ቴክኖሎጂ ለተሰማሩ ኢንተርፕራይዞችና የፈጠራ ስራዎች ሽልማት መወዳደሪያ ቅፅ,1
Application form to compute rural areas energy development engaged enterprises,1
7) ዕቅድዎ የሚከተሉትን ማሳየት አለበት፡ (ሁለት ገፅ),1
 ዋና/ወሳኝ አቅሞች,1
 ተቋማዊ አደረጃጀት (ያያይዙ),1
 የገንዘብ ዝግጅቶች,1
 የወጪ ማሳያ (ያያይዙ),1
 የገቢ ሞዴል (ያያይዙ),1
 ስትራቴጃዊ አቅጣጫዎች (ምርት፣ ሽያጭ፣ ማስፋፊያ፣ ወዘተ),1
 የማቀድ አቅምዎን የሚያሳይ ሌላ ማንኛውም ዓይነት መረጃ (ያያይዙ),1
8) ምን ያህል መነሻ ገንዘብ እንደሚያስፈልገውና እንዴት ሊገኝ እንደታሰበ (ግማሽ ገፅ),1
9) ሊከሰቱ የሚችሉ ተግዳሮቶች ካሉና እንዴትስ መፍታት እንደታሰበ (ግማሽ ገፅ),1
10) በቅድሚያ መሟላት ያለባቸውን ለመግዛት ምን የፋይናንስ ምንጭ ለመጠቀም ታስቧል (ግማሽ ገፅ),1
በገጠር ኢነርጂ ቴክኖሎጂ ለተሰማሩ ኢንተርፕራይዞችና የፈጠራ ስራዎች ሽልማት መወዳደሪያ ቅፅ,1
Application form to compute rural areas energy development engaged enterprises,1
11) ታሳቢ የተደረጉ ደንበኞች፣ ከደንበኞች ጋር የሚኖር ግንኙነት (ግማሽ ገፅ),1
12) ቢያሸንፉ ገንዘቡን እንዴት ሊጠቀሙ እንዳሰቡ በደንብ ይግለፁ (ግማሽ ገፅ),1
ስምምነትን ማረጋገጫ,1
 ይህን የማመልከቻ ቅፅ ሲሞሉ የሞሉት መረጃ ትክክለኛና በእውነት ላይ የተመሰረተ መሆኑን ማረጋገጫ እየሰጡ መሆኑን,1
ይገንዘቡ፡፡,1
- በተጠቀሰው ዘርፍ ቴክኖሎጂዎችን በመጠቀም አምራች መሆኖን ወይም የፈጠራ ባለቤት መሆንዎን,1
- የተመዘገበ ህጋዊ ካምፓኒ መሆኑን ማረጋገጥ (የንግድ ምልክት እና ማስረጃ),1
- ፎርሙን እንደመነሻነት መጠቀም የሚችሉ ሲሆን ከ 10 (አስር) ገፅ ከበለጠ ከውድድሩ ይሰራዛል፡፡,1
- ፕሮፖዛሉን በአማርኛም ሆነ በእንግሊዘኛ ማቅረብ ይችላሉ፡፡,1
-  ይህንን የማመልከቻ ቅፅ በድህረ ገፃችን (www.mint.gov.et) ላይ ማግኘት የሚችሉ መሆናችን በትህትና,1
እንገልፃለን፡፡ ሌሎች ተጨማሪ በፕሮጀክቱ ላይ ቀጥተኛ ተያያዥነት ያላቸውን ማለትም የፋይናንስ ማሳያ፣,1
ሰርተፍኬት፣ ንግድ ፍቃድ፣ ፓተንት፣ ዲዛይን፣ ወዘተ ከ 10 ገፅ ያልበለጠ ያመላክቱ፡፡,1
 የውድድሩ የማብቂያ ግዜ ሚያዚያ 07 2012 ዓ.ም ይሆናል፡፡,1
 የውድድር ፎርሙን ሞልተው ሲያጠናቁ ፈርመውበት በኢሜል አድራሻችን innovation.research@mint.gov.et ላይ,1
መላክ የሚችሉ መሆኑን እንገልፃለን፡፡,1
 ለበለጠ መረጃ +251118592039/+251920719936/+251911661675/+251913990608/+251912612679 (ሚያዚያ,1
01 2012 ዓ.ም ብቻ በነዚህ ስልኮች መረጃዎችን ማነጋገር ይቻላል),1
ማሳሰቢያ፡,1
ስትራቴጂዎችና ማእቀፎች ግብአት ለሚሆኑ በአይሲቲ/ዲጂታል ላይ ጥናትና ምርምር በማድረግ የመማርማስተማር ፣የምርምር፣ቴክኖሎጂሽግግር፣የአስተዳደራዊና የለዉጥ ስራዎች በዲጂታል ቴክኖሎጂ እንዲደገፍ፤ ተቋማት በኔትዎርክ ማስተሳሰር፡፡,3
ለግል አመልካቶች ቅድሚያ መሙዋላት ያለባቸው ጉዳዮች፡,1
 አመልካቶች አሁን ሊወዳደርበት በሚያስበው የገጠር ኢነርጂ ቴክኖሎጂ ወይም የቢዝነስ ሞዴል የፈጠራ,1
ሥራ በመጀመሪያው የሽልማት ውድድር ተወዳድሮ ተጠቃሚ/አሸናፊ ያልነበረ መሆን አለበት,1
 አመልካቹ የፈጠራ ሥራው ሕጋዊ ባለቤት መሆን አለበት፡፡,1
በገጠር ኢነርጂ ቴክኖሎጂ ለተሰማሩ ኢንተርፕራይዞችና የፈጠራ ስራዎች ሽልማት መወዳደሪያ ቅፅ,1
Application form to compute rural areas energy development engaged enterprises,1
 አመልካቹ የፈጠራ ሥራው (ለገጠር ኢነርጂ ቴክኖሎጂ ፈጠራ ሥራ) ናሙና (prototype),1
ሊኖረው የሚገባ ሲሆን በሚጠየቅበት ጊዜም ናሙናውን ማሳየት ወይም ናሙናውን ሠርቶ/አምርቶ,1
ማሳየት የሚችል መሆን አለበት፡፡,1
 የግል አመልካቹ የውድድሩ አሸናፊ ሆኖ ቢገኝ/ቢመረጥ፤ የፈጠራ ሥራውን አምርቶ ለገበያ ለማቅረብ,1
የሚያስችለውን አግባብ ያለውን የገጠር ኢነርጂ ቴክኖሎጂ ተቋም/ኢንተርፕራይዝ ለማቋቋም ቁርጠኛ,1
መሆን አለበት፡፡,1
አመልካቹ ኢትዮጵያዊ ዜጋ መሆን አለበት፡፡,1
የክልል ትምህርት ቢሮዎችና ሁለተኛ ደረጃ ትምህርት ቤቶች በትምህርት ቴክኖሎጂ መሳሪያዎች ላይ ለሚያጋጥማቸው ቴክኒካል ችግሮች የብልሽት ጥገና ድጋፍ ያደርጋል፤የትምህርት ይዘት ፕሮግራሞችን በተለያዩ የአፕሊኬሽ ፕላትፎርሞች /ለምሳሌ Learning management system/ለትምህርት ተቋማት ለማድረስ የሚያስችሉ ጥናቶች እንዲጠኑ ያደርጋል፣ በተጨማሪም ለተቋሙ ብሎም ለሀገር በሚጠቅም መልኩ እንዲዘጋጅ በማድረግ በሥራ ላይ እንዲውል አቅጣጫ ይሰጣል፡፡,3
የግሉ ዘርፍ ተቋማት/ኢንተርፕራይዞች በውድድሩ ተሳታፊ ለመሆን የሚያስችሉ መስፈርቶች,1
ፈጠራው በኢትዮጵያ የገጠሩ ማህበረሰብን የኃይል ችግር ለመፍታት ለሚደረገው ጥረት ጉልህ,1
አስተዋፅኦ የሚያበረክት መሆን አለበት፡፡,1
 ድርጅቱ/ወይም የድርጅቱ ባለቤት የፈጠራ ሥራው ሕጋዊ ባለቤት መሆን አለበት፡፡,1
 ድርጅቱ በዚህ አሁን ሊወዳደርበት በሚያስበው የገጠር ኢነርጂ ቴክኖሎጂ ወይም የቢዝነስ ሞዴል,1
የፈጠራ ሥራ በመጀመሪያው የሽልማት ውድድር ተወዳድሮ ተጠቃሚ /አሸናፊ ያልነበረ መሆን አለበት፡፡,1
 ድርጅቱ በፌዴራል እና/ወይም በክልል ባሉ ለንግዱ ዘርፍ በወጡ ህጎች መሰረት የተመዘገበ መሆን,1
አለበት፡፡,1
 ድርጅቱ ቢያንስ ለ1 አመት ያህል በገጠር ኢነርጂ ቴክኖሎጂ ዘርፍ የሰራ መሆን አለበት፡፡,1
 ድርጅቱ ሁሉንም ተገቢ የመንግስት ግብር የከፈለ መሆን አለበት፡፡,1
 የድርጅቱ ባለቤትነት (የጥምር ሽርክና ከሆነ ደግሞ የድርጅቱ አብዛኛው,1
የባለቤትነት ድርሻ),1
የኢትዮጵያዊ/የኢትዮጵውያን መሆን አለበት፡፡,1
የፈለግነው ስለሆን የፈለጉትን የሆኑ ሰዎችን ስኬታማነት እንደምናጠና ሁሉ ፤ ያልፈለገነውን ባለመሆን ደግሞ የፈለጉትን መሆን ያቃታቸውን ሰዎች ብናጠና እራሳችንን ከሽንፈት እንጠብቃለን፡፡,3
ከቅርብ ዓመታት ወዲህ ባደጉትም ሆነ በማደግ ላይ ባሉ የዓለማችን ክፍሎች ልማታዊ፤ ማህበራዊ እና ኢኮኖሚያዊ ዕድገት እየተፋጠነ ይገኛል፡፡ ለዚህም የኢንተርፕረነሽፕና የኢንተርፕረነር ሚና የጎላ ነው፡፡,3
ዴስክ ባሲሊዮስ ጥላሁን ኔተዎርክ ኦፕሬሽን ዴስክ ኃላፊ ሃገራዊ የትምህርት አይሲቲ/ዲጂታል ፖሊሲዎች ፣ ስታንዳርዶች ፣,1
ከፍተኛ ፍጥነት ያለዉ የብሮድባንድ ኢንተርኔት እንዲያገኙ፤ በኢትዮጲያ ትምህርትና ምርምር ኔትዎርከ ዋና ዳታ ማዕከልና በከፍተኛ ትምህርት ተቋማትን የመረጃ መረብ ደንነት እንዲጠበቅ በማድረግ ለከፍተኛ ትምህርት ተቋማት ከዋናው ዳታ ማእከል አስተማማኝ የሆነ የብሮድባንድኢንተርኔት፡፡,2
ዴስክ አይቲና ዲጂታል ትምህርት መሪ ሥራ አስፈፃሚ የስኩልኔት አይሲቲ ዴስክ ኃላፊ,1
አገልግሎት ተጠቃሚ እንዲሆኑ ማድረግ የትምህርት አይሲቲ ስርአትን ዘመናዊ ለማድረግ የሚያስችሉ ምርጥ ተሞክሮዎችን በመቀመር እንዲተገበሩ ማድረግ የትምህርት  ኢንፎርሜሽንና ኮሙኒኬሽን ቴክኖሎጂ ፍላጎቶችን ለመመለስ የሚያስችሉ በተጠኑ ጥናቶች መሰረት ፕሮጀክቶች እንዲቀረጹና በትምህርት ተቋማቱ ወደ ተግባር እንዲገቡ ማድረግ,3
በአገሪቱ በሚገኙ የሁለተኛ እና አንደኛ ደረጃ ትምህርት ቤቶች የትምህርት አይሲቲ መሰረተ ልማቶችና አገልግሎቶች እንዲስፋፉ ማድረግ በአገሪቱ የሚገኙ የሁለተኛእና አንደኛ ደረጃ ትምህርት ቤቶች ከማዕከላዊ የትምህርት ዳታ ሴንተር ጋር እንዲገናኙ በማድረግ የዲጂታል የትምህርት ፕሮግራሞች፣ የዳታ፣ የኢንተርኔት ፣ የኦንላይን ድጋፍ፣,3
ዘርፉ በፍትሃዊነትና ተገቢነት ላይ በማተኮር የሀገሪቱን የሰው ሃይል እና አጠቃላይ የህብረተሰቡን የወደፊት ዕጣ ፈንታ በመቅረጽ ረገድ ወሳኝ ሚና ይጫወታል።,3
በሁለተኛና አንደኛ ደረጃ ትምህርት ቤቶች የመረጃ ሥርዓት እንዲገነባና መረጃዎቹም በተንቀሳቃሽ ስልኮች፣ በታብሌት እና በማንኛውም የኤሌክትሮኒክስ መሳሪዎች የተደገፉ እንዲሆኑ ያደርጋል፣የትምህርት ኢንፎርሜሽንና ኮሙኒኬሽን ቴክኖሎጂ የአሠራር ማዕቀፎች/ሮድማፕ/ እንዲቀረፁና እንዲተገበሩ ማድረግ ለክልል ትምህርትቢሮ፣ ለዞን፣ ለወረዳና ትምህርት ጽ/ቤት እና ለትምህርት ቤቶች ባለሞያዎች በትምህርት ቴክኖሎጂ መሳሪያዎች አያያዝና አጠቃቀማቸው ላይ የአቅም ግንባታ ስልጠናን መስጠት፣የኢንፎርሜሽን ቴክኖሎጂ አገልግሎቶች በአጠቃላይ ትምህርቱ ዘርፍ ተደራሽ እንዲሆኑ የሚያስችሉ የትግበራ ስልቶች መንደፍና እንዲፈፀሙ ማድረግ፣,3
ከፌደራል እስከ ትምህርት ተቋማቱ ለሚተገበሩ የትምሀርት አይ ሲቲ መሰረተ ልማቶችና ለሚለሙ ሲስተሞች ፖሊሲ፣ የትግበራ ስትራቴጂ፤ ስታንዳርድ እና የአጠቃቀም መመሪያ፣ ሌሎች ሰነዶችን ማጥናት፤ማፀደቅ እና መተግበር አጠቃላይ ትምህርት,3
የአጠቃላይ ትምህርት ልማት ዘርፍ የትምህርት ስርዓቱ አስፈላጊ አካል ሲሆን በሚኒስትር ዴኤታ የሚመራ ነው። አራት ዋና ስራ አስፈፃሚዎች እና አስራ ሶስት ዴስኮች ሲኖሩት ዋናው አላማው ዜጎችን ለስራ እና ለቀጣይ የትምህርት እድሎች በቂ ዝግጅት እንዲያደርጉ ማድረግ ነው። ይህም ተደራሽ እና አካታች ትምህርት እና ስልጠና ከቅድመ አንደኛ ደረጃ  እስከ 12ኛ ክፍል እንዲሁም የጎልማሶች ትምህርት እና የስልጠና ፕሮግራሞችን መስጠትን ይጨምራል። ዘርፉ በፍትሃዊነትና ተገቢነት ላይ በማተኮር የሀገሪቱን የሰው ሃይል እና አጠቃላይ የህብረተሰቡን የወደፊት ዕጣ ፈንታ በመቅረጽ ረገድ ወሳኝ ሚና ይጫወታል።,3
በኢትዮጵያ ውስጥ ለዘመናዊ ትምህርት መጀመር እንደ መሸጋገሪያ ድልድይ ሆኖ ያገለገለው ለዘመናት በክርስትናና በእስልምና የሃይማኖት ተቋማት ሲሰጥ የነበረው የማንበብና የመፃፍ ትምህርት ነው፡፡ በዚህም የሃይማኖት  ትምህርቱን ከዘመናዊ ትምህርት ጋር በማጣጣም ብዙ የተማሩ ሰዎችን ማፍራት ችለዋል፡፡,4
ኢንተርፕረነርሽፕ እንግዲህ በግለሰብ ደረጃ የሚከወን የቢዝነስ ሀሳብና ሥራን ከአጠቃላዩ ኢኮኖሚ ጋር ማስተሳሰር (ማቀናጀት) ነው፡፡ በመሆኑም ኢንተርፕረነርሽፕ እና የኢኮኖሚ ዕድገት የማይነጣጠሉ ናቸው፡፡ በሌላ አባባል የአንድ ሳንቲም ሁለት ገጽታ ማለት ነው፡፡ በአሁኑ ጊዜ የሀገራችን የኢትዮጵያ ኢኮኖሚ በፍጥነት እያደገ ይገኛል፡፡ ዕድገቱ አስተማማኝ እና ቀጣይነት ያለው እንዲሆን አዲስ የቢዝነስና የፈጠራ ሀሳብን የያዙ ዜጎች እንዲበ ይፈለጋል፡፡ ከዚህ ጎን ለጎን የሥራ-ፈላጊ ቁጥርም በፍጥነት እየጨመረ ይገኛል፡፡ ይህ ችግር,4
መጠኑ ቢለያይም በከተማም ሆነ በገጠር ይስተዋላል፡፡ ለወጣቶች ደግሞ ጉዳዩ ይበልጥ አሳሳቢ ደረጃ ላይ ደርሷል፡፡ በጊዜ መፍትሄ ካልተበጀለት ለማህበራዊ፤ ኢኮኖሚያዊና ፖለትካዊ ቀውስ ይዳርጋል፡፡ በተጨማሪም መንግስታት ወይንም ሀገራት ለዜጎቻቸው አስተማማኝ እና ቀጣይነት ያለውን የኑሮ ማሻሻያ ፕሮግራም መቅረጽንም ይጠይቃል፡፡ በሁሉም ወጣቶች ዘንድ በመረጃ የተደገፈ የሥራ ፈጣሪነት ግንዛቤ እንዲኖራቸው ይጠበቃል::ወጣቶች በሰፊው የራሳቸውን ሥራ ለመጀመር ድጋፍ እና የበለጠ ትኩረት ይፈልጋሉ፡፡ ሥራበሥራ ፈጠራ ውስጥ ሲሳተፉ ደግሞ ሊደገፉ እና ሊታሰብባቸው የሚገቡ ቁልፍ ቦታዎችን መለየትን,3
ይጠይቃል፡፡ እንዲሁም የሥራ ፈጣሪነት አስተሳሰብን እና ችሎታን ማዳበርም የግድ ይላል፡፡ በመሆኑም የኢንተርፕረነርሽፕ ተግባር-መር ዕውቀት ለእንዲህ ዓይነቱ ጉዳይ ወሳኝ ነው፡፡ ራስንም በትምህርት እና ስልጠና በመገንባት ውጤታማነትን ከፍ ማድረግ ያስፈልጋል፡፡,3
በአጠቃላይ ኢንተርፕረነርሽፕ ሀገራዊ ገቢ ከማሳደግና አዳዲስ የሥራ ዕድሎችን ከመፍጠርም አልፎ ለኢኮኖሚ ዕድገት ገንቢ ጉልበት ሆኖ ያገለግላል፡፡ ይህ ምዕራፍ በአራት በተለያዩ ክፍሎች እና ንዑስ ክፍሎች ተዋቅሯል፡፡ የመጀመሪያው ክፍል,2
ኢንተርፕረነርሽፕ፤ ኢንተርፕረነር እና የወጣቶች ሥራ ፈጠራ የሚል ነው፡፡ የሁለተኛው የወጣቶችን ሥራ ፈጠራ ማበረታታት እና ማስቻል የሚል ነው፡፡ ከስሩም ወጣት ማን ነው? ወጣቶች ላይ ትኩረት ማድረግ ለምን አስፈለገ? በሚሉ ጥያቄዎች ተደራጅቷል፡፡ በተጨማሪም,2
ሥራ ፈጣሪዎች ሊኖራቸው የሚገቡ ክህሎቶች እና ወጣቶች የራሳቸውን ሥራ እንዲፈጥሩ ማስቻል በሚሉ ንዑስ ርዕሶች ተዋቅሯል፡፡ የሦስተኛው ሥራ-አጥነትን መቀነስ የሚል ሲሆን፤የአራተኛውና የመጨረሻው ክፍል የወጣቶችን የሥራ ፈጠራ ተነሳሽነት መጨመር የሚል ነው፡፡,2
ይህም ተደራሽ እና አካታች ትምህርት እና ስልጠና ከቅድመ አንደኛ ደረጃ  እስከ 12ኛ ክፍል እንዲሁም የጎልማሶች ትምህርት እና የስልጠና ፕሮግራሞችን መስጠትን ይጨምራል።,2
ባህሪን ከሚያጠቁ በሽታዎች አንዱ ወላዋይነት ወይም ባላማ አለመጽናት ነው፡፡ ወላዋዋይነት ብዙ ሰዎችን ያጠቃ በሽታ ነው፡፡ ወላዋይ ሰው የሚደርስበት ውጤት አለመሆንን ነው፡፡,4
ወላዋይነት የአዕምሯችን ተሳትፎ ውስን ያደርገዋል፡፡ አእምሯዋችንን ከመኪና ጋር ማወዳደር እንችላለን፡፡ አእምሯችን መኪና ቢሆን ከመሪው በኋላ የምናገኘው ሹፌር ወይም እያንዳንዳችን ነን፡፡ መኪናው ብልሽት እስከ ሌለው ድረስ የፈለግንበት ቦታ ለመድረስ የሹፌሩ ተሳትፎ ወሳኝ ነው፡፡,4
መኪናውን ይዘን ከመነሳታችን በፊት ወዴት እንፈምንሄድ አውቀን በእርግጠኝነት ካልተነሳን መኪናው ውስጥ ገብተን የምናመነታ ከሆነ የፈለግነው ቦታ የመድረሱ ነገር ሊስተጓጎል ይችላል፡፡,4
በእርግጥ ወላዋይነት የሚጠቃቸው ሰዎች ለድክመታቸው የሚያቀርቡት ምክንያት አለ፡፡ ይሁን እንጂ ምክንያቱ የፈለጉትን ትተው ያለፈለጉትን ለመሆን በቂ ምክንያት አልነበረም፡፡,4
ሌሎች ብዙ ሰዎች የፈለጉትን መሆን የቻሉት፣ እነዚህን እነሱ ምክንያቶች ብለው የሚያቀርቧቸውን ስፍር ቁጥር የሌላቸውን ተመሳሳይ ገጠመኞች አልፈው ነው፡፡,4
ወላዋዮች ግን ምክንያት በመፍጠር ወላዋይነታቸውን ያጠናከራሉ፡፡ ስለዚህ ለውጥ ማምጣት ያቅታቸዋል፡፡ የፈለጉትን ለመሆን ከብዙ ሰዎች ለመውጣት የሚያስፈራ ተራራ ነው፡፡,4
ከዚህ በተጨማሪ ከደረስንበት ደረጃ ዝቅ ሳንል ደረጃችንን ጠብቀን መኖር በራሱ ትግል ነው፡፡ ብዙ ፈተናንና ትግል ረባዳ ቦታ ይመርጣሉ፤ የፈለጉትን ለመሆን የሚጥሩ ሰዎች ግን በፍጹም ረባዳ ቦታን አይቀበሉም፡፡,4
እንዳጋጣሚ ሆኖ ራሳቸውን እንዲህ ዓይነት ቦታ ቢያገኙትም እዚህ ለመግባታቸው ምክንያት ሰጥተው ተደላድለው አይቀመጡም፡፡ ወላዋይ ሰዎች ግን በሕይወታቸውም የትም አይደርሱም፡፡,4
ሰዎች መሆን ያቃታቸው ፣ ከሁሉም በላይ የባህሪ ድክመት ተጠቂ በመሆናቸው ነው፡፡ በሽታ የሰውን አካል ይጎዳል፤ ያዳክማል፡፡ ህመምተኛው ህመሙን በጊዜ ካልታከመው የከፋ አደጋ ላይ ሊወድቅ ይችላል፡፡,4
የባህሪ ድክመት የመንፈስና የስነልቦና በሽታ ነው፡፡ የአንድ ሰው ባህሪ በበሽታ ሲጠቃ የተመኘውን መሆን ትቶ ያልተመኘውን ይሆናል፡፡,4
ለምሳሌ ስፖርተኞችን እንመልከት፡፡ በውድድራቸው የሚወላውሉ ከሆነ አብዛኛውን ጊዜ የማሸነፋቸው ነገር አጠራጣሪ ይሆናል፡፡ መሆን ወይም አለመሆን በራሱ አንድ ውድድር ነውና፡፡,4
አንድ ሰው የፈለገውን ለመሆን በሚጥርበት ጊዜ ዋናው ተወዳዳሪው አለመሆን ነው፡፡ ወላዋይነት ደግሞ አለመሆን እንዲያሸንፍ ክፍተት ይሰጠዋል፡፡,4
ይህ ማለት ኢንተርፕረነርሽፕ ከኢኮኖሚ ዕድገት ጋር እጅግ በጣም የተቆራኘ ነው፡፡,3
ሥራ ፈጣሪዎች (ኢንተርፕረነሮች) አዳዲስ ቴክኖሎጂዎችን፣ ምርቶችን እና አገልግሎቶችን በማስተዋወቅ የኢኮኖሚ እድገትን ያፋጥናሉ።,4
ሥራ ፈጣሪው (ኢንተርፕረነር) በአብዛኛዎቹ ምርት፣ ስርጭት እና የእድገት ጽንሰ-ሐሳቦች መሰረታዊ ወኪል ነው። ኢንተርፕረነርሽፕ (ሥራ ፈጣሪነት) ሚና የኢኮኖሚ ዕድገት አንቀሳቃሽ ኃይል ተደርጎ መውሰድ ይቻላል፡፡,4
የአጠቃላይ ትምህርት ልማት ዘርፍ የትምህርት ስርዓቱ አስፈላጊ አካል ሲሆን በሚኒስትር ዴኤታ የሚመራ ነው። አራት ዋና ስራ አስፈፃሚዎች እና አስራ ሶስት ዴስኮች ሲኖሩት ዋናው አላማው ዜጎችን ለስራ እና ለቀጣይ የትምህርት እድሎች በቂ ዝግጅት እንዲያደርጉ ማድረግ ነው።,3
የሥርዓተ ትምህርት ማበልፀጊያ መሪ ሥራ አስፈፃሚ,1
የሰው ልጅ ኑሮ በጉርብጥብጥና በሸለቆ በተሞላበት እውነታ ውስጥ ነፃነትና ሰንሰለቶች ጉራማይሌ ህልውና አላቸው፡፡ ዕውቀት፣ ጥበብ፣ ሥነ ምግባር፣ ርዕዮተ ዓለም፣ እምነት፣ ወዘተ ከኅብረተሰብ ወደ ግለሰብ፣ ከግለሰብ ወደ ኅብረተሰብና ከግለሰብ ወደ ግለሰብ ሲተላለፉ እንደኖሩ ሁሉ የሰንሰለቶች ቀለበቶችም እንደዚያ ይሸጋገራሉ፡፡ ከዚህ በፊት እንደተባለው ለህሊና ሰንሰለቶች መተላለፊያ ሠረገላቸው ብዙ ነው፡፡ መደበኛና ኢመደበኛ ትምህርት፣ ሥነ ቃል፣ ሙዚቃ፣ እምነት፣ ወዘተ ሁሉ ሠረገላ ሊሆኑ ይችላሉ፡፡ ዛሬ በፈጣሪና በመላዕክት እንደሚማለው የአፄ ኃይለ ሥላሴ ስምም መማያ የነበረበት ጊዜ ነበር፡፡ የኃይለ ሥላሴ ውዳሴ በእነዚህ በእነዚህ መንገዶች ናኘ ወይም ወደ ሕዝብ ሠረፀ ብሎ ለመዘርዘር ከመሞከር ይልቅ፣ ለዘመኑ ኅብረተሰብ በጡጦ መሰጠት የቀረው ምግብ ነበር ብሎ መናገር ይቀላል፡፡ ትችትን ያነወረ ውዳሴን መቅለብ፣ ምን ያህል በሰንሰለት መያዝ እንደሆነ ወይም ምን ያህል እንደሚገንዝና የለውጥ ተቀናቃኞች መጫወቻ ለመሆን እንደሚዳርግ ትናንትናም ታይቷል፣ ዛሬም እያየነው ነው፡፡,4
ልሂቃን የፖለቲካ ፓርቲዎች ፈጥረውም ሆነ ሳይፈጥሩ ተራማጅ ነን/ለሕዝብ ተቆርቋሪዎች ነን እያሉ ሲንቀሳቀሱ ለሕዝብ ህሊና ብርሃን ሊሆኑ እንደሚችሉ ሁሉ በሰንሰለት ተብታቢዎችም ሊሆኑ ይችላሉ፡፡ ወይም ልፋታቸው ሁለቱንም በጉራማይሌነት የያዘ ሊሆን ይችላል፡፡ በተለይ ‹የእኔ መስመር ብቻ ብርሃን ነው ሌላው ሁሉ የጥፋትና የጠላት መንገድ ነው… በእኔ መንገድ ላይ ቅዋሜ የሰነዘረ ከሃዲ/ባንዳ ነው… በተገኘበት ይገደላል› የሚሉ ቡድኖች የራሳቸውን ኅሊናና የፖለቲካ ሕይወታቸውን ባሰሩባቸው ሰንሰለቶች ሕዝብንም ለመጠፈር የሚሠሩ ናቸው፡፡,4
የትግልና የኑሮ ተሞክሮዎች ያነጠሩልን ሐሰተኛ ግንዛቤዎች,3
የሰንሰለቶች ሐረጎች ዓይነታቸው ብዙ ነው፡፡ ለገዥዎች ውዳሴ ጭፍን ፈረስ መሆን፣ ገዥዎች ኃያልነትና ድሎት ላይ በተሰቀሉ፣ ከልታሞች የገዥዎቻቸውን ድሎት እየጠቀሱ መንቀባረራቸው፣ ገዥዎቻቸው ከራስ የትውልድ አካባቢ/ማኅበረሰብ ወይም ሃይማኖት ውስጥ መብቀላቸውን ተንተርሰው ተሬዎች ለእነሱ ጭፍን አጨብጫቢ መሆናቸው፣ ወዘተ ወዘተ፡፡ እነዚህን የመሳሰሉት ሰንሰለቶች የግስጋሴ ጥቅም በየት በኩል እንደሆነ በቶሎ ተረድቶ አሠላለፍን ከማስተካከል ተግባር ያውካሉ፣ ያዘገያሉ፡፡ ከእነዚህ የተለዩ ሐሰቶችን የሕዝቦች ነፃነትና የመብት መሟላት አድርገው የሚያቀርቡ (አሳቻ ጉዞን ዓላማ ያደረጉ) ሰንሰለቶችም አሉ፡፡ ዛሬ የሚያንገላቱን ቀጣፊ ግቦች ከብሔርተኛነት የበቀሉ ናቸውና እነሱ ላይ እንወሰንና አንዳንዶቹን ውሸቶች እንፈልቅቅ፡፡,4
የብሔር አገረ መንግሥትን ከሰላማዊነትና ከፍትሐዊነት ጋር ማዛመድ,3
የዓለማችን መንግሥታት ሁሉ በየብሔር ላይ የቆሙ ቢሆኑ ኖሮ፣ ብሔር ‹‹ወጥ›› ሕዝብ የያዘ በመሆኑ ምክንያት፣ የዓለም ኅብረተሰቦች በአያሌው ሰላም የሠፈነባቸውና ማግለል፣ ማንጓለል የሌለባቸው ይሆኑ ነበር የሚል ቅዠት የተሸከሙና ዛሬም ድረስ የየብሔር መንግሥታት መራባትን የሚናፍቁ ብሔርተኞች አሉ፡፡ መጀመሪያ ነገር ብሔር/ብሔረሰብነት ከድብልቅነት ጋር የሚጣሉ አይደሉም፡፡ ብሔሮች/ብሔረሰቦች የሚባሉት ማኅበረሰቦች ራሳቸው የመደባለቅ ውጤት ናቸው፡፡ ከድብልቅነትና ከዥንጉርጉርነት የፀዱም አይደሉም፡፡ በሶማሌ አንድ ብሔርነት ውስጥ፣ በኦሮሞ አንድ ብሔርነት ውስጥ፣ በአማራ አንድ ብሔርነት ውስጥ፣ በሌላውም ‹‹አምሳያ›› ተብዬ ማኅበረሰብ ውስጥ ሁሉ ዥንጉርጉርነት አለ፡፡ በየትኛውም የዓለማችን ጥግ ያሉ ማኅበረሰቦች ከአዳዲስ የመቀያየጥ ሒደትም ሊያመልጡ አይችሉም፡፡ የዓለማችን አዝማሚያም መሰባጠርንና መካለስን የሚያባዛ ነው፡፡ በኢትዮጵያም በአፍሪካ ቀንድም በዓለምም ያለው የጉዞ አዝማሚያ የሚያሳየው፣ የሕዝቦችን በየብሔር የመሸንሸን ምፅዓትን ሳይሆን፣ የሕዝቦች መሰባጠርና መዛነቅ በአገሮችና በአኅጉሮች አጥር የማይገደብ እየሆነ የተገለሉ/የተከተሩ ማኅበረሰቦች እየመነመኑ፣ በዓለም ማኅበረሰቦች ዘንድ የሚኖሩ የልዩነት ገጽታዎች እየሳሱ የሚያመሳስሉ ገጽታዎች ደግሞ እየበረከቱ እንደሚሄዱ ነው፡፡ ይህንን ጉዞ የሚቀለብስ ምንም ኃይል የለም፡፡ ስለዚህ የብሔር አገረ መንግሥታት ዘመን ይመጣል ብሎ መናፈቅ የማይጨበጥ ተምኔት ነው፡፡ በተለያየ አገር ውስጥ የተበታተኑ የብሔር ቁርጥራጮች እየተሰባሰቡ፣ በአንድ አገር ውስጥ የተሰባሰቡ ብሔሮችም በየብቻቸው እየሆኑ፣ የየብሔር መንግሥታት የሚፈሉበት ዘመን ይመጣል የሚል ራዕይ የሚታያችሁም ሰዎችና ቡድኖች ዕርማችሁን አውጡ፡፡,5
በሌላ በኩል የኅብረተሰብን ሰላምና አለመንጓለል ከማኅበራዊ ጥንቅር ጋር ማያያዝ ግልብነት ነው፡፡ የጥንቅር ሴመኛነት ሰላማዊና ፍትሐዊ ሕይወትን እንደማያበቅል ሁሉ፣ የጥንቅር መዥጎርጎርም የፀብና የመንጓለል ወላጅ አይደለም፡፡ የኢኮኖሚ ችግሮች በየትኛውም ማኅበረሰብ ለውዝግብ ያጋልጣሉ፡፡ ብዙ ሰዎችን የገፋ ያንጓለለ የሀብት ሽሚያና የፖለቲካ በደል፣ ዕድገትንና መረጋጋትን የነፈገ ትርምስ፣ በአንድ ብሔር አገርነትም ውስጥ ይሁን ብዙ ብሔሮችን ባቀፈ አገርነትም ውስጥ ሊታይ ይችላል፡፡ ለዚህ ምሳሌ ለማግኘት የአፍሪካ ቀንድ ቀጣናችንን ማስተዋል ብቻ በቂያችን ነው፡፡ ከመንጓለል የመገላገልና ማኅበራዊ ሰላምን የመቀዳጀት ጉዳይ የብዙ ነገሮች ድምር ውጤት ነው፡፡ ከእነዚህ ውስጥ ዋነኛው በአገረ መንግሥታዊ ሥርዓት ደረጃ ፍትሐዊ አስተዳደርን መቀዳጀት ነው፡፡,4
በአፈና አገዛዝ ውስጥ ሆኖ የብሔር መብትን ዓብዩ ጥያቄ አድርጎ ማንጠልጠል,2
ራስ በራስ የመተዳደርን፣ በአፍ መፍቻ ቋንቋ መሥራትን፣ የታሪክና የባህል፣ ወዘተ መታወቅንና መከበርን ያዘለው ይህ የቡድን መብት፣ የትልቁ መብት የዴሞክራሲ ሥርዓት ጥያቄ ክፍላዊ አካል ነው፡፡ ክፍላዊው መብት ከሙሉ ቤቱ ተልጦ ብቻውን ዋና እና ሁለመና ጥያቄ ሆኖ ሲነገብ፣ የመብቱ ማረጋገጫና ማዝለቂያ ሥርዓታዊ ጥያቄ ከትኩረት ይወጣል፡፡ የብሔር መብትን ዋና ጥያቄ አድርጎ ያንጠለጠለው፣ ብሔር ለይቶ የተሰባሰበ ብሔርተኛ ቡድን ሲሆን ደግሞ፣ በኅብረ ብሔራዊ አስተሳሰብና ስብስብ አማካይነት ዓብዩ የዴሞክራሲ ጥያቄ ላይ ትኩረትን ለማስተካከል ያለውም ዕድል በጣም ያንሳል፡፡ በብሔር በተሰባሰበ ቡድን የብሔር ጥያቄ ተቀዳሚ ተደርጎ መያዙም፣ የመብቱ ተጨባጭነት አስተማማኝ ባለቤትና ዋስትና ያገኘ አስመስሎ ያሳስታል፡፡ የብሔርተኛ ትግል እዚያ ስህተት ውስጥ የገባ ነውና፡፡ በአመዛኙ እንደታየው ወደ ተናጠል ትግል ያመራል፡፡ የተነጣጠለ ብሔርተኛ ትግል ደግሞ ለየብቻ ተነጥሎ ለመጠቃትና ለማስጠቃት ያጋልጣል፡፡ መላው ኅብረተሰብም በገዥዎች ከፋፋይነት ስለሚቦረቦር፣ ሊተባበር ይችል የነበረው የትግል አቅሙ ይባክናል፡፡ የአፈና ሥርዓቱም ይበልጥ ዕድሜ ያገኛል፡፡ ይህ ሁሉ በኢትዮጵያ የትግል ልምድ ውስጥ ታይቷል፡፡,4
የሆነው ሁሉ ሆኖ ብሔርተኞች አሸንፈው ቻርተርና ሕገ መንግሥት ተጽፎ በስመ ፌዴራላዊነት የተዋቀረው አገዛዝ (ከጫጉላ ጊዜ ፍንደቃውና በተወሰነ ደረጃ ከታዩ ውስን ትሩፋቶቹ በቀር)፣ በሕወሓት ቡድን የበላይነት የተዘረጋ የጥፍነጋ ሥርዓት ከመሆን አላመለጠም፡፡ የሚከበሩበትን የዴሞክራሲ ዓውድ ያላገኙትም የቡድንና የግል መብቶች፣ በመላ አገሪቱ በቀፏቸው ነው የቀሩት፡፡ የራስ በራስ አስተዳደር ይዘት፣ ‹‹ባለቤት›› ከተባለ/ከተባሉ ብሔር/ብሔረሰቦች የበቀሉ ሌቦችና ጨቋኞች ገዥነት አልፎ መሄድ አልቻለም፡፡ በአንድ አገር እኩል ዜግነት የመታየትና የመስተናገድ መብት ከበፊቱ በባሰ ደረጃ ነበር የተጎሳቆለው፤ እንዲያውም ይህንን የዜግነት መብት ረግጦ ‹‹መጤ›› የተባሉ ማኅበረሰቦችን መበደል የብሔር መብት መስሎ ነበር፡፡ በሹማሹምና በካድሬዎች የሚፈጸም ዘረፋና የሰብዓዊ መብት ጥሰትን ለመፋረድ መሞከር፣ ‹‹ባለቤት›› ከሚባለው ብሔር ለበቀለም ሰው ከሞላ ጎደል የድመት አፍንጫ እንደ ማሽተት የሚቆጠር ነበር፡፡,4
የኢፌዴሪ ሕገ መንግሥትን አንቀጽ 39ን እስከ ደም ጠብታ የሚዋደቁለት የብሔር መብት ዋስትና አድርጎ ማየት,2
በኢፌዴሪ ሕገ መንግሥት ውስጥ አንቀጽ 39 ላይ የተቀመጠው እስከ መገንጠል የተዘረጋ የብሔር ብሔረሰቦች መብት አንዳችም ጊዜ መብቶችን በማስከበር ረገድ አለኝታ ሆኖ አያውቅም፡፡ ይህ አንቀጽ የጠቀመው ነገር ቢኖር፣ ከአስተዳደራዊ አወቃቀሩና ይሰበክ ከነበረው ለየብሔር የማድላት አስተሳሰብ ጋር ሆኖ፣ የአገራዊ እኛነትን ማጎልበት በማዳከም ነው፡፡ አንቀጹ ባሰኘ ጊዜ የተወሰኑ ቅድመ ሁኔታዎችን አሟልቶ መነጠል መብት ነው የሚል ዋሾ ግንዛቤን ይለፍፋል፡፡ የዚህ መብት ሊቅ ነን ባይ ሰባኪዎችም ‹‹ብሔር/ብሔረሰቦች መብቶቼ ተጓደሉ ወይም ሰሚ አጡ ባሉ ጊዜ የመነጠል መብታቸውን መጠቀማቸው አግባብ ይሆናል›› እያሉ አሳቻ መንገድን ያመላክታሉ፡፡ እናም በዚህ የተሳሳተ ‹‹ንቃት›› ምክንያት ሁሉም በየበኩሉ የመሬት ይዞታዬ የሚለውን ለማሟላት እስከ መጋጨት ድረስ እየሄደ ሲፋተግ ነው የኖረው፡፡ ‹‹አንቀጽ 39 ተነካ ማለት የብሔር መብቶች መሻር ማለት ነው… ለዚህ አንቀጽ እስከ ደም ጠብታ እንዋደቃለን!›› ባይነት የብሔር ሙሉ መብቶችን ማረጋገጫ ውል የሳተ ሐሰተኛ ግንዛቤ ነው፡፡ አሁንም እንድገመው! የቡድንና የግል መብቶችን በማይቀለበስ አኳኳኋን ማስከበር ከፈለግን፣ መዋደቅ ያለብን ዴሞክራሲ አገረ መንግሥታዊ ሥርዓትና የኅብረተሰብ ባህል ሆኖ እንዲገነባ ነው፡፡ ይህንን ሥርዓት መገንባት ከቻልን ጎደሉ/ቀሩ የምንላቸውን መብቶች ለማስጨመር፣ ሳሱ የምንላቸውን ለማጠናከር ሰላማዊ ዕድሎች ይኖራሉ፡፡ በደል ባይኖርም መነጠል ሕዝብ ገብ ጥያቄ ሆኖ ቢመጣና በምክክር/ በድርድር አልበገር ቢል፣ ጥያቄው አክብሮት አግኝቶ በውሳኔ ሕዝብ (ሪፈረንደም) መልስ ለማግኘት የሚበቃውም፣ ዴሞክራሲ በጎመራበት ዓውድ ውስጥ ነው፡፡ እንደ እነ ካናዳ ባሉ አገሮች ውስጥ የተነሳን የመነጠል ጥያቄ፣ ዴሞክራሲያዊ መልስ እንዲያገኝ ያስቻለው ሥርዓተ ዴሞክራሲው እንጂ፣ መነጠልን መብት አድርጎ የደነገገ አንቀጽ በሕገ መንግሥት ውስጥ መቀመጥ አይደለም፡፡,3
መነጠልን ነፃነት አድርጎ የሳለ ግብ,1
የ‹‹ቅኝ መገዛት›› ግፍንም ሆነ ከዚያ ብዙም ያልራቀ በደልን ደርድረው መነጠልን ‹‹ነፃነት›› ብለው የታገሉ ቡድኖችን በኢትዮጵያ ዓይተናል፡፡ በበደል ትርክት ውስጥ ብዙ እውነቶችና ውሸቶች እንደተነገሩ ሁሉ፣ ለነፃነቱ የምንታገልለት ሕዝብ አንድ የጋራ ታሪክ ሥነ ልቦናና ባህል ያለው ሕዝብ ነው የሚል የፖለቲካ ሥዕል ተይዞም ብዙ ተዋሽቷል፡፡ ብዙ የጥቅም ሥሌቶች ተሠርተዋል፡፡ የኤርትራው የነፃነት ትግል በኤርትራ ብሔረሰቦች መኖራቸውንና ከሁሉም በላይ ኢትዮጵያዊ ነን የሚሉ ክፍሎች መኖራቸውን የሸመጠጠ የፖለቲካ ሥራ ሲሠራ ኖሯል፡፡ የዚህም ዋና ግብ በግድም በውድ የቀይ ባህር አፋርን ከኢትዮጵያ መቁረጥ ነበር፡፡,4
ባሻ ጊዜ እስከ መነጠል የረዘመ ‹‹መብት››ን በሕገ መንግሥት ውስጥ ጎልቶ ኢትዮጵያን ሲያስተዳድር የነበረው ሕወሓት ለኢትዮጵያ ያዘዘውን ‹‹መድኃኒት›› ትግራይ ውስጥ አይጠቀምበትም ነበር፡፡ ትግራይ ያሉ ብሔረሰቦች የሌሉ ያህል ትግራይ አንድ ብሔር ሆና ነበር የምትሣለው፡፡ የሰዎቿም መታወቂያ ‹‹ተጋሩ/ትግራዋይ›› ነው፡፡ የትግራይ የውስጥ አከፋፈልም በቀሪው ኢትዮጵያ እንደሆነው ብሔረሰብን ወይም የብሔረሰብ ቡድኖችን ባለይዞታነት የሚለፍፍ ሳይሆን፣ የትግራይን ስም ይዞ በአቅጣጫዎች የከፋፈለ ሆኖ ነው የቆየው፡፡ ከትግሪኛ ውጪ ማኅበረሰቦች ቋንቋችን ባሏቸው ቋንቋዎች የመማር ዕድሎች አልነበሩም፡፡ ዛሬ ይፋ ወጥቶ በምንሰማው ብሶት መሠረትም፣ ማኅበረሰቦች ከውስጣቸው በበቀለ ሰው መተዳደር እንኳ ብርቃቸው ነበር፡፡ ይህ ሁሉ ዥንጉርጉር ምንጫቸውን ደፍጥጦ አንድ ትግሪኛ ተናጋሪ ሕዝብ የማውጣት ሒደት መሆኑ ነበር፡፡ ለኢትዮጵያ የፈቀዱት የመቆራረስ ዕድል ትግራይ ላይ እንዳይፈጸም፣ እንዲሁም ‹‹የሌላ ብሔር/ክልል አካል ነን ወይም የራሳችን ማንነት ያለን ነንና ክልል መሆን እንፈልጋለን›› ብሎ የማፈንገጥ ዕድልን ለማምከን ‹‹ብልጠት›› መሆኑ ነበር፡፡ (እዚህ ላይ ማሳየት የተፈለገው፣ ሕወሓቶች ሁለት አጀንዳ እንደ ነበራቸው እንጂ፣ ትግራይ በብጥስጣሽ ፍላጎቶች ለምን አልታመሰችም የሚል ክፋት መዝራት አይደለም፡፡ የዚህ ጽሑፍ ፍላጎት የትግራይም የመላ ኢትዮጵያ ሕዝቦች ከሕወሓትና ከብጤዎቹ ደፍጣጭ ብሔርተኝነትና የፅንፍ መስመሮች ተላቀው በዴሞክራሲ በፍትሕና በልማት ጎዳና ከዙሪያቸው ጋር ተላልሰው እንዲገሰግሱ ነው፡፡),4
ቅኝ ተገዛን የሚል ትርክት አንግቦ የቆየው ኦነጋዊ ትግልም፣ በሌሎች ሕዝቦች ዘንድ የታየው ፈልሶ/ተዋግቶ ገፍቶ መሥፈር፣ መዛነቅ፣ መስፋፋት፣ በኦሮሞ ታሪክም እንዳልነበረ ሸሽጎ፣ ኦሮሞ እየተገፋ በሠፋሪዎች ተመናመነ የሚል ሐሰት እንዳናፈሰ ሁሉ፣ የኦነግ የብሔር ይዞታ ሒሳብ፣ ኦሮሚያ ተብሎ በተካለለው ትልቅ ‹‹ክልል›› ውስጥ ለመርካት የበቃ አልነበረም፡፡ ኦሮሞ በታሪክ ጉዞ የተሠረጫጨባቸውን ሥፍራዎች ሁሉ የኦሮሞ እያሉ ለመሰብሰብ እስከ ትግራይ ድረስ መሬት ለመከንዳት ጥሯል፡፡ የታሪክ ውስብስብ ሰበዞች ውጤት የሆኑትን የኦሮሚያ ጉራማይሌ ገጽታዎች በ‹መጤ›ነት እየተረጎሙ በተለያየ አሸባሪና ደም አፍሳሽ ሥልት የማጥራት ነውሮቹንና የኢትዮጵያን አብዛኛውን ክፍል የማጋበስ ፍላጎቱን አንድ ላይ ስናስተውላቸው፡፡ የእንቅስቃሴው ውል በአያሌው በብሔር ስም ሰፊ መሬት ከኢትዮጵያ ቦድሶ መነጠል እንደነበርና ሆኖ እንደቆየ መገንዘብ አይከብድም፡፡,4
የመነጠል ግብን ‹‹ነፃነት›› ብሎ ማሞካሸት,1
በእንግሊዝ የድል ‹‹ሞግዚትነት›› ጊዜ ኤርትራ ውስጥ ብልጭ ብሎ የነበረውን የዴሞክራሲ ቅምሻ እንኳ፣ የሻዕቢያ ኢሳያስ ባለድልነት ለሕዝቡ አላጎናፀፈም፡፡ እስከዛሬ ድረስ የኤርትራ ሕዝብ የነፃነት ትርጉም፣ ለሻዕቢያና ለኢሳያስ አፈወርቂ ለጥ ብሎ መገዛት ሆኖ ነው የሚገኘው፡፡ ትርጉም ያለው የልማት ግስጋሴ ህልም እንደሆነ ነው፡፡ በኢትዮጵያ ውስጥ ጎልተው ወጥተው የነበሩ ሌሎች ተነጣዮችም በኢትዮጵያ ውስጥ ያሳዩት በጥላቻ፣ በበቀልና በጭካኔ የተሞላ የትግል ባህርያቸው የዴሞክራሲና የሰውነት መብቶችን የሚያከብርና የሚያስከብር ሥርዓት አማጪ መሆን እንደማይችሉ ከወዲሁ አረጋግጠዋል፡፡ ለብሔራችን ሕዝብ እንቆረቆራለን ባይነታቸውም ተራግፎ አልቆ፣ በደም የተጨማለቁ ነፍሰ ገዳዮችና ተራ ዘራፊዎች እስከ መሆን ድረስ ሲዘቅጡ ጥርት ብሎ ታይቷል፡፡,3
ከዚህ እውነት በመነሳት ከጫካ የጠመንጃ ትግል የዴሞክራሲ ነፃነትን አገኛለሁ ብሎ መጠበቅ ከእባብ ዕንቁላል ርግብን እንደ መጠበቅ ነው ብሎ ማጠቃለል ይቻላል፡፡ ለዚህ ሻዕቢያና ሕወሓት ምርጥ ምሳሌዎች ናቸው፡፡ በጊዜ አዝግሞት የአስተሳሰብ ለውጥ ያደርጋሉ ብሎ ለመጠበቅ የማይመቹ ግትሮች ሆነው ኖረዋል፡፡ ሁለቱም ፓርቲን ከስለላ አውታር፣ ከጦር አውታርና ከኢኮኖሚ አውታር መለየት የማይፈልጉ ሆነው ኖረዋል፡፡ ሁለቱም ‹‹ቀፍድዶ መግዛት ወይም ሞት!›› ኪዳናቸው ከመሆኑ ሌላ፣ ዘረፋን አኩሪ ብልጠታቸው፣ ጦረኝነትን መመኪያቸው በማድረግ ይታወቃሉ፡፡ ሁለቱም በትግላቸው ጊዜ ኢትዮጵያን በዘረፋ ቦጥቡጠዋል፡፡ የሻዕቢያ ብልጠት የትግራይን ገበሬ ማጀት በቀለብ ምንጭነት፣ የሕወሓትን ሠራዊት ለኤርትራ ገብ ጦርነቱ እስከ መጠቀም ዓይን ያወጣ እንደነበር አስገደ ገብረ ሥላሴ አጋልጧል (ጋህዲ ፩፤ 2007)፡፡ ድልና ሥልጣን ባገኙበት ጊዜም፣ የምርኮ ሀብት ከመቀራመት አንስቶ፣ ለሁለቱም በንግድ መልክና በሥውር ስርቆት ኢትዮጵያ ማሳቸው ነበረች፡፡ የ1990 ዓ.ም. የኢትዮ ኤርትራ ጦርነትም የመጣው፣ በዘረፋ ተግባራቸው ላይ የተነሳው የኢትዮጵያ ሕዝብ ተቃውሞ ትግራይ ድረስ መርሮ፣ ቀዳዳ የጠበበት ሻዕቢያ በሰበብ ዘራፍ ስላለ ነበር፡፡ በዚያም ጦርነት ሻዕቢያ በወደብ የነበረ የኢትዮጵያን የወጪና የገቢ ሀብት መዝረፍ አልበቃው ብሎ፣ የእነ ዛላአንበሳ አካባቢን በዘረፋና በውድመት መመንጠር ጌጡ ነበር፡፡ የኢትዮጵያ መላ ኅብረተሰብ ሆ ብሎ በተነቃነቀበት ጦርነት ድል ወደ ኢትዮጵያ አዘንብሎ ደቡብ ኤርትራ ድረስ በተዘለቀ ጊዜ ደግሞ ሕወሓቶች የዝርፊያ አመላቸውን አልዘነጉትም?፡፡,4
የ2010 ዓ.ም. መጋቢት ለውጥ ከመጣ በኋላ፣ ሕወሓቶች ትግራይ ላይ ጠቅላይ ቢሯቸውን አድርገው ሸርና ጦርነት መደገስ ውስጥ የገቡት ከብቻ የበላይ ገዥነት ዝቅ ብሎ ከሌሎች ጋር ሥልጣን መጋራት አልዋጥላቸው ብሎ ነበር፡፡ ሸርና ጦርነት ሲደግሱ በቆዩበት ጊዜም ሆነ ጦርነት በከፈቱ ጊዜ፣ ዓይነት ባይነት ሀብት እየዘረፉ መሸሸግ አልተለያቸውም ነበር፡፡ ጦርነቱን ወደ አፋርና አማራ ክልል ሲወስዱትም፣ መንጣሪ ዘረፋ አንዱ ቁልፍ ተግባራቸው ነበር፡፡ በተኩስ ተተንኩሶና ኢትዮጵያን በጭንቋ አግዞ ጦርነቱ ውስጥ የገባው ሻዕቢያም የዘረፋ በቀሉን አዝሎ ነበር፡፡ በፕሪቶሪያው ስምምነት አማካይነት ጦርነት በቆመ ጊዜም ቂም ያልተገባደደለት ሻዕቢያ ቅር ተሰኝቷል፡፡ ግብዞቹ ሕወሓቶችም፣ ለትግራይ ሕዝብ ሰላም በማምጣትና የእነሱን ነፍስ በማትረፍ ዋጋው ስምምነቱን ከማመመሥገን ፈንታ፣ ለማንኳሰስ ጊዜ አልወሰደባቸውም፡፡ ውሎ አድሮ የአስተሳሰብ ለውጥ የታየባቸው አንጃዎች ብናይም፣ ዛሬም ትግራይን የሥልጣን ርስቴ የሚል፣ ዛሬም ጦርነትን የሚናፍቅ፣ ዛሬም የታጠቀን ኃይል የቡድን ሎሌው ማድረግ የሚሻና ዘረፋን የሀብት ማፍሪያ አድርጎ የሚጠቀም፣ ሃይማኖትን የፖለቲካ አጀንዳ ማስፈጸሚያ መሣሪያ ያደረገ የሕወሓት መረብ አልታጣም፡፡ ከማዶ ያለው ሻዕቢያም የሥልጣን ስስቱን አላልቶ ለሕዝቡ ሻል ያለ ለውጥና የልማት ዕርምጃ ለማሳየት አልፈቀደም፡፡ ለፍትሐዊ ትግግዝና የጉርብትና ግንኙነት ጎርባጣ ሆኖ ግንኙነትን ማዳከምን ሥራዬ ብሎ ይዞታል፡፡ ቁርቁስ ባለበት ውስጥ እጁን መስደድንና የቀውስ አራቢዎች ተቀጢላ መሆንን መተዳደሪያው አድርጎ ቀጥሏል፡፡ የዚህ ዓይነት ባህርይ ካላቸው ድርጅታዊ ዕንቁላሎች ፍትሐዊና ዴሞክራሲያዊ አመለካከቶች አይቀፈቀፉም፡፡,1
መነጠል የሕዝቦች ፍላጎት?,1
ስላለፈው ጊዜ ክርክር ማንሳት ይቅርብንና ከዚህ ሁሉ ልምድ በኋላ ዛሬም መነጠልን የሚያራምዱ ቡድኖች፣ የሕዝብ ፍላጎትን እያንፀባረቁ ይሆን የሚል ጥያቄ እናንሳ፡፡ ከኤርትራ ኅብረተሰብ ውስጥ ራሳቸውን በኢትዮጵያዊነት የሚመድቡ ክፍሎች መኖራቸውን እንተወውና፣ እዚህ ክፍፍል ውስጥ ሳይገባ የኤርትራ ሕዝብ ከኢትዮጵያ ሕዝብ ጋር የሁለቱም አገሮች ጥቅም በአግባቡ በተከበረበት አኳኋን በኢኮኖሚ መተሳሰርም ሆነ በኮንፌዴሬሽን መያያዝ ይፈልጋል ወይስ እንደ አሁኑ ተገልሎ መቆየት? አፈና በሌለበት ሁኔታ ዛሬ የኤርትራ ሕዝብ አማራጮች ቢቀርቡለት፣ እነ ኢሳያስ ሙጥኝ ያሉትን ተገልሎ መቆየት እንደማይመርጥ መቶ በመቶ የጠቆሙ ምልክቶች አሉ፡፡ የኢትዮጵያ መቆራረስ ጥቅሜ ነው የሚል ሰፊ ሕዝብ በየትኛውም የኢትዮጵያ ጥግ እንደሌለ፣ የሰሜን ጦር ላይ ጥቃት በተከፈተበትና ለኢትዮጵያ ህልውና ተጋድሎ በተካሄደበት ጊዜ ወለል ብሎ ታይቷል፡፡ ያኔ እንደ ኦነግ ሸኔ ያሉት ግፍ ደጋሾችና የመነጠል ደቀ መዝሙሮች የተሠለፉት ከሕወሓት ጦረኞች ጋር ነበር፡፡,1
የሕወሓት ጦረኞች ሰሜን ጦር ላይ ጥቃት በመፈጸም ከከፈቱት ጦርነት አንስቶ በሦስት ዙር ባካሄዷቸው ወረራዎች ማገዶ የሆነው የትግራይ ወጣት የሕወሓትን ዓላማ በውዴታው ዓላማው አድርጎት ነበር ወይስ በጥርነፋና በሐሰተኛ ውስወሳ ተይዞ? ለሚለው እንቆቅልሽ አሁን ፍቺ እየተገኘለት ነው፡፡ የሕዝብ ደም እንደ ጎርፍ ከፈሰሰበት ከዚያ ሁሉ ልምድ በኋላ፣ ዛሬም መነጠልን ያጠበቁ የሕወሓት አንጃዎች አሉ፡፡ አዛውንቱ ግትር ሕወሓቶች የመነጠልን አጀንዳ ካወረሷቸው ልጆቻቸው መሀል፣ ‹‹ሳልሳዊ ወያነ›› የተባለው ቡድን የሕዝብ ግንኙነት ሰው ሲናገር እንደተሰማው ከሆነማ፣ መነጠልን ያነገቡት ኢትዮጵያ በደለችን ከሚል መንደርደሪያ አኳያ ብቻ ሳይሆን መነጠልን በራሱነቱ ይሹታል (‹አስፓየር› ያደርጉታል)፡፡ ከኢትዮጵያ ኦርቶዶክስ መንበር ተነጠልኩ ባለችው የትግራይ ኦርቶዶክስ ቤተ ክርስቲያንም ውስጥ የመነጠል አጀንዳ አድብቶ እንዲቆይ ተደርጓል፡፡ ዛሬ በተራው የትግራይ ሕዝብና ወጣት ዘንድ ያለው ዝንባሌ የሚነግረን ግን ከሕወሓትና ከሕወሓታዊዋን ውጪ የሆኑ የፖለቲካ ቡድኖች ያለ አፈናና ሥጋት የሚንቀሳቀሱበት ሁኔታ ከተፈጠረ፣ በኢትዮጵያ ማዕቀፍ ውስጥ በሰላም ከመልማት በቀር ከመነጠል ዓላማ ጋር መንገታገትን ለጆሮው እንኳ መስማት የማይሻው በገፍ እንደሆነ ነው፡፡ ከዚህ ቀደም ሕወሓታዊዋን ከአገር ውስጥ እስከ ባህር ማዶ ድረስ አፍ ተልብ ሆነው ‹‹ጦርነቱን የጀመረው የዓብይ መንግሥት ነው!…፣ የኢትዮጵያ መንግሥት ጦርነት የከፈተብህ እንደ ሕዝብ ከምድረ ገጽ ሊያጠፋህ ነው!›› የሚል ውሸትን እውነት አስመስለው ሕዝብን እንዳላደናገሩ ሁሉ፣ ዛሬ ፍርክስክሳቸው ወጥቶ የገነቡትን የውሸት ካብ በእርስ በርስ መጋፈፍ እየናዱ ነው፡፡ በተለይ ፀፀት የማይነካካው የቆሞ ቀሩ ክንፍ ወካዮች፣ እስከ ወገባቸው በተቀበሩበት ሁኔታ ‹‹መንገድ አሳልፈኝ›› እስከ ማለት ያሉበት እውነታ ጠፍቷቸው መሳለቂያነታቸው ልክ አጥቷል፡፡ ለጦረኞቹ ምርኮ ቀረሽ፣ ለመላው ሕዝብ ግን ሰላም አምጪ የሆነውን የፕሪቶሪያ ስምምነት፣ የኢትዮጵያ መንግሥት ሰዎች እንደምናፈርሳቸው ፈርተው ነው የፈረሙት ብሎ እስከ መቀላመድ ድረስ ውሸታቸው መጃጀቱን የትግራይ ሕዝብ ለማየት በቅቷል፡፡ ከአሮጌው የሕወሓት መስመር የተቃረኑ የትግራይ ሕዝብ ትንፋሾችን፣ ‹‹በገንዘብ ጉርሻ የተገዙ›› አድርገው ቆሞ ቀሮቹ ማጠልሸታቸውም ብልጠት አልነበረም፡፡ ሕወሓቶች ጥርስ የነቀሉበትን ስምና ተግባር የማጠልሸት ንክሻቸውን የትግራይ ተራ ሕዝብ በማይወናበድበት መልክ እንዲቀምሰው ነበር የረዱት፡፡ ዛሬ የትግራይ ሕዝብ ነፍስ ከማዳን ትግል ባልራቀ ኑሮ ውስጥ እየተዳፋ ሳለ፣ ‹‹ሕወሓትን ማዳን የትግራይን ሕዝብ ማዳን ነው›› የሚሉት ሥልጣን አምላኪዎች፣ ሽሬ ምድር ውስጥ ምን እየማሱ እንደሆነ ሕዝብ ጉድ እያለ ታዝቧል፡፡ ያኔ በጦርነቱ ጊዜ የኤርትራ ኃይል ሠራ ስለሚባለው ግፍ ሲቀልጥ የነበረው ኡኡታ ወደ ጀርባ ተሸሽጎ፣ የዛሬው የወርቅ ዘረፋ ንግድ ከእነማን ጋር ሰንሰለት እንዳበጀ ለሕዝብ ጆሮ ሥውር አይደለም፡፡ በአጭሩ ለተሻለ ሕይወት ልጆቹን ሲገብር የኖረው የትግራይ ሕዝብ ምን ያህል በስሙ እንደ ተነገደበት የተጣበቀ አንጀቱን ደግፎ እያስተዋለ ነው፡፡,1
ይህ አስተውሎቱ በዝምታ የተሸበበ አይደለም፡፡ ዛሬ ያለበትን አንጃዊ ሁኔታ በአግባቡ አጢኖ፣ ከሕወሓታዊ የኅሊናና የመዋቅር ጥርነፋም ሆነ ከጦርነት አዚም ተገላግሎ ልማት ውስጥ የሚገባበትን መንገድ በብልኃት እየጠረገ ይገኛል፡፡ ለአንዳንድ አወቅን ባይ ልሂቃን፣ የጌታቸው ረዳና የደብረ ጽዮን ቡድን ፍትጊያ ‹‹የሥልጣንና የተሻልኩ ሕወሓት እኔ ነኝ›› የሚል ነው፡፡ የብዙኃኑ አረዳድ ግን በተለይ ነው፡፡ የጌታቸው ረዳ ጊዜያዊ መንግሥት ከፕሪቶሪያው ስምምነት መከበር ጋር አዳብሎ ያነገበውን ሰላምና ዴሞክራሲ፣ ሕዝቡ ወደ ተሻለ ሕይወት መረማመጃ መንገድ አድርጎ ወስዶታል፡፡ በድጋፉ የጌታቸውን መንግሥት ሙጥኝ ያለውም ለዚህ ነው፡፡ የድጋፍ ሙጥኙም ጭፍን ሳይሆን ታክቲካዊ ነው፡፡ ለዚህም ፍንጫችን ‹‹እንደማትክደን/እንደማትሸጠን ተስፋ እናደርጋለን…›› የሚል ማስጠንቀቂያ ተደጋግሞ ከሕዝብ መሰማቱ ነው፡፡ ልሂቅ ትምህርት ከብዶት፣ ተሬው ሀ፣ ሁ… ሲያስቆጥረው እያየንም ይመስላል፡፡,1
ይሁን እንጂ የትግራይ ሕዝብ ከጦርነት ተገላግሎ የሚሻውን የፖለቲካ አማራጭና ፓርቲ እየመረጠ በሰፊዋ ኢትዮጵያ ውስጥ የመኖር ዕድሉ ገና ገና ብዙ ፈተና ያለበት ይመስላል፡፡ ይህ የሕዝቡ ትግል የለውጥና የፀረ ለውጥ አካባቢያዊ ምሽጎች ሠርቶ ደም የሚያረግዝ መፋጠጥ ውስጥ እንዳይገባ፣ የለውጥ ኃይል ነን የሚሉ ትግራዋይ ቡድኖች በሕዝብ ውስጥ ገብተው መሥራት ያለባቸው ጊዜ ዛሬ ነው፡፡ ሃይማኖትና ፓርቲ፣ ፓርቲና መንግሥታዊ የፀጥታ አውታራት፣ የፓርቲ መረብና የመንግሥት አውታራት መደበላለቃቸው የተቋረጠበት ዓውድ እንዲፈጠር የሚያስተጋባ ድምፅ ማሰማት ያለባቸው ዛሬ ነው፡፡ የፌዴራል መንግሥትና ጊዜያዊው የትግራይ አስተዳደርም ተጋግዘው ምቹ ሁኔታዎችን በማዳበርና በማፋጠን ሕዝቡን ሊያግዙት ይገባቸዋል፡፡ ጊዜያዊ አስተዳደሩ የሆነ ጥግንግኖሽ ቢደረግበት እንኳ የትግራይ ሕዝብ ወደ ዴሞክራሲያዊ ነፃነት የሚያደርገውን ጉዞ የሚያጓጉል ውጤት እንዳይከተል ብርቱ ጥንቃቄ ሊደረግ ይገባል፡፡ በዚህ ረገድ በቅርብ የተጀመረው ትጥቅ የማስፈታቱና መልሶ የማቋቋሙ ሥራ መፋጠን ሁነኛ ነው፡፡,1
ከመነጠል በመለስ ከየብሔሩ በበቀለ ብሔርተኛ ፓርቲ መገዛትን ‹ራስን በራስ ማስተዳደር› እያሉ ማጭበርበር,1
በዓለማችን የራስ በራስ አስተዳደር ልምድ ውስጥ እንደታየው በተቀዳሚ ያለ ዴሞክራሲ ሥርዓት የሕዝብ ራስን በራስ ማስተዳደር ተጨባጭ አይሆንም፡፡ የራስ በራስ ትድድር ዕሳቤ ጉራማይሌ ኅብረተሰብነትንም የሚያካትት ነው፡፡ ከ1983 ዓ.ም. ወደ እዚህ ባለ ልምድ ያየናቸውን ብሔርተኛ ገዥዎች፣ ‹‹ወገኔና ባዕድ›› እያሉ አንጓላይ እንዲሆኑ (መብቶችን መጥቀሚያና ማጥቂያ እንዲያደርጉ) የዳረጋቸው፣ የ‹ሕዝባቸው› ከጉራማይሌነት አለመጥራት አይደለም፡፡ ለፍትሐዊነትና ለእኩል አተያይ መሥራት፣ ለብሔር ፖለቲከኞች/ፓርቲዎች ባዕድ ስለሆነ ማንጓለልና ማዳላት ለብሔርተኞች የአዕምሮ ሙሽት ውስጣዊ ባህርይ ስለሆነ ነው፡፡ አንጓላይነቱ የዓለም አቀፍ ተቋም መሪ እስከ መሆን ተደርሶም ከዓለም አቀፋዊ ማዕቀፍም ሆነ ከአገራዊ ዜግነት አውርዶ በአካባቢ ጎጠኝነት ውስጥ ሲያልወሰውስ ታይቷል፡፡ ከዚያም በባሰ ደረጃ ብሔርተኝነት፣ የግለሰቦችን ንትርክና ፀብ ብሔረሰባዊ እያደረገ ሲተረጉም፣ ትዳርና ጓደኛነትን በብሔር መመዘኛ እስከ ማጥራት ሄዶ እያፋታ ‹‹ሲያስተካክልም›› ታይቷል፡፡ ሌባና ወንጀለኛን (ነፍሰ ገዳዮችን ሳይቀር) የብሔር ወገኔ እያለ እስከ መደገፍና እስከ መሸሸግም ድረስ አይነጥፉ ሊሆን መቻሉ በተግባር አሰልችቷል፡፡ በአጭሩ አንጓላዩ የብሔር ፓርቲ ወደ ሥልጣን መውጣት፣ ራስን በራስ ለማስተዳደር አያስችልም፡፡ ምክንያቱም ከፍትሕም፣ ከፍትሐዊነትም ከዴሞክራሲም ጋር ስለማይግባባ፡፡,1
እስከ ዛሬ (በተለይም በኢሕአዴግ ጊዜ) ብሔር የሌባና የግፈኛ መደበቂያ ጎሬ ሊሆን የቻለው፣ የራስ በራስ አስተዳደር ትርጉም ‹‹ቢጠቅመኝም ቢበድለኝም የብሔሬ ሰው ይግዛኝ›› ከሚል የተሻለ ይዘት ስላልነበረው ነው፡፡ ግንዛቤያችን በብሔርተኛ ወገንተኝነት ከመቄል ወጥቶ ለእኩልነት ለፍትሐዊነትና ለመተሳሰብ የቆሙ መሪዎችን ወደ ሥልጣን ለማውጣት የሚጥርና ይህንኑ ለመቆጣጠር የሚሻ ዴሞክራሲያዊ ንቃተ ህሊና ሲፈጠር፣ የአገሪቱም የሥልጣን አደረጃጀት በዚሁ እየተቃኘ ሲመጣ፣ የየአካባቢዎች ትድድር ‹‹ገዥነት ‹የባለቤት› ብሔር መብት ነው›› ከሚል መሥፈርት ይወጣል፡፡ በአስተዳደሮች አሠራር ውስጥም የብዙኃኑ ፍላጎት በበላይነት መምራቱ የንዑሳኑን መብት ካለመዳመጥ ጋር ተገናዛቢ ይሆናል፡፡ በዚሁም መሠረት የአስተዳድሮች ተዋረዳዊ የጥንቅር መልክዓ ምድር ከሞላ ጎደል ማኅበረሰቦችን ሳያንጓልል አምሳያንም ሆነ ድብልቅ ይዘቶችን በዓውደ ዴሞክራሲ ያንፀባርቃል፡፡ ራስን በራስ ማስተዳደር ማለት የግድ እያንዳንዱ ሕዝበ-ነገድ ከሌላው ጋር ያልተቀላቀለ የይዞታ ወሰን ተሠርቶልኝ ለብቻ ባንዲራ ካልሰቀልኩ ማለት እንዳልሆነ ያወቀና ብዙ ነገሮችን ያመዛዘነ ግንዛቤ ይፈጠራል፡፡ አስተዳደራዊ ስብስቦች የሥነ ልቦና የባህልና የኑሮ ተያያዥነትን ለትድድርና ለተደጋገፈ ዕድገት ቀናነትን ሁሉ በማመዛዘን የበለጠ እየተቡ ይሄዳሉ፡፡ በሁለት ሦስት ቋንቋዎች አፍ የመፍታት ሁኔታ ከመዳበር ጋርም ሁሉን ቋንቋ የትምህርትና የመንግሥት ሥራ መሥሪያ ለማድረግ ከመቸኮል ይልቅ፣ በተወሰኑ የጋራ ቋንቋዎች እየሠሩ ከዕድገት ጋር አድማስን የማስፋት አስተዋይነትም ይሰምራል፡፡,2
‹‹ብሔርተኛ ፖለቲካ ለብሔሩ ጥቅም ራሱን የሰጠ›› ብሎ ነገር,1
በአገራችን የታየ ትልቅ ውሸት ከብሔሩ የበቀለ ሌባና ወንጀለኛን ሸሻጊ እስከ መሆን ሕዝብን ያሳሳተው፣ ‹‹ብሔርተኛ ለብሔሩ›› የሚል አታላይ ግንዛቤ ነው፡፡ በኢትዮጵያ ያየናቸው ብሔርተኛ ፖለቲከኞች ሁሉ፣ ሥልጣን ከመያዛቸው በፊትና በኋላ ኅሊናን በበደል ቁጣና ቁርሾ መሙላት፣ በኅብረተሰብ ውስጥ መሸካከር፣ ግጭት፣ ትርምስና መፈናቀል መዝራት ባህሪያቸው ነው፡፡ ብሔርተኞች ፀብ እየደገሱ ኪሳቸውን በሀብት ወደ መሙላት ሊያመሩና ሊሳካላቸው ይችል ይሆናል፡፡ ግለሰቦችና ቤተሰቦቻቸው የብዙ ሚሊዮን ገንዘብ ቱጃሮች ስለመሆናቸው ሲተረክላቸውም ለመስማት በቅተናል፡፡ ብሔርተኞች ከዘሩት ቁርሾና ንቁሪያ የትኛውም የኢትዮጵያ ብሔር/ብሔረሰብ ሲጠቀም (ሰላምን ዕድገትንና ብልፅግናን ሲያካብት) ግን አልታየም፡፡ የየብሔር መጠቀም ማለት በበደል ቁጣና ቁጭት እየተቃጠሉ፣ እየተሸካከሩ፣ ግጭትና ጦርነት ውስጥ እየገቡ የየብሔር ጌታ መጠቀሚያ አሽከር መሆን ነው ካልተባለ በቀር፡፡ በአጭሩ ለማጠቃለል፣ ‹‹ከእኔ ብሔር የበቀለ ብሔርተኛ ለብሔሬ ጥቅም የቆመ›› የሚል ግንዛቤ አሳሳች የህሊና ሰንሰለት እንደሆነ ሁሉ፣ ‹‹ከብሔሬ ውጪ የሆነ ሰው ለብሔሬ ጥቅም ባዕድና ተጋፊ ነው›› የሚል ግንዛቤም እንደዚያው አሳሳች ሰንሰለት ነው፡፡,3
የብሔር እኛነትንና የብሔር ፖለቲካን ‹‹ብሔርተኛነት›› ብሎ መጥራት,1
በእሳት የመጫወት ስህተት የ‹‹ብሔር-ተኝነት›› ደራሲ ብርሃኑ ሌንጂሶ፣ ከመጽሐፉ እንደምንረዳው፣ አገሩን ኢትዮጵያን የሚወድ በኢትዮጵያነቱም የሚኮራ፣ ለብሔሩ የሚቆረቆር፣ ከዚህ ሁሉ በተጨማሪ የብልፅግና ፓርቲን የ‹‹መደመር›› አተያይ የሚደግፍ ሰው ነው፡፡ እንደዚያም ሆኖ የአስተሳሰብ ጥራት ማግኘትን በማይጠቅም፣ እንዲያውም በሚያደናቅፍ ብዙ አገባብ ‹‹ብሔርተኝነት›› የተሰኘውን ስያሜ ይጠቀምበታል፡፡ ‹‹ብሔርተኝነት››ን ለኢትዮጵያም ለዓለምም መመልከቻነት አውሎት፣ በቅድመ ክርስትና ዘመን ‹‹ሆነ›› የሚባለውን የንግሥተ ሳባ ትርክት ሁሉ ከብሔርተኛነት ጋር ያያይዘዋል፡፡ በጥቅሉ ለመናገር፣ ንጉሠ ነገሥታዊ ብሔርተኝነት፣ ወግ አጥባቂ ብሔርተኝነት፣ ሊብራል ብሔርተኝነት፣ ሲቪክ ብሔርተኝነት፣ ማኅበረሰባዊ ብሔርተኝነት፣ ኅብረ ብሔራዊ ብሔርተኝነት፣ ኢትዮጵያዊ ብሔርተኝነት፣ ተስፋፊ ብሔርተኝነት፣ አግላይ ብሔርተኝነት፣ የሃይማኖት ብሔርተኝነት፣ ፀረ ቴክኖሎጂ ብሔርተኝነት፣ ዘመናዊ ብሔርተኝነት… ሁሉ የሚላቸው ነገሮች አሉት፡፡ የተጠቃቀሱትን ብዙዎቹን ስያሜዎች በመጽሐፉ ውስጥ ያመጣቸውም በእንግሊዘኛ ጽሑፎች ውስጥ ለ‹‹…ናሽናሊዝም›› ቅፅል እየሆኑ የተቀመጡ ሐረጎችን በቁማቸው እየተረጎመ ነው፡፡,2
ብሔርተኝነትን ጥንትም፣ ትናንትም፣ ዛሬም፣ ወደፊትም እንደሚኖር አድርጎ ስለዘረጋው፣ ታሪካዊ የአመጣጥ ዘመን ያሳጣዋል፡፡ ገጽ 275 ላይ ‹‹ባለ ብዙ ብሔር አገሮች ውስጥ አርበኝነት የአገር ፍቅርን የሚገልጽ ጽንሰ ሐሳብ ሲሆን፣ ብሔርተኝነት ለራስ ብሔር የሚኖር ስሜትና አመለካከት ነው›› ብሎ ቢለንም፣ ብሔርተኝነትን ለአገር ፍቅር መግለጫነትም ያውለዋል፡፡ የብሔር ፍቅርን (እኛነትን) ከብሔር ፖለቲካ ጋር በአንድ ላይ ‹‹ብሔርተኛነት›› ብሎ ይጠራዋል፡፡ እንዲህ ያለው አጠራር መዘዘኛ የሆነ የፖለቲካ አተያይ መሳከር እንዲፈጠር ያደርጋል፡፡ ሰዎች ለተወለዱበት ሥፍራ የጋራ ስሜት ወይም እኛነት አላቸው፡፡ ለብሔራቸውም የጋራ ስሜት ወይም እኛነት አላቸው፡፡ ለአገራቸውም እንዲሁ፡፡ የትውልድ ሥፍራንም ሆነ የብሔርን ዕርምጃ በአገራዊ እኛነታቸው ዕቅፍ ውስጥ የሚያስተውሉና በአገራዊ እኛነታቸው ለሁሉም የአገራቸው ኅብረተሰብና አካባቢዎች የሚብሰለሰሉ ሰዎች ንቁ ዜጎች እንጂ ብሔርተኞች አይደሉም፡፡ በብሔር መሥፈርት የፖለቲካ ስብስብ ፈጥሮ፣ የብሔር ይዞታው ታውቆለትና ይዞታዬ ባለው ሥፍራ የብሔር ፓርቲ አገዛዝን ለማቋቋም የሚሻ የፖለቲካ እንቅስቃሴ በትልቅ አገር ውስጥ ለመታቀፍ ቢወድም፣ ሲለው ደግሞ ለብቻዬ እስከ ማለት ድረስ የፖለቲካ አመለካከቱ ሊዘረጋ የሚችል ነው፡፡ እናም በኢትዮጵያዊነት አብራክ ውስጥ የሚገለጽ የብሔር ስሜት/ንቃት ‹‹የብሔር እኛነት›› የሚል አጠራር አይጠበውም፡፡ ይጠበው ይመስል ግን ‹ብሔርተኛነት› በሚል መጠሪያ ከብሔር ፖለቲከኞች ጋር ማዳበል ብሔርተኞች በአተያይ እንዲያምታቱ የጋራ ዋሻ የሚሰጥ ስህተት መሥራት ይሆናል፡፡ ይህንኑ ስህተት በምሳሌ ማሳየት ይቻላል፡፡ ብርሃኑ በተጠቀሰው መጽሐፉ ገጽ 193፣ ከለውጡ በፊት በነበረው የኢሕአዴግ አስተዳደር ከአገራዊ አንድነት ይልቅ ለብሔር ጥያቄዎች ሰፊ ትኩረት ስለመሰጠቱ ያወሳና፣ በብልፅግና አመራር ግን ሁለቱ አብረው መታየት እንዳለባቸው ስለመቀመጡ፣ እንዲሁም ሁለቱ ማንነቶችና ብሔርተኝነቶች ለኢትዮጵያ መጠናከር አስፈላጊና ተመጋጋቢ ስለመሆናቸው ይናገራል፡፡ ይህንን ነው አሳሳች የምንለው፡፡ ብሔርተኛ ዓላማ አንግቦ በብሔርተኛ ፓርቲ የተሰባሰበ ፖለቲካና ከብሔርተኛ የአስተሳሰብ ቅፅር ወጥቶ ብዝኃነትን ባካተተ ውህድ አመለካከትና አደረጃጀት አማካይነት ለሁሉም ማኅበረሰቦች መብትና ግስጋሴ የሚታገል ፖለቲካ ተመጋጋቢ ሊሆኑ አይችሉም፡፡ አንዳቸው ለሌላቸው ሸርሻሪ ይሆኑ እንደሆን እንጂ፡፡,2
የብሔር ፖለቲከኛ ሳይሆኑ አገርንም ብሔርንም ምን ያህል መውደድ እንደሚቻል፣ የ‹ዩቲዩቡ› ሶሎዳ ሚዲያን ‹‹ወዲ ሻምበል›› ማየት ነው፡፡ አንድ መሐመድ የሚባል የወሎ ገበሬ በሰሜኑ ጦርነት ጊዜ በረሃ ላይ ቆስለው የወደቁ የትግራይ ወጣቶችን ስለማየቱ ሰው ይነግረውና ከሁለቱ ውስጥ የሞተውን ቀብሮ በነፍስ ያለውን ቁስለኛ አንስቶ ወደ ቤቱ ይወስዳል፡፡ ባለችው የኑሮ አቅሙ ከዓመት በላይ እየተንከባከበና ቁስሉን እያጠበም እንዲሽር ይረዳዋል፡፡ መሰልቸት ባልነበረበት በዚህ ዕገዛ ውስጥ፣ በቋንቋ ብዙም የማይግባቡት ሰዎች የአባትና የልጅ ፍቅር ያዳብራሉ፡፡ የብሔር ፖለቲከኛነት ይህንን የመሰለ ዝምድና ለመገንባት አያስችልም፡፡ ብሔርተኛ ያልሆነው ወዲ ሻምበል፣ የሁለቱን ሰዎች አድራሻ አፈላልጎ ዕንባውን እየታገለ ቃለ መጠይቅ በማድረግ ይህንን አስተማሪ ታሪክ አቋደሰን፡፡ ከዚህም በላይ ኢትዮጵያውያን ሁለቱንም ሰዎች በባንክ በኩል እንዲረዷቸው ጋብዞ፣ የመጀመሪያውን ዕርዳታ እሱ ሲቀድስ አስተውለናል፡፡ ይህንን ለማድረግ ብሔርተኛ ፖለቲካ ዕውን ያስችላል?,2
የብሔር ፖለቲካ የሚያንጓልል/የሚያዳላ አመለካከቱን ሲያራምድ ቆይቶ፣ ባስ ሲልበት ወደ ፅንፈኝነትና ወደ ጦረኝነት ይሽቀነጠራል፡፡ የብሔር ፅንፈኞችና ጦረኞች ዛሬ በተዘፈቁበት ሰላም ነሺነትና ደም በማይጠግብ ዝቅጠታቸው ሕዝብን ግሽግሽ አድርገዋል፡፡ የሰላሌ ሕዝብ ልጆች አንገት ላይ ቀንበር አስገብቶ የወጣበት ‹‹ገላግሉን!!›› የሚል ሠልፍም ለመላው የኢትዮጵያ ሕዝብ መመረር ሐውልት ሆኖ የሚቆም ነው፡፡ በኢትዮጵያ የትግል ታሪክ ውስጥ በቅርብ አሁናችን ውስጥ ደርቶ የተስፋፋው የፖለቲካ ዝቅጠት መቼውንም ታይቶ አይታወቅም፡፡ ግሳንግስ ‹‹ቡትለካዎች››፣ ‹‹ለሕዝብ በመታገል›› ስም በጫካ ሽፍትነትና በኢንተርኔት ሽፍትነት በኩል የፈጸሙት ጥላቻን ማበጣበጥን፣ ማፋጀትን፣ እገታንና ዘረፋን ሁሉ ያቀላቀለ አመንዝራነት በታሪካችን ውስጥ ተወዳዳሪ ዘመን አይገኝለትም፡፡ ይህ ሁሉ የቅሌት ልምድ ከታየ በኋላ ድጋሚ ወደ አዘቅት ከሚወስዱ ቁልቁለቶች መጠንቀቅ ተገቢ ነው፡፡ የኢትዮጵያ እውነታ እየተቀየረ በመሆኑም፣ የብሔር ፓርቲ ሥልጣን ላይ ወጥቶ የሚያንጓልልበት ዘመን አልፎ፣ ብዝኃነትን ያካተተ የፓርቲ አደረጃጀትና ዴሞክራሲ ሕዝቦችን በፍትሐዊ ልማት የሚያስተቃቅፉበት ዘመን ጠብቷል፡፡ በዚህ አዲስ የታሪክ ምዕራፍ ውስጥ መሳተፍ የምትሹ የብሔር ፖለቲከኞችም፣ የሚፈለግባችሁ ከእስከ ዛሬው ልምድ ትምህርት ወስዶ አስተሳሰብንና አደረጃጀትን ማስተካከል ነው፡፡ ኢትዮጵያውያን በየብሔር ፓርቲ ከሚጓዝ ፖለቲካ ይልቅ በኅብራዊ ፖለቲካ ላይ ሰፊ መግባባት መፍጠር ከቻልን ለአገራችን ትልቅ ዕርምጃ ነው፡፡,3
ሥልጣን ላይ የተቀመጠ መንግሥት ሁሉ ለአገር ጥቅም ይሠራል ብሎ ማሰብና መታለል,1
በዓባይ ውኃ የመጠቀም ቀጣይነት የግብፅ ሕዝብ አገራዊ ጥቅም ነው፡፡ የዚህ ጥቅም ቀጣይነት ከዓባይ ውኃ ተጋሪዎች ፍትሐዊ ፍላጎቶች ጋር መግባባትን ይጠይቃል፡፡ የግብፅ መንግሥት ግን ብዙ ገንዘብ ሲከሰክስና ድር ሲያደራ ውሎ የሚያድረው የዓባይ ተጋሪዎቹን በአለመግባባትና በቀውስ ለማድቀቅ ነው፡፡ ለሶማሊያ ፌዴራላዊ አገር ዛሬ ከምንም ነገር በላይ ሉዓላዊ ጥቅሟ ከሽብር ሜዳነት ተገላግሎ በአስተማማኝ ሰላም ውስጥ በልማት ለመጠንከር መቻል ነው፡፡ አሁን ባለው እውነታ የፌዴራል መንግሥቱ ማዕከል ሞቃዲሾ ሽብር ይመላለስባታል፡፡ የፌዴራል አባል ምድሮቹ ኅብረትም እየዋዠቀ ነው፡፡ የአገሪቱን ፕሬዚዳንት ሐሰን ሞሐመድን ከአገር አገር የሚያሯሩጠው ግን፣ ከሰላሳ ምናምን ዓመታት በላይ ከሶማሊያ የተፋታችውን ሶማሌላንድ ‹‹ሉዓላዊ ይዞታዬ›› የሚል ቡራከረዮ ነው፡፡ እንዲህ ያለው ‹‹የብብትን እየጣሉ…›› ውፈፋ ሶማሊያን የሚበጅ ሳይሆን፣ ሶማሊያ በስንት መስዋዕትነት የደረሰችበትንና የያዘችውን ሁሉ የሚያሳጣ ነው፡፡ ዝርዝሩ በቀላሉ አያበቃም፡፡ ሌሎቹን የቅርብ ጎረቤቶቻችን ጨምረን፣ የዓለም አገሮች ከተራ አገሮች እስከ ኃያላኑ ድረስ ያሉ የዛሬ መንግሥታት ምን ያህል የሕዝባቸውን ጥቅም እያራመዱና እየተንከባከቡ እንደሆኑ ብንመረምር፣ ዓለማችን ውል የጠፋው ውልቃት ውስጥ እንደሆነች እንረዳለን (ይህንን ጉዳይ በሌላ ርዕስ ውስጥ እንመጣበታለን፡፡)፡፡,2
ኢትዮጵያ አዲስ ምዕራፍ ላይ ትገኛለች ስንል፣ ከላይ ከጠቀስነው አካባቢያዊና ዓለም-ገብ ሁኔታ ጋር ከተገናኙ ብዙ አሮጌ ችግሮች ጋር ገና የሚያታግል ፈተና እንዳለብን ሳንዘነጋ ነው፡፡ የውጭና የውስጥ ኃይሎች በተቀናበሩበት ትግግዝ፣ ኢትዮጵያን በተነጣይ የጠመንጃ ትግሎች እየሸራረፉ የማሳነስ ሙከራ አንጋፋ ችግራችን ነው፡፡ በአንደኛው የዓለም ጦርነትነት ውጤትነት ከኦስትሮ-ሃንጋሪና ከኦቶማን ኢምፓየሮች ማኅፀን አገሮች እንደተፈለፈሉ ሁሉ፣ ኢትዮጵያንም በጦርነት አሽመድምዶ ወደ ሰላም-አልባ ብጥስጣሽ አገሮች እንድትወርድ ተለፍቷል፡፡ ኢትዮጵያን በጦርነት ምርኮ ይዞ ዕጣዋን መወሰን የማይሆን፣ ከሆነም የእርስ በርስ ጭፍን ፍጅት አቀጣጥሎ በ‹ዘር ፍጅት› ጥቃት ዓለም የደገፈው መነጠልን ለማዋለድም ተሞክሯል፡፡ ደባዎቹ ገና አልደረቁም፡፡ ጥይት ተኳሽ የውስጥ በጥባጭና ተነጣይ አርብተውና ተጣብተው ኢትዮጵያን ለመሰባበር የሚመኙ የጥፋት ኃይሎች ዛሬም አገራችንን ዙሪያ እየዞሯት ናቸው፡፡ የውጭ ተቀፂላ በሆነ ጦርነት አማካይነት መነጠልን ማሳካት የሚሹ በውስጣችን አሉ፡፡ ከጦርነት በመለስ ጭቅጭቅ ያለባቸውን መሬቶች ሉዓላዊ ይዞታችን በሚል ብልጣ ብልጥነት አንቀው ዴሞክራሲ ሳይደላደል በፊት ባልፀዳ የሪፈረንደም ‹‹ጥበብ›› ለማምለጥ ያደቡም ቡድኖች አሉ፡፡,2
ይኑሩ እንጂ የትኛውም ሕዝባችን የየትኛውም ቡድን የአጠባ ርስት የማይሆንበትን ነፃ የፖለቲካ አየር ካለማን፣ አብሮም የሕዝባችን ሰላምና ኅብረትም ሆነ የአገራችን ደኅንነት በዋዛ የማይበገር መሆኑን አጉልቶ የሚናገር ሁለገብ ግስጋሴ ማድረግ ከቻልን፣ ከዚህ ዕርምጃችን ጋር በተጣጣመ አኳኋን የፌዴራል ሥርዓታችንን ዴሞክራሲያዊ ደም ግባት ማፋፋት ከሰመረልን፣ የማንወጣው ደንቃራና ሴራ አይኖርም፡፡ በጥባጮችንና አሸባሪዎችን ከውስጥም ሆነ ከውጭ ሊያዘምቱብን የሚሠሩ ደበኞች አይሳካላቸውም፡፡ ሕገ መንግሥቱ ከመሻሻሉና ሁኔታዎች ከመጥራታቸው በፊት በሪፈረንደም አጨናብረው መነጠልን ለማሳካት የሚያደቡ ቡድኖችም አያሠጉንም፡፡ አንደኛ ከዚህ ቀደም በ1980ዎች ሻዕቢያ ያደረገው ዓይነት ሕዝብን ሰቅዞና ሥልጣን ላይ የወጣ የሴራ ሽርካ ይዞ መሬት/ወደብ የሞጨለፈበት መሰል ታሪክ በአሁኗ ኢትዮጵያ አይደገምም፡፡ ሁለተኛ ዴሞክራሲያዊና ፍትሐዊ ሪፈረንደም መነጠል የማይሹና በመነጠል ላይ ድምፅ መስጠት የማይፈለጉ ማኅበረሰቦችን መብት ‹‹ሉዓላዊ ግዛት›› ለሚባል ብልጣ ብልጥ መሥፈርት አሳልፎ አይሰጥም፡፡ ማለትም ሪፈረንደም የሚያካሂዱት አካባቢያዊ የጋራ እኛነትን ያጎለበቱ ማኅበረሰቦች እንጂ ‹‹ሉዓላዊ ይዞታ›› የተባለው መሬት አይደለም፡፡ ሦስተኛ የአካባቢ ፖለቲካን በጥርነፋ ተቆጣጥሮ ሲበድልና የተነጠለ አገር ለመፍጠር በሕዝብ ደም ሲቆምር የነበረ ቡድን ዛሬም እያገሳ ባለበት ሁኔታ ውስጥ ወደ ነበርክበት ግቢ ተመለስ ብሎ መፍረድ ይቅርና በመመለስ አለመመለስህ ላይ ድምፅ ስጥ ብሎ መፍረድ እንደምን ፍትሐዊ ይሆናል? በሕገ መንግሥቱ መሠረት ሪፈረንደም እንዲያደርጉ የተወሰነባቸው ሕዝቦች የአፈናና የመነጠል አጀንዳ ሲሳይ መሆን አንፈልግምና ከሪፈረንደም በፊት እነዚህ ሁኔታዎች ይገፈፉ ቢሉ፣ ምን ጥፋት ይሆንባቸዋል? ቀሪው የትግራይ ሕዝብስ እነዚህን ሕዝቦች ያሸሻቸው የገዥው ቡድን በደል መሆኑን አጢኖና የትግራይም ከመነጠል አጀንዳ ጋር መሰፋት የዚያ ቡድን ስቀዛ ውጤት መሆኑን አስተውሎ ቅድሚያ ለአፈናና ለውዥንብር መገፈፍ ተባብሮ ቢቆም፣ (‹በየትኛው ነፃ ዓውድ ውስጥ ነው ኢትዮጵያዊነቴን ለመሻርና ከሰፊዋ አገሬ ልለይ የሚል ውሳኔ የወሰንኩት?› ብሎ በስሙ የነገደውን ቡድን ቢያፋጥጥ) ጥርጣሬን አፍርጦ መተማመንን ከመፍጠር በቀር ምን ይጎልበታል? አራተኛ ከሁሉም በላይ ለኢትዮጵያ ትልቅ አገር ሆኖ መቀጠል ዋና መተማመኛዋ ራሳቸው መላ ሕዝቦቿ ናቸው፡፡ በወከባና በሐሳዊ መረጃ ተወስውሶ የተሳሳተ ውሳኔ እንዲያደርግ ካልተደረገ በቀር የትኛውም የአገራችን ሕዝብ ትልቅ መልክዓ ምድር/ትልቅ የተፈጥሮ ፀጋ ባላትና በሚያጓጓ የግስጋሴ ጎዳና በተያያዘች አገሩ ውስጥ እየዋኘ በየትም አካባቢ ዜግነቱና ሰውነቱ ተከብሮለት የግስጋሴዋና የስኬቷ ተሳታፊ ከመሆን ያነሰ ፍላጎት እንደ ሌለው በእርግጠኝነት መናገር ይቻላል፡፡ ይህ እውነት ስለመሆኑ ስንትና ስንት በደል እየተሰበከላቸው የተለዩን ሰሜናዊ ዘመዶቻችን — የተቆራመደ ኑሮን እየገፋ ባለ ተራ ሕዝብ ደረጃ — ልባቸው ዛሬም ኢትዮጵያ ውስጥ ነው፡፡ ትግራይ ውስጥ ያለው የብዙኃን እውነታ ደግሞ ለውስወሳ ያልተበገረና በመከራ የተመከረ ነው፣ እዚህ እዚህ… እያሉ ለማተትም የብሶቶች እጥረት አያጋጥምም፡፡,2
የትግራይ ብዙኃን ወጣቶች በውዥንብር ጉም ሰማይ ሥር ዳግም የጦርነት ፍዳ ውስጥ አለመግባት ደመ ነፍሳዊ ሐቃችሁ መሆኑን ጨብጣችኋል? የትግራይ ወጣቶች ሆይ! ውዥንብሩንና ድብስብሱን ሁኔታ እየቀደዳችሁ ወደ በረሃ መውረድን የሚቀላውጥ እያንዳንዶችን አዝማሚያ አውግዙ፡፡ በትግራይ ኦርቶዶክስ ቤተ ክርስቲያን አመራር ውስጥ ልብሰ ተክህኖና ቆብ አጥልቆ ያደፈጠውን የመነጠል አጀንዳ አስተውሉ፡፡ እነ ሣልሳዊ ወያነ የሚያመሰኩትን የመነጠል አጀንዳ አስተውሉ፡፡ ‹‹ይህ ያ መሬት የትግራይ ሉዓላዊ ይዞታ ነው! ያ እስካልተሟላ ሰላም የለም!›› ባይነት ውስጥ የተሸሸገ ተነጣይነት የፈጠረውን ያለመተማመን ተቃርኖ ልብ በሉ፡፡ ሁሉም ወደ ጦርነት የሚወስዱ — የወጣቶችን የመስዋዕትነት ደም የሚጠጡ — መንገዶች ናቸው፡፡ የትግራይን ሕዝብ ኑሮ በጦርነት ያዘባተሉ ጥላቻንና ጥርጣሬን የተከሉ አሮጌ አጀንዳዎችን የትግራይ ወጣቶች ‹‹እምቢ! በቃን!›› በሉ!! ፓርቲና ሕዝብን የማይነጣጠሉ አድርጎ የሚሰብክ ፖለቲካ ሰንሰለት መሆኑን፣ ለየትኛውም ሕዝብ ሐሳቦችንና ፓርቲዎችን ማማረጥ መብት እንደሆነ አስተጋቡ! ለመንግሥትና ለሃይማኖት መለያየት፣ ለሃይማኖትና ለፖለቲካ መለያየት፣ ለፓርቲና ለንግድ ሥራ መለያየት፣ እንዲሁም ለፓርቲና ለጠመንጃ መለያየት በፅናት ታገሉ! ‹‹ትንታግ ተዋለዶ ትግራይ›› በተባለ ቡድን ውስጥ የተሰባሰባችሁ ወጣቶች፣ ከሕጋዊነት ጋጥ የወጣ አፍኖ ገዳይ ባለባት ትግራይ ውስጥ ኅቡዕ መሆን የማያስገርም ቢሆንም፣ ከላይ ለተዘረዘሩት ግቦች የምትታገሉ ከሆነ አቋማችሁን ይፋ አውጡ፡፡ ራስን በመከላከል ስም ጥይትን የትግል መሣሪያ ለማድረግ ሐሳብ ካላችሁም፣ ከኢሕአፓ ጥፋት ተምራችሁ ትግራይን ወደ ሥርዓት አልባነት እንዳታንደረድሯት ከወዲሁ ታቀቡ፡፡ የሕገወጦቹ ሕወሓቶች አፈናና ግድያ እስኪገፈፍ ድረስ ኅቡዕ ብትሆኑ እንኳ ሰላማዊ ሥልትን በሥውርና በይፋ የመጠቀም ጥበብን እወቁበት፡፡ እናም በሰፊዋ ፌዴራላዊት ኢትዮጵያ የጋራ አገራችን ውስጥ፣ በመነጠል ጠርጣሪም ተጠርጣሪም ሳይኖር፣ ደፍጣጭም ተደፍጣጭም ሳይኖር፣ ከዘመድ ሕዝቦች ጋር በዕርቅ፣ በትምምንና በዴሞክራሲ ተቃቅፎ የመኖርን አቋም ከፍ አድርጋችሁ አውለብልቡ፡፡ የጋራ ትልምን፣ ዕርቅንና ትምምንን በተቆናጠጠ የአንድ አገር ልጅነት ትስስብ ውስጥ ከፍትሐዊ የልማት ዕድል አኳያ የይዞታን ጉዳይ መፍታት ቀላል ነው፡፡,1
አማርኛ ቋንቋ በተለምዶ በስም እና በስም ትምህርት ይሰራል፡፡ ስም በተለምዶ በተለያዩ ቦታዎች ሲተላለፍ እንደምትጠቀም እንቁላልን በተለይ በቤት እና በቦታ እንዲሁም በአካባቢ የሚታየው እና በዘወትር በሰላም አንደኛው ነገር እናቸው አማርኛ ምንም በገንዘብ በመሳሪያ ማሰስ እንደምትሆን ይችላሉ፡፡,6
በአማርኛ ቋንቋ ሰብስ በሁሉም አካባቢ አሳየች፡፡ በቤት እና በስፖርት ቦታዎች ሰለባበሩ፡፡ በአካባቢው በአማርኛ እንደተሰማ እና ማህበረሰቡን በማኅበረሰብ እንደማይቀዳበር በአንደኛው ነገር ሁሉ፣ እንቁላል በላይ ለሁሉም ምንም ሁኔታዎች ማስተላለፍ ተግባራትን ተስማማለች፡፡,6
የጐልማሶችና መደበኛ ያልሆነ ትምህርት መሪ ሥራ አስፈፃሚ,3
የጐልማሶች መሠረታዊ ትምህርት ዴስክ ኃላፊ,3
መደበኛ ያልሆነና የሕይወት ዘመን ትምህርት ኘሮግራሞች ዴስክ ኃላፊ,3
የመምህራንና የትምህርት አመራር ልማትና አስተዳደር መሪ ሥራ አስፈፃሚ,3
የከፍተኛ ትምህርት ልማት ዘርፍ በሚነስቴር ደኤታ የሚመራ ሲሆን በአራት መሪ ሥራ አስፈጻሚና በ17 ዴስኮች የተዋቀረ ዘርፍ ነው። ዘርፉ የከፍተኛ ትምርትን በማስፋት ጥራት ያለው መማር ማስተማር፣ ምርምርና ፈጠራ እንዲሁም የማህበርሰብ አቀፍ አገልግሎቶችን በመስጠት ብቁና ተወዳዳሪ ዜጎችን የማፍራት ሥራ ይሰራ ነው።,4
ሀገር አቀፍ ተልእኮዎችንና ፖሊሲዎችን መሰረት በማድረግ የትምህርት ፖሊሲ፣ ስትራቴጂ፣ ስታንደርዶች፣ መመሪያዎችን በማዘጋጀትና ተግባራዊ በማድረግ፣ የጥናትና ምርምር ተግባራትን በማከናወን፤ የአቅም ግንባታ ስልጠና መርሀ ግብሮችን በመቅረጽ፣ የሥልጠና ሰነድ አዘጋጅቶ ሥልጠና በመስጠት፤ ፕሮጀክቶችን ቀርጾ ሀብት በማፈላለግ፣ የተገኘውን ሀብት በአግባቡ ሥራ ላይ በማዋል፣ የአህዝቦት ሥራዎችን በመስራት የትምህርት ስራዎችን ለህብረተሰቡ በማስተዋወቅ፤ ተከታታይነት ያለው የድጋፍ፣ ክትትል እና ሱፐርቪዥን ሥራዎችን በማከናወን፣ የመምህራንና ትምህርት አመራር ልማት መርሀ ግብሮችን ውጤታማነት በመገምገም ጥራት ያለው የትምህርት አገልግሎትን በፍትሃዊነት ለማዳረስ ነው፡፡,4
ዘመናዊ ትምህርት ወደ ኢትዮጵያ ከ19ኛው ክፍለ ዘመን ጀምሮ በተለያዩ የውጭ ሀገር ሰዎች በዋናነት በሚሲዎናውያን እንደገባ ይታመናል፡፡ የመጀመሪያው ዘመናዊ ትምህርት ቤት በ1900 ዓ.ም በአዲስ አበባ ከተማ ዳግማዊ ምኒልክ ትምህርት ቤት የሚል ስያሜ ተሰጥቶት ተጀመረ፡፡,4
ትምህርትን ወደ ሌሎቹም የሀገሪቷ ክፍሎች ለማስፋፋት አጼ ሚኒሊክ የተለያዩ እርምጃዎችን የወሰዱ ሲሆን ከነዚህም መካከል የሉዕካን ቡድን ወደ ውጭ ሀገራት በመላክ የሌሎች ሀገራትን የትምህርት ልማት ልምዶችን ቀስመው እንዲመጡ የተደረገበት እና ብዙ ተማሪዎችን ወደ አውሮፓ ሀገራት በመላክ የአውሮፓውያንን ትምህርት እንዲማሩ መደረጉን ማንሳት ይቻላል። በዚህም መሠረት በአጼ ሚኒሊክ ዘመን ተጨማሪ ትምህርት ቤቶች በአንኮበር ሙቅ ምድር አካባቢ፣በደሴ ወ/ሮ ስህን እንዲሁም በአዲስ አበባና በድሬዳዋ ከተማ የአልያንስ ፍራንሴዝ ትምህርት ቤቶች ተቋቁመው ነበር።,4
አጼ ኃይለ ስላሴ በ1923 ዓ.ም ወደ ስልጣን ሲመጡ ዘመናዊ ትምህርትን በሀገሪቷ ውስጥ የማስፋፋት ሥራውን የሚመራ ሀገራዊ የሆነ ተቋም የሥነ-ጥበብ ሚኒስቴር በሚል ስያሜ እንዲቋቋም አድርገዋል። ተቋሙን ለተወሰነ ጊዜ ሀገር ከመምራት በተጨማሪነት ደርበው ከመሩ በኋላ የተቋሙም የመጀመሪያ ሚኒስትር አድረገው ክቡር ብላቴን ጌታ ሳህሌ ጸዳሉን ሾመዋል። በዚህም መሠረት በወቅቱ በነበረው የአስተዳደር መዋቅር መሠረት በየጠቅላይ ግዛቱ አዳሪ ትምህርት ቤቶች፣ የሴቶች ትምህርት ቤቶች፣ የቴክኒክ ትምህርት ቤቶች እንዲሁም የሚሲዮንትምህርት ቤቶች እንዲቋቋሙ ተደርገዋል።,4
ከጣልያን ወረራ በፊት እስከ 1928 ንጉሱ ዳግማዊ ሚኒሊክና ተፈሪ መኮንን ትምህርት ቤቶችን ጨምሮ 30 ትምህርት ቤቶችን በማቋቋም 5ሺ ተማሪዎች ወደ ትምህርት ቤት እንዲገቡ አድርገዋል፡፡ ተማሪዎቹ ወደ ትምህርት ቤት ገብተው እንዲማሩ ለማድረግ ፍቃደኞችች ባለመሆናቸው በልመና ጭምር እንዲገቡ መደረጋቸውን የታሪክ ድርሳናት ያስረዳሉ፡፡ በወረራው ወቅት ግን እነዚህ ትምህርት ቤቶች እንዲዘጉ ተደርገዋል፡፡,4
1928-1933 ዓ.ም ተቋርጦ የነበረው ዘመናዊ ትምህርት ከፋሽስት ጣሊያን ድል መመታት በኋላ በ1934 ዓ.ም አጼ ኃይለ ስላሴ የትምህርት ሥራን በአዲስ መልክ በማንቀሳቀስ የትምህርትና ሥነ-ጥበብ ሚኒስቴርን ዳግም በማቋቋም ክቡር አቶ መኮንን ደስታን ሚኒስትር አድርጎ ሾመዋል። በየጠቅላይ ግዛቱ ተዘግተው የነበሩ ትምህርት ቤቶች እንደገና እንዲከፈቱ የማድረግና ተጨማሪ የማስፋፋት ሥራም ተሠርቷል።,4
ከ1934 እስከ 1966 ከ1ኛ ክፍል ጀምሮ እስከ 12ኛ ክፍል ድረስ ወደ 2ሺ የሚጠጉ ትምህርት ቤቶች በተለያዩ ጠቅላይ ግዛቶች (በወቅቱ አጠራር) ተከፍተዋል፡፡ 14 ኮሌጆች እና 4 የከፍተኛ ትምህርት መስጫ ለዩኒቨርሲቲ መግቢያ የሚያበቁ ተቋሞችም ተከፍተዋል፡፡የካቲት 20/ 1943 በኢትዮጵያ የመጀመሪያ የሆነውን አዲስ አበባ ዩኒቨርሲቲ ኮሌጅን መርቀውም ከፍተዋል፡፡,4
ንጉሱ ከስልጣን ከወረዱ በኋላ ደርግ ሃገር ማስተዳደር ሲጀምር የደርግ መንግሥት የመጀመሪያው የሥነ-ጥበብና ትምህርት ሚኒስትር በመሆን ክቡር አቶ ታደሰ ተረፋ ተሹመዋል። በ1967 ዓ.ም አዲስ አደረጃጀት ተጠንቶ ሥራ ላይ እንዲውል በተደረገው መሠረት ተቋሙ የትምህርትና ሥነ-ጥበብ ሚኒስቴር መባሉ ቀርቶ ትምህርት ሚኒስቴር በሚል ስም መጠራት ጀመረ። በዚህም ሃይለገብርኤል ዳኜ (ዶ/ር) ከ1966-1969 ተረፈ ወልደፃዲቅ (ዶ/ር) ከ1969- 1970፣ ኮለኔል ጎሹ ወልዴ ከ1971-1975፣ አቶ ቢልልኝ ማንደፍሮ ከ1975-1979፣ ያየህይራድ ቅጣው (ዶ/ር) ከ1979-1983 ትምህርት ሚኒስቴርን በሚኒስትርነት መርተዋል።,4
የደርግ መንግስት እስከወደቀበት ጊዜ ድረስ 8ሺ 434 አንደኛ ደረጃ ትምህርት ቤቶች፣ 275 ሁለተኛ ደረጃ ትምህርት ቤቶች፣ 17 የቴክኒክና ሙያ ማሰልጠኛ ተቋማት፣ 2 ዩኒቨርሲቲዎች፣ 3 ኢንስቲቲዩቶችና 5 ኮሌጆች በድምሩ 2ሚሊየን 500ሺ ገደማ ተማሪዎችን ሲያስተምሩ ነበር፡፡,4
በ1983 ዓ.ም ደርግ ከስልጣን ወርዶ የኢህአዴግ ግምባር በሽግግር መንግስት ሀገር መምራት ሲጀምር የኦሮሞ ነፃነት ግምባር ትምህርት ሚኒስቴርን እንዲመራ ተደረገ፡፡ የድርጅቱ ተወካይ አቶ ኢብሳ ጉተማ የሽግግር መንግስቱ የትምህርት ሚኒስትር ሆነው ተሾሙ፡፡,4
አቶ ኢብሳ ጉተማ ኦነግ ከሽግግር መንግስቱ ለቅቆ እስኪወጣ ነሃሴ 1984 ዓ.ም ድርስ ትምህርት ሚኒስቴርን በሚኒስትርነት መርተዋል፡፡ በመቀጠል ወ/ሮ ገነት ዘውዴ (በኋላ አምባሳደር) የሽግግር መንግስቱን ቀሪ ጊዜያትና የኢትዮጵያ ፌደራላዊ ዲሞክራሲያዊ ሪፐብሊክ ትምህርት ሚኒስትር ሆነው እስከ 1998 ዓ.ም ድረስ መርተዋል፡፡,4
ስንታየሁ ወልደሚካኤል (ዶ/ር) ከ 1998-2001፣ አቶ ደመቀ መኮንን ከ 2001-2005፣ አቶ ሽፈራው ሽጉጤ ከ2005- 2009፣ ሽፈራው ተክለማሪያም ከ ጥቅምት 2009 እስከ ሃምሌ 2009 ትምህርት ሚኒስቴርን በሚኒስትርነት መርተዋል።,4
የኢህአዴግ ግምባር ድርጅቶች ራሳቸውን አዋህደውና ኢህአዴግ ከስሞ ብልፅግና ፓርቲ ሲመሰረት አዳዲስ የሚኒስቴር መሰሪያ ቤቶች አወቃቀር ማሻሻያ ተደረገ፡፡ በዚህም በ2011 ዓ.ም ከፍተኛ ትምህርት ተቋማትን ጭምር ይመራ የነበረው ትምህርት ሚኒስቴር ለሁለት ተከፈለ፡፡,4
"ትምህርት ሚኒስቴር እስከ 12ኛ ክፍል ድረስ ያለውን በመያዝ አጠቃላይ ትምህርትን እንዲመራ ሲደረግ በሳይንስና ቴክኖሎጂ ሚኒስቴር ስር የነበሩት የአዲስ አበባ እና አዳማ ሳይንስና ቴክኖሎጂ ዩኒቨርሲቲዎችን ጨምሮ የከፍተኛ ትምህርት ተቋማትን እንዲመራ ""የሳይንስና ከፍተኛ ትምህርት ሚኒስቴር"" የሚል አዲስ ሚኒስቴር መስሪያ ቤት ተቋቋመ፡፡",3
እስከ 12ኛ ክፍል ያለውን አጠቃላይ ትምህርት የሚመራው አዲሱ ትምህርት ሚኒስቴር ሲቋቋም ጥላዬ ጌቴ (ዶ/ር) ታህሳስ 2011 የትምህርት ሚኒስትር ሆነው ተሾመው እስከ 2012 ድረስ ተቋሙን መርተዋል። ከ2012 ጀምሮ ጌታሁን መኩሪያ (ዶ/ር ኢንጂ.) ተቋሙን በሚኒስትርነት መርተዋል፡፡,4
በ2013 ዓ.ም መንግስት የአስፈጻሚ መስሪያ ቤቶችን መልሶ የማደራጀት ስራ የተሰራ ሲሆን የትምህርት ሚኒስቴርና የሳይንስና ከፍተኛ ትምህርት ሚኒስቴርን መልሶ በማዋሃድ ቀድሞ ወደነበረበት ትምህርት ሚኒስቴር በሚል ተቋቁሟል። በዚህም መሰረት ፕ/ር ብርሃኑ ነጋ የትምህርት ሚኒስቴር በመሆን ተሹመው እየሰሩ ይገኛል።,4
የክልል ትምህርት ቢሮዎች,3
አዲስ አበባ ከተማ አስተዳደር ትምህርት,3
አማራ ክልል ትምህርት ቢሮ,3
ቤንሻንጉል ጉሙዝ ክልል ትምህርት ቢሮ,3
ደሬዳዋ ከተማ አስተዳደር ትምህርት ቢሮ,3
ጋምቤላ ትምህርት ቢሮ,3
በኢትዮጵያ የእንግሊዝኛ ቋንቋ ትምህርትን ለማሻሻል በትኩረት እየተሰራ መሆኑ ተገለጸ፤,4
የ2018 ትምህርት ዘመን የ12ኛ ክፍል ሀገር አቀፍ ፈተና በሁሉም ክልሎችና ከተማ አስተዳደሮች በተለያዩ ዙሮች በስኬት እየተካሄደ መሆኑን የትምህርት ምዘናና ፈተናዎች አገልግሎት አስታውቋል።,4
የትምህርት ሚኒስቴር ከብሪቲሽ ካውንስል ጋር በመተባበር የእንግሊዝኛ ቋንቋ ትምህርትን ለማጠናከርና ጥራቱን ለማሻሻል የተዘጋጀውን የእንግሊዝኛ ቋንቋ ማሻሻያ ፕሮጀክት ወደ ተግባር ለማስገባት ቴክኒካል ሥራዎች በጋራ እየተሰሩ ነው።,4
4.3 ሚለየን,1
(ሐምሌ 20/2018 ዓ.ም) በፕሮጀክቱ ትውውቅ መርሃ ግብር ላይ የተገኙት የትምህርት ሚኒስትሩ ፕሮፌሰር ብርሃኑ ነጋ የእንግሊዝኛ ቋንቋ ትምህርት ጥራትን ለማሻሻልና የመምህራንን ሙያዊ ብቃት ለማጎልበት በትኩረት እየተሰራ መሆኑን ገልጸዋል።,4
የዘንድሮው ፎረም,1
የቋንቋውን ክህሎት እንዲያገኙ ማድረግ ቀዳሚ ትኩረት የሚሻ ጉዳይ መሆኑንም ሚኒስትሩ አብራርተዋል።,2
የእንግሊዝኛ ቋንቋ ክህሎት በተማሪዎች የወደፊት ትምህርታዊና ሙያዊ እድገት ላይ ወሳኝ ሚና ያለው በመሆኑ፣ ተማሪዎች በመንግሥትም ሆነ በግል ትምህርት ቤቶች በእኩል ዕድል,2
ተቋማትን ጎበኙ፤,1
በተጨማሪም፣ በዘርፉ ያሉ ተግዳሮቶች ፈጣን ምላሽ የሚፈልጉ መሆናቸውን ጠቅሰው፣ የእንግሊዝኛ ቋንቋ መምህራንን አቅም የመገንባት፣ የማስተማር ብቃታቸውን የማጎልበትና ውጤታማነታቸውን የማረጋገጥ ሥራዎች በተጠናከረ ሁኔታ ማከናወን እንደሚገባ ገልጸዋል።,4
አገልግሎቱ እንዳመለከተው፣ ፈተናው በበይነ መረብ (ኦንላይን) መሰጠት የጀመረ ሲሆን፣ ተፈታኞች በስድስት ዙሮች ተከፋፍለው በተሳካ ሁኔታ ፈተናቸውን እየወሰዱ ይገኛሉ ብሏል።,4
በኢትዮጵያ የእንግሊዝ አምባሳደር ዳረን ዌልች በበኩላቸው፣ ትምህርት ከማንኛውም ኢንቨስትመንት በላይ ዘላቂ ለውጥ የሚያመጣ ቁልፍ ዘርፍ መሆኑን ገልጸው፣ የእንግሊዝ መንግሥት በኢትዮጵያ የትምህርት ዘርፍ የሚደረጉ ማሻሻያዎችን በቀጣይነት እንደሚደግፍ አስታውቀዋ።,4
ሆኖም የተወሰኑ የመሠረተ ልማት ተደራሽነትና የኮምፒውተር እጥረት ባለባቸው አካባቢዎች ፈተናውን በአራት ዙሮች በወረቀት ለመስጠት አስፈላጊው ቅድመ ዝግጅት መደረጉ ተገልጿል።,2
በክረምት መርሃ ግብር ለመማር ለተመረጣችሁ መምህራን በሙሉ,2
በጉብኝቱ ወቅት የሕንጻዎቹ የግንባታ ሂደት በዝርዝር የተገመገመ ሲሆን፣ ትምህርት ቤቱ በ2019 የትምህርት ዘመን ተማሪዎችን ለመቀበል ዝግጁ እንዲሆን ከሥራ ተቋራጩ ጋር በቀሪ ሥራዎችና በማጠናቀቂያ ሂደት ላይ ዝርዝር ውይይት ተካሂዷል።,4
ትምህርት ሚኒስቴር በማስተማር ሥራ ላይ ያሉ መምህራንን ከዲፕሎማ ወደ መጀመሪያ ዲግሪ የትምህርት ደረጃ ማሻሻያ ስልጠና ለመጀመር በርካታ የቅድመ ዝግጅት ስራዎችን ሲሰራ ቆይቷል።,4
የትምህርት ሚኒስቴር ሚኒስትር ዴኤታ ፕሮፌሰር ክንደያ ገብረሕይወት የተመራ ልዑክ የትምህርት ቤቱ የግንባታ ሥራ የደረሰበትን ወቅታዊ ደረጃ በቦታው በመገኘት ተዘዋውሮ ተመልክቷል።,4
በተጨማሪም ከግንባታው ጎን ለጎን ትምህርት ቤቱን ለማስጀመር የሚያስፈልገውን የሰው ኃይል ምልመላና ምደባ ጨምሮ ሁሉንም የቅድመ ዝግጅት ሥራዎች ከመስከረም 2019 ዓ.ም በፊት ለማጠናቀቅ በቅንጅት እየተሠራ መሆኑ ተገልጿል።,2
በቅድመ ዝግጅት ሥራዎች ከአዲሱ ሥርዓተ ትምህርት ጋር የተናበበ የሥልጠና ማዕቀፍ፣ ፕሮግራሙን ለመምራት የሚያስችሉ የትግበራ ሰነዶችንና የሰልጣኝ መምህራንን ምልመላ፣ መረጣ እና ምደባ ተከናውነዋል።,4
ኃላፊነት በሙሉ እንደሚወጡ ገልጸዋል። ሙሉ መረጃውን ይህንን ሊንክ በመጫን ማግኘት ይችላሉ፤,2
ስለሆነም ባለፉት አመታት በስልጠናው አሰጣጥ ጥራት ችግር ምክንያት ተቋርጦ የነበረውን የመምህራን የክረምት የትምህርት ደረጃ ማሻሻያ ስልጠና በዚህ ክረምት ለማስጀመር ስምንት ዩኒቨርሲቲዎች ተለይተዋል።,4
በውይይቱ የወልቂጤ ዩኒቨርሲቲ ፕሬዚደንት፣ የቡኢ ከተማ ከንቲባ፣ የሥራ ተቋራጩ ተወካዮች እና ሌሎች የሚመለከታቸው አካላት ተሳትፈዋል።,3
ተሳታፊዎቹም ግንባታው በተያዘለት የጊዜ ገደብ እንዲጠናቀቅና ትምህርት ቤቱ በወቅቱ ተማሪዎችን እንዲቀበል የየድርሻቸውን,3
ባህር ዳር ፣ ሀዋሳ ፣ መቀሌ ፣ ጂማ ፣ ሃሮማያ ፣ ጎንደር ፣ አርባ ምንጭ እና ኮተቤ ትምህርት ዩኒቨርሲቲዎች ሲሆኑ በ2018 ዓ.ም ክረምት 8273 መምህራንን ጥራቱን በጠበቀ መልኩ ወደ ስልጠና ለማስገባት ዝግጅት ተጠናቋል፡፡,4
ከዚሁ ጋር ተያይዞ በትግራይ ብሔራዊ ክልላዊ መንግሥት በበይነ መረብ ለመፈተን ለተመዘገቡ 14 ሺህ 755 ተፈታኞች በስድስቱ ዙር ከሰኔ 23 ቀን 2018 ዓ.ም ጀምሮ ፈተናው እየተሰጠ ይገኛል።,2
የሥራ ተቋራጩ ተወካዮች,3
በሌላ በኩል በወረቀት ለመፈተን ለተመዘገቡ 15 ሺህ 325 የክልሉ ተፈታኞች ፈተናው ከሐምሌ 22 እስከ 24 ቀን 2018 ዓ.ም በመቐለ እና በአክሱም ዩኒቨርሲቲዎች ውስጥ እንደሚሰጥ ተመላክቷል።,4
"=AI(""Fill an appropriate value for this cell based on the table context"")",2
እነዚህ በወረቀት የሚፈተኑ ተማሪዎች ሐምሌ 20 ቀን 2018 ዓ.ም ወደ መቐለ እና አክሱም ዩኒቨርሲቲዎች በመግባት፣,2
ሐምሌ 21 ቀን 2018 ዓ.ም የሚሰጠውን ገለጻ (ኦሬንቴሽን) በመከታተል ፈተናቸውን መውሰድ እንደሚችሉ የትምህርት ምዘናና ፈተናዎች አገልግሎት ጨምሮ ገልጿል።,2
የትምህርት ምዘናና ፈተናዎች አገልግሎት ጨምሮ ገልጿል።,2
ሐምሌ 21 ቀን 2018 ዓ.ም የሚሰጠውን ገለጻ (ኦሬንቴሽን) በመከታተል ፈተናቸውን መውሰድ እንደሚችሉ የትምህርት ምዘናና ፈተናዎች አገልግሎት ጨምሮ ገልጿል።,2
ሐረሪ ክልል ትምህርት ቢሮ,3
ኦሮሚያ ትምህርት ቢሮ,3
ሲዳማ ክልል ትምህርት ቢሮ,3
ሶማሌ ክልል ትምህርት ቢሮ,3
ትግራይ ክልል ትምህርት,3
ኤጀንሲዎች,3
የትምህርትና ስልጠና ባለሥልጣን,3
የትምህርት ምዘናና ፈተናዎች አገልግሎት,3
ስለ እኛ,3
የትምህርት ዘርፍ,3
የመረጃ ምንጭ,3
ማስታወቂያ,3
በዚሁ ወቅት በአጠቃላይ ትምህርት ልማት ዘርፍ የመምህራንና የትምህርት አመራር ልማት,2
ተ/መሪ ሥራ አስፈፃሚ የሆኑት ወ/ሮ አሰግድ ምሬሳ ባስተላለፉት መልዕክት በአስቸጋሪ ሁኔታ ውስጥ የሚሰሩ መምህራንና የትምህርት ባለሙያዎችን ሙያዊ አቅም ለማሰደግ የሚረዳ የኣይ ሲቲ ቴክኖሎጂ ፕሮጀክትን ወደ ተግባር ለማስገባት እየተሠራ መሆኑን ገልፀዋል።,3
በትግራይ ብሄራዊ ክልል የ12ኛ ክፍል ተፈታኝ ተማሪዎች በየመፈተኛ ማዕከላቱ ተገኝተው ፈተናቸውን መውሰድ መጀመራቸውን ገልጸዋል።,3
ፈተናቸውን መውሰድ መጀመራቸውን ገልጸዋል።,2
ሚድያ,2
ዩኒቨርሲቲዎች,2
አዲስ አበባ ዩኒቨርሲቲ,2
አዲግራት ዩኒቨርሲቲ,2
አክሱም ዩኒቨርሲቲ,2
አምቦ ዩኒቨርሲቲ,2
አርባ ምንጭ ዩኒቨርሲቲ,2
አርሲ ዩኒቨርሲቲ,2
አሶሳ ዩኒቨርሲቲ,2
ባህርዳር ዩኒቨርሲቲ,2
ቦንጋ ዩኒቨርሲቲ,2
ቦረና ዩኒቨርሲቲ,2
በአዲስ አበባ እየተሰጠ የሚገኘውን የ12ኛ ክፍል ፈተና በመፈተኛ ማዕከላሉ ተገኝተው የተመለከቱት የትምህርት ሚኒስቴር ሚኒስትር ዴኤታው ፕሮፌሰር ክንደያ ገብረሕይወት (ፕ/ር) አሁን ላይ መንግሥት ያደረገውን ርብርብ ተከትሎ,2
የትግራይ ብሄራዊ ክልላዊ መንግስት ምክር ቤት በህገ መንግስቱና ህዝቡ የተሰጠውን ስልጣንና ተግባር በሚገባ ለመተግበር ድጋፍ የሚሰጥ በኣግባቡ የተደራጀ ጽሕፈት ቤት እንደ ሚያስፈልግ በህግ የተደነገገ በመሆኑ,2
በአዲሱ የአሰራር ሂደት ለውጥ ጥናት መሰረት ተጠንተው የተደራጁ ዋና እናድጋፍ ሰጪ የስራ ሂደቶች በምክር ቤቱ የሚተገበሩ ተግባራት ማለትም የመንግስት ፖሊሲዎች እና ስትራቴጂዎች ለማሳካት የህዝብ ተሳትፎ በማረጋገጥ ፣ ዲሞክራሲ በማጎልበት ፣ ልማት በማቀላጠፍና የሕግ የበላይነት ለማስፈን በተጠናከረ መንገድ ድጋፍ ለመስጠት ጽሕፈት ቤቱ እንደገና እንዲቋቋም በማስፈለጉ,2
የትግራይ ብሄራዊ ክልላዊ መንግስት ምክር ቤት ተሻሽሎ በወጣው የትግራይ ህገ-መንግስትአንቀፅ 49 ንኡስ አንቀፅ 3 / ሀ / የሚከተለውን አዋጅ አውጥተዋል,2
ኣጭር ርእስ,2
ይህ አዋጅ የትግራይ ብሄራዊ ክልላዊ መንግስት ምክር ቤት ጽሕፈት ቤት እንደገና ለማቋቋም ፣ ስልጣኑና ተግባሩ ለመወሰን ተሻሽሎ የወጣ አዋጅ ቁጥር 207 / 2003 ተብሎ ሊጠቀስ ይችላል,2
የቃሉ አገባብ ሌላ ትርጉም የሚያሰጠው ካልሆነበቀር በዚህ አዋጅ ውስጥ,2
ሕገ-መንግስት ማለት ተሻሽሎ የወጣው የትግራይ ብሄራዊ ክልላዊ መንግስት ሕገ-መንግስት ነው,2
ምክር ቤት ማለት የትግራይ ብሄራዊ ክልላዊ መንግስት ምክር ቤት ነው,2
ኣፈጉባኤ ማለትየትግራይብሄራዊ ክልላዊ መንግስት ምክር ቤት አፈ ጉባኤ ነው,2
የምክር ቤት አመራር ማለት የክልሉ አፈ-ጉባኤ ምክትል አፈ-ጉባኤ አስተባባሪ ኮሚቴ እና ቋሚ ኮሚቴ ማለት ነው,2
ኮሚቴ ማለት የምክር ቤቱን ተግባራት ለማከናወን እንደየሁኔታው በምክር ቤቱ የሚííም አስተባባሪ ፣ ቀዋሚ ፣ ጊዝታዊና ንኡስ ኮሚቴ ማለትነው,2
ፕሮሰስ ካውንስል ማለት በአፈ-ጉባኤ የሚመራ ምክትል አፈ-ጉባኤ ጽህፈት ቤት ሃላፊ የስራ ሂደት ባለቤቶች እና ኣማካሪዎች ያጠቃለለ ኣመራር ማለት ነው,2
ጽሕፈት ቤት ማለት የትግራይ ብሄራዊ ክልላዊ መንግስት ምክር ቤት ጽሕፈት ቤት ማለት ነው,2
የፆታ አገላለጽ ፣,2
በዚህ አዋጅ በወንድ ፆታ የተደነገገውን ሁሉ ለሴት ፆታም ያካትታል,2
የትግራይ ክልል ምክር ቤት ጽሕፈት ቤት ከዚህ ብሃላ ጽሕፈት ቤት ተብሎ የሚጠራና ሕጋዊ ሰውነት ያለው አካል በዚህ አዋጅ ተቋቁሟል,2
ጽሕፈት ቤቱ ተጠሪነቱ ለትግራይ ብሄራዊ ክልላዊ መንግስት ምክር ቤት እና ለአፈ-ጉባኤ ይሆናል,2
አደረጃጀት,2
ጽፈት ቤቱ የሚከተሉት አካላት ያጠቓለለ ይሆናል,2
የትግራይ ምክር ቤት ጽሕፈት ቤት ሓላፊ ፣,2
የስራ ሂደት ባለቤቶች,2
ለስራው የሚያስፈልጉ ሌሎች አስፈላጊ የሆኑት ሰራተኞች ይኖሩታል,2
ጽሕፈት ቤቱ በመሰረታዊ የስራ ሂደት ለውጥ ጥናት መሰረት የተደራጁ የስራ ሂደቶች ይኖሩታል,2
ፅሕፈት ቤቱ ስራውን የሚመራ አፈ-ጉባኤ ፣ ምክትል አፈ-ጉባኤ ፣ የፅሕፈት ቤቱ ሃላፊ ፣ የስራ ሂደት ባለቤቶች እንዲሁም ኣማካሪዎች እና አስፈላጊ የሆኑ ሌሎች አካላት ያጠቃለለ ፕሮሰስ ካውንስል ይኖረዋል,2
ፕሮሰስ ካውንስሉ ተጠሪነቱ ለአፈ-ጉባኤ ሆኖ የራሱ የስብሰባ ጊዜና አሰራር ይኖረዋል ፣ ዝርዝሩ በመመርያ ይወሰናል,2
የዚህ አንቀፅ ንኡስ አንቀፅ 2 እንደተጠበቀ ሆኖ ጽሕፈት ቤቱ እንደየ ሁኔታው እያጠና ከቢሮ ሲቪል ሰርቪስ በመመካከር የስራ ሂደት ሊጨምር ወይም ሊቀንስ ይችላል,2
የጽሕፈት ቤቱ ሃላፊዎች አመራረጥና ሹመት,2
የትግራይ ክልል ምክር ቤት ጽሕፈት ቤት ሓላፊ በአፈ-ጉባኤ አቅራቢነት በክልሉ ምክር ቤት ይሾማል,2
የሚሸመው ሃላፊ ከምክር ቤት አባላት ውስጥ ወይም ከምክር ቤት አባላት ውጭ ሊሆን ይችላል,2
የፅሕፈት ቤቱ ሃላፊው የስራ ዘበን የምክር ቤት የስራ ዘበን ሆኖ አዲሱ ምክር ቤት ስራ ከጀመረበት ከስድስት ወር ባልበለጠ ጊዜ የጽሕፈት ቤቱ ሃላፊ ይሾሟል,2
ምክር ቤቱ ካመነበት የጽሕፈት ቤቱ ሃላፊ በሚቀጥለው ምክር ቤት ሊሾም ይችላል,2
የጽሕፈት ቤቱ ሃላፊ በምክር ቤቱ የአሰራር ደንብ መሰረት ቃለ-መሃላ ፈፅሞ መደበኛ ስራው ይጀምራል,2
ዋና ጽሕፈት ቤት,2
የትግራይ ምክር ቤት ዋና ጽሕፈት ቤት በመቐለ ይሆናል,2
ዓንቀፅ,2
ስልጣንና ተግባር,2
የጽሕፈት ቤቱ ሥልጣንና ተግባር,2
የትግራይ ብሄራዊ ከልላዊ መንግስት ምክር ቤት ጽሕፈት ቤት የሚከተሉት ስልጣንና ተግባር ይኖሩታል,2
በህግና አሰራር መሰረት ለምክር ቤቱና ምክር ቤቱ ለሚያቋቁማቸው ኮሚቴዎችና ውስጣዊ ኣካላት ኣጠቃላይ ሙያዊ ፣ ቴክኒካዊና አስተዳደራዊ ግልጋሎት ይሰጣል,2
ጽሕፈት ቤቱ የአፈ-ጉባኤው ጽሕፈት ቤት ስራም ደርቦ ይሰራል የምክር ቤቱ አመራር ፣ የስራ ሂደቶች እና አማካሪዎች ለሚያከናውኑት የምክር ቤቱ ስራ አስፈላጊ ግልጋሎት ያሟላል ድጋፍ ይሰጣል,2
የምክር ቤቱ አመራር ፣ የስራ ሂደቶች እና አማካሪዎች ለሚያከናውኑት የምክር ቤቱ ስራ አስፈላጊ ግልጋሎት ያሟላል ድጋፍ ይሰጣል,2
ለምክር ቤቱ ኣባላትና ተጋባዥ እንግዶች አስፈላጊ አገልግሎት እንዲያገኙ ያደርጋል,2
የጽሕፈት ቤቱ ሰራተኞች ቅጥር ፣ እድገት ፣ ዝውውርና ስንብት በስቪል ሰርቪስ ህግ መሰረት እንዲፈፀም ያደርጋል ያስተባብራል,2
የክልሉ ምክር ቤት ጽሕፈት ቤትና በየደረጃው ያሉ የምክር ቤት ጽሕፈት ቤቶች አቅማቸው የሚያሳድጉበት ሁኔታ ይፈጥራል ፣ ድጋፍ ይሰጣል ፣ እንዲሁም የስራ ሪፖርት ይቀበላል መልስ ይሰጣል,2
የክልሉ ምክር ቤት በየጊዜው የሚያወጣቸውንሕጎች እና በክልሉ ስራ አስፈፃሚ ምክር ቤት የሚወጡ ደንቦች በትግራይ ነጋሪት ጋዜጣ እንዲታተሙና ለሚመለከታቸው ኣካላት እንዲሰራጩ ያደርጋል,2
የቤተ መፃሕፍትና የመረጃ አገልግሎት ይሰጣል ፣ እንዲሁም የምክር ቤቱ ቃለ-ጉባኤ ፣ ውሳኔዎች እና ሰነዶች በሚገባ ተመዝግበው እንዲያዙና እንዲጠበቁ ያደርጋል,2
ምክር ቤቱ ለማጠናከር የምርምርና ጥናት ማእከል ሆኖ ይሰራል,2
የተለያዩ ፕሮጀክቶች በመቅረጽ የምክር ቤቱ አቅም ለመገንባት የተጠናከረ ድጋፍ ይሰጣል,2
የምክር ቤቱ ስራዎች ለማከናወን የሚረዱ በምክር ቤቱ አመራር እና በፕሮሰስ ካውንስል የሚሰጡ ሌሎች ተግባራት ይፈፀማል ያስተባብራል,2
የጽሕፈት ቤቱ ሃላፊ ስልጣንና ተግባር,2
የጽፈት ቤቱ ሃለፊ ተጠሪነቱ ለአፈ-ጉባኤ ሆኖ የሚከተለው ስልጣንና ተግባር ይኖረዋል,2
የጽሕፈት ቤቱ ሃላፊ በህግ መሰረት የጽሕፈት ቤቱን ስራዎች ይመራል ፣ ያስተዳድራል ፣ ያስተባብራል,2
የዚህ አንቀፅ ንኡስ አንቀፅ 1 አጠቃላይ ድንጋጌ አንደተጠበቀ ሆኖ ፣ የጽሕፈት ቤቱ ሓላፊ,2
በዚህ አዋጅ ዓንቀፅ 8 የተመለከተውን የጽሕፈት ቤቱን ስልጣንና ተግባ ስራ ላይ ያውላል,2
የጽሕፈት ቤቱን ዓመታዊ በጀትና የስራ ፕሮግራም ፣ የስራዎች አፈፃፀምና የሒሳብ ሪፖርት ለፕሮሰስ ካውንስል ያቀርባል ሲፈቀድ ይተገብራል,2
ጽሕፈት ቤቱ ከሦስተኛ ወገኖች በሚያደርጋቸው ግንኝነቶች ከምክር ቤቱ አመራር በመመካከር ጽሕፈት ቤቱን ወክሎ ይሳተፋል,2
ለሥራ አስፈላጊ ሆኖ በሚገኝበት ጊዜ ከአፈ-ጉባኤ በመመካከር ስልጣኑን ሙሉ በሙሉ ወይም በከፊል ከሱ በታች ላሉ ሓላፊዎችና ሌሎች ሰራተኞች በውክልና መስጠት ይችላል,2
የጽሕፈት ቤቱን የሥራ ሪፖርት በየጊዜው ለአፈ-ጉባኤ ያቀርባል,2
በአፈ-ጉባኤው እና በምክር ቤቱ የሚሰጡትን ሌሎች ተግባራት ያከናውናል,2
የጽሕፈት ቤቱ በጀት,2
የጽሕፈት ቤቱ በጀት በትግራይ ብሄራዊ ክልላዊ መንግስት ምክር ቤት የሚመደብ ሆኖ ፣ የጽሕፈት ቤቱ የበጀት ምንጭ,2
ከመንግስት የሚመደብ በጀት,2
ከተለያዩ መንግስታዊ ያልሆኑ ድርጅቶች ከሚገኝ እርዳታ ይሆናል,2
የሂሳብ መዛግብትና ሰነዶች,2
ጽሕፈት ቤቱ የተሟሉና ትክክለኛ የሂሳብ መዛግብት ይይዛል,2
የጽሕፈት ቤቱ የሂሳብ መዛግብትና ሰነዶች በዋና ኦዲተር ጽሕፈት ቤት ይመረመራሉ,2
አፈ ጉባኤው አስፈላጊ ነው ብሎ ባመነበት ጊዜ የፅሕፈት ቤቱ የሂሳብ መዛግብትና ሰነዶች በከፊልም ሆነ በሙሉ በዋናው ኦዲተር ጽሕፈት ቤት እንዲመረመሩ ሊያደርግ ይችላል,2
የተለያዩ ድንጋጌዎች,2
መመርያ ማውጣት,2
ለዚህ አዋጅ ማስፈፀምያ መመርያ በአስተባባሪ ኮሚቴ ሊወጣ ይችላል,2
የተሻሩና ተፈፃሚነት የሌላቸው ሕጎች,2
የትግራይ ብሄራዊ ክልላዊ መንግስት ምክር ቤት ጽሕፈት ቤት ለማቋቋም ፣ ስልጣኑና ተግባሩን ለመወሰን የወጣ አዋጅ ቁጥር 62 / 1995 ዓ.ም እና የትግራይ ብሄራዊ ክልላዊ መንግስት ምክር ቤት ጽሕፈት ቤት ለማሻሻል የወጣ አዋጅ ቁጥር 111 / 1998 ዓ.ም በዚህ አዋጅ ተሽረዋል,2
ይህንን አዋጅ የሚቃረን ማንኛውም አዋጅ ፣ ደንብ ፣ መመርያና ልማዳዊ ኣሰራር በዚህ አዋጅ ለተካተቱ ጉዳዮች ተፈፃምነት አይነረውም,2
ይህ አዋጁ የሚፀናበት ጊዜ,2
ይህ ኣዋጅ በምክር ቤት ከፀደቀበት ሓምለ 1 / 2003 ዓ.ም ጀምሮ የፀና ይሆናል,2
የሂሳብ መዛግብትና ሰነዶች,2
ጽሕፈት ቤቱ የተሟሉና ትክክለኛ የሂሳብ መዛግብት ይይዛል ፣,2
የጽሕፈት ቤቱ የሂሳብ መዛግብትና ሰነዶች በዋና ኦዲተር ጽሕፈት ቤት ይመረመራሉ ።,2
አፈ ጉባኤው አስፈላጊ ነው ብሎ ባመነበት ጊዜ የፅሕፈት ቤቱ የሂሳብ መዛግብትና ሰነዶች በከፊልም ሆነ በሙሉ በዋናው ኦዲተር ጽሕፈት ቤት እንዲመረመሩ ሊያደርግ ይችላል,2
የተለያዩ ድንጋጌዎች,2
መመርያ ማውጣት,2
ለዚህ አዋጅ ማስፈፀምያ መመርያ በአስተባባሪ ኮሚቴ ሊወጣ ይችላል,2
የተሻሩና ተፈፃሚነት የሌላቸው ሕጎች,2
የትግራይ ብሄራዊ ክልላዊ መንግስት ምክር ቤት ጽሕፈት ቤት ለማቋቋም ፣ ስልጣኑና ተግባሩን ለመወሰን የወጣ አዋጅ ቁጥር 62 / 1995 ዓ.ም እና የትግራይ ብሄራዊ ክልላዊ መንግስት ምክር ቤት ጽሕፈት ቤት ለማሻሻል የወጣ አዋጅ ቁጥር 111 / 1998 ዓ.ም በዚህ አዋጅ ተሽረዋል,2
ይህንን አዋጅ የሚቃረን ማንኛውም አዋጅ ፣ ደንብ ፣ መመርያና ልማዳዊ ኣሰራር በዚህ አዋጅ ለተካተቱ ጉዳዮች ተፈፃምነት አይነረውም,2
ይህ አዋጁ የሚፀናበት ጊዜ,2
ይህ ኣዋጅ በምክር ቤት ከፀደቀበት ሓምለ 1 / 2003 ዓ.ም ጀምሮ የፀና ይሆናል,2
በሰው ህይወትና ንብረት ላይ በመድረስ ላይ ላለው የመንገድ ትራፊክ አደጋ አንዱ መንስኤ የተሽከርካሪ ምዝገባና ዓመታዊ የቴክኒክ ምርመራ ስርዓት ችግር ያለው ሆኖ በመገኘቱ ።,2
የተሽከርካሪ ምዝገባና ዓመታዊ የቴክኒክ ምርመራ ስርአት ባለው መንገድ ለመምራትና ደረጃው የጠበቀ ለማድረግ ራሱ የቻለ መመዘኛ ማውጣት በማስፈለጉ ።,2
በተሽከርካሪዎች ላይ ጥራት ያለው አሰራር ፣ አያያዝና ቁጥጥር እንዲኖር በማድረግ ተግባራዊነቱ ማረጋገጥ ፣ በብቃት ማረጋገጫ አሰጣጥ ላይ የተሽከርካሪዎች ቴክኒካዊ ድህንነት ለመጠበቅ ዘመናዊ እና አዳዲስ አሰራሮችን ስራ ላይ እንዲውሉ ማድረግ አስፈላጊ በመሆኑ ።,2
ተሻሽሎ በወጣው የትግራይ ብሄራዊ ክልል ህገ-መንግስት አንቀፅ 49 ንኡስ አንቀፅ 3 / ሀ / መሰረት የትግራይ ብሄራዊ ክልላዊ መንግስት የሚከተለው አዋጅ አውጥቷል ።,2
አጭር ርእስ,2
ይህ አዋጅ የተሽከርካሪ መለያ ፣ መመርመርያና መመዝገብያ ለመወሰን የወጣ አዋጅ ቁጥር 190 / 2003 ተብሎ ሊጠቀስ ይችላል ።,2
ትርጓሜ,2
ክፍል አንድ,2
ጠቅላላ,2
በዚህ አዋጅ ፣ -,2
ተሽከርካሪ ማለት ልዩ ወታደራዊ ተሽከርካሪዎችን ሳይጨምር በመንገድ ላይ በመንኮራኩር የሚሄድ ማንኛውም ዓይነት ተሽከርካሪ ሆነ ሰረገላ ፣ ብስክሌት ፣ ባለሞተር ተሽከርካሪ ፣ ግማሽ ተሳቢ እና ተሳቢ ተብሎ ይከፈላል ፣,2
ሰረገላ ማለት ከብስክሌት ፣ ከባለሞተር ተሽከርካሪ ፣ ከግማሽ ተሳቢና ከተሳቢ በስተቀር ማናቸውም ተሽከርካሪ ነው ፣,2
ብስክሌት ማለት በሚነዳው ሰው ሃይል እየተንቀሳቀሰ የሚሄድ ተሽከርካሪ ነው ፣,2
ባለሞተር ተሽከርካሪ ማለት በመካኒካል ወይም በኤሌክትሪክ ሃይል በመንገድ ላይ እየተንቀሳቀሰ የሚሄድ ተሽከርካሪ ነው ፣,2
ተሳቢ ወይም ግማሽ ተሳቢ ማለት ለራሱ የተለየ የሞተር ሃይል የሌለው ጎታች በሆነ በሌላ ባለሞተር ተሽከርካሪ ላይ ሊቀጠልና ሊጎተት የሚችል ተሽከርካሪ ነው ፣,2
ልዩ ተንቀሳቃሽ መሳሪያ ማለት ሰውን ወይም እቃን በመንገድ ላይ እንዲያመላልስ ሆኖ የተሰራ ተሽከርካሪ ሳይሆን ለእርሻ ለአትክልት ፣ ለከብት እርባታ ፣ ለመንገድ ፣ ለህንፃ ፣ ለቁፋሮ ወይም ለማናቸውም ተመሳሳይ ሌላ ስራ የተሰራ ወይም ለዚሁ ጉዳይ እንዲውል የተደረገ ባለሞተር ተሽከርካሪ ነው ፣,2
ምዝገባ የተደረገለት ተሽከርካሪ ማለት ተፈላጊ ሰነዶች መሟላታቸው ተረጋግጦ በባለንብረቱ ስም ምዝገባ የተደረገለት ተሽከርካሪ ነው ፣,2
መለያ ቁጥር ማለት አንድ ተሽከርካሪ ድህንነነቱና ምቾቱ በምርመራ ተረጋግጦ ኣገባብነት ባለው አካል ሲመዘገብ የሚሰጠው የቁጥሮች ፣ የፊደሎችና የምልክቾች ጣምራ ነው ፣,2
ዓመታዊ የምርመራ ተለጣፊ ምልክት ማለት አንድ ተሽከርካሪ በመንገድ ላይ ለመንቀሳቀስ የቴክኒክ ብቃትና ምቾት ያለው መሆኑን ለማረጋገጥ የሚሰጥና ለአንድ ዓመት የሚፀና ተለጣፊ ምልክት ነው ፣,2
የመለያ ቁጥር ሰሌዳ ማለት ተሽከርካሪውን በመንገድ ላይ በቀላል ለመየት እንዲያስችል በተሽከርካሪው ላይ የሚደረግ መለያ ቁጥር የተፃፈበት ሰሌዳ ነው ፣,2
የኢ ንተርናሽናል ትራፊክ ማለት በውጭ አገር የተመዘገበና በኢ ትዮጵያ ፌዴራላዊ ዲሞክራሲያዊ ሪፐብሊክ መንገዶች ላይ ለተወሰነ ጊዜ ለመሽከርከር እውቅና የተሰጠው ተሽከርካሪ ነው,2
የአካል ጉዳተኛ ጋሪ ማለት ባለመንኮራኩር ወንበር ፣ ባለሶስት እግር ብስክሌትና የመሳሰሉት ኣካል ጉዳተኞችን ለማጓጓዝ ብቻ ተብሎ የተሰራና ለዚህ ስራ ብቻ የሚውል ተሽከርካሪ ነው ፣,2
በመዝገብ የተያዘ ተሽከርካሪ ማለት በባለፋብሪካ ፣ በነጋዴ ፣ በዳግም ሰሪ ወይም ከጥቅም ውጭ የሆኑ ተሽከርካሪዎችን በሚሰበስብ ሰው መዝገብ ለሽያጭ የተያዘ ማንኛውም ተሽከርካሪ ነው ፣,2
ባለፋብሪካ ማለት ተሽከርካሪዎችን ሰርቶ ወይም ገጣጥሞ በማቅረብ ንግድ ስራ ላይ የተሰማራ ማናቸውም ሰው ነው ፣,2
የአገር መከላከያ ሰራዊት ተሽከርካሪ ማለት የአገር መከላከያ ሚኒስቴር ንብረት ሆኖ ለወታደራዊ ተግባር ብቻ እንዲውል የተመደበ ማንኛውም ተሽከርካሪ ነው ፣,2
ኦፊሰየል ሰነዶች ማለት በዚህ አዋጅ መሰረት ባለንብረትነት በሚገባ ለማሳወቅና የቴ ክኒክ ምርመራ ለማካሄድ የሚቀርቡ ማመልከቻ ዎች ፣ የጉምሩክ ሰነዶች ፣ የቴክኒክ ምርመራ ቅፆች ፣ ደብዳቤዎችና ሌሎች ፅሑፎች ናቸው ፣,2
ኦፊሲየል መዝገብ ማለት የተሽከርካሪ ባለ ንብረትነትንና ዓመታዊ ምርመራን የሚመለከቱ መግለጫዎች የሚፃፉበት መዝገብ ነው ፣,2
ባለይዞታ ማለት የባለንብረት መብት ባይኖረውም አንድ ተሽከርካሪ ይዞ ለመጠቀም ሕጋዊ መብት ያለው ማናቸውም ሰው ነው ፣,2
ዳግም ሰሪ ማለት ማንኛውንም ኣሮጌ ወይም አዲስ ተሽከርካሪ ዋና ዋና እቃዎቹን በማውለቅ ፣ በመለወጥ ወይም በመጨመር በመጀመሪያ አሰራሩ ላይ ዓይነተኛ ለውጥ አድርጎ የሚያቀርብ በንግድ ስራ ላይ የተሰማራ ሰው ነው ፣,2
የመመርመሪያ ጊዜ ማለት ዓመታዊ የተሽከርካሪ ምርመራ የሚከናወንበት ጊዜ ነው ፣,2
ሬከር ማለት ከጥቀም ውጭ የሆኑ ተሽከርካሪዎችን በመፈታታት ጠቃሚ ክፍሎቻቸውን ለዳግም አገልግሎት የማቅረብ ንግድ ስራ ላይ የተሰማራ ሰው ነው ፣,2
የባለንብረት መታወቂያ ደብተር ማለት አግባብነት ባለው አካል ለአንድ ተሽከርካሪ ባለንብረት የሚሰጥ የባለሃብትነት ማረጋገጫ ሰነድ ነው ፣,2
ጊዚያዊ የመንቀሳቀሻ ፈቃድ ማለት አንድ ተሽከርካሪ ምዝገባን እስከሚያካሂድ ድረስ ለቅድመ ምዝገባ ዝግጅት አግባብነት ባለው አካል የሚሰጥ ጊዚያዊ የመንቀሳቀሻ ፈቃድ ነው ፣,2
ነጋዴ ማለት ተሽከርካሪ በመግዛትና በመሸጥ ንግድ ስራ ላይ የተሰማራ ሰው ነው ፣,2
የተሽከርካሪ ምርመራ ማለት አንድ ተሽከርካሪ በመንገድ ላይ የቴክኒክ ብቃትና ምቾት ያለው መሆኑንና መንቀሳቀስ የመቻል ብቃቱን ለማረጋገጥ የሚደረግ የቴክኒክ ምርመራ ነው ፣,2
ክልል ማለት የትግራይ ብሄራዊ ክልላዊ መንግስት ነው ፣,2
ቢሮ ማለት የትግራይ ክልል ኮንስትራክሽን ፣ መንገድና ትራንስፖርት ቢሮ ነው,2
የከተሞች ምግብ ዋስትናና ስራ ዕድል ፈጠራ ልማት በክልሉ ያለውን የስራ ኣጥነት ችግር በመቅረፍና የምግብ ዋስትና በማረጋገጥ ዜጎች የተመጣጠነ ምግብ ኣግኝተው ኣምራች እንዲሆኑ የላቀ ድርሻ በመጫወት ህዝባችን ከድህንነት ለማላቀቅ ቁልፍ መሳርያ መሆኑን ስለታመነበት,2
የዘረፉ ልማት ለኢኮኖሚው የሚያደርገውን ኣስተዋፅኦ በከፍተኛ ሁኔታ በማሳደግ ዜጎች በቀጣይነት የስራ ዕድል ኣግኝተው ሃብት እንድያፈሩ በማድረግ ከልማቱ ተጠቃሚ እንዲሆኑና ኣዳዲስ ቴክኖሎጂን በማሸጋገርና በማልማት እንዲሁም የዘመናዊ የስራ ኣመራር ዘይቤን በማስፋፋት ከግብርና ፣ ከመካከለኛና ከከፍተኛ ኢንዱስትሪዎች ጋር ተደጋግፎ ልማቱን እንዲፋጠን ስለሚያደርግ,2
የወጣቶችና ሴቶች የስራ ፈጣሪነት አመለካከት በማጎልበት ፣ የስራ ክህሎቱንም በማዳበር እንዲሁም የቁጠባ ባህሉን በማሻሻል ፣ በተለይም ከዩኒቨርሲቲዎችና ከቴክኒክና ሙያ ማሰልጠኛ ተቋሞች የሚመረቁ ወጣቶች በጥቃቅን እና ከማኑፋክቸሪንግ ዘርፍ ውጪ ያሉትን አነስተኛ ንግድ ተቋማት በሰፊው በማደራጀት የራሳቸውን ስራ እንዲፈጥሩና በሂደትም የሃገሪቱን የኢንዱስትሪ ልማት የሚያንቀሳቅሱእምቅ ኢንዳስትሪያሊስቶች እንዲሆኑ የሚያስችል ተቋም መሆኑን ስለታመነበት,2
በከተሞች ተጀምሮ የነበረው የስራ አጥነት ምጣኔ ማቅለያ ሂደት ተጠናክሮ እንዲቀጥል በማስቻል የህብረተሰባችን ንሮና የአመጋገብ ስርዓቱ መሰረታዊ ማሻሻልና ማምጣት የሚያስችል መሆኑ ስለታመነበት,2
የትግራይ ብሄራዊ ክልላዊ ምክር ቤት ተሻሽሎ በወጣው የትግራይ ብሄራዊ ክልል መንግስት ህገ-መንግሥት ኣንቀጽ 49 ( 3 ) ( ሀ ) መሰረት ይህንን አዋጅ ኣውጥቷል,2
አጭር ርእስ,2
ይህ አዋጅ የትግራይ ብሄራዊ ክልላዊ መንግስት የከተሞች ምግብ ዋስትና ማረጋገጥና የሥራ ዕድል ፈጠራ ልማት ኤጀንሲ ለማቋቋም የወጣ አዋጅ ቁጥር------ / 2008 ዓ.ም ተብሎ ይጠራል,2
በዚህ ኣዋጅ ውስጥ,2
"የምግብ ዋስትና ማለት መጠን እና ጥራትን ባማከለ መልኩ በዘላቂነት ምግብ በማግኘት የእያንዳንዱ ግለሰብ የነፍስ ወከፍ የዕለት ፍጆታን እስከ 2,200 ካሎሪ እንዲደርስ በማድረግ ጤናማና አምራች ዜጋ እንዲሆን ማድረግ ነው",2
ስራ ዕድል ፈጠራ ማለት የመሥራት አቅም እያላቸው በተለያየ ምክንያት ወደ ሥራ ያልገቡ ዜጎችን በጊዜያዊ ወይም በቋሚ የሥራ ዘርፎች ማሠማራት ነው,2
"ጥቃቅን ንግድ ተቋም ማለት የንግድ ተቋሙ ባለቤትና የቤተሰብ አባላትን ጨምሮ እስከ 5 ሰዎች ቀጥሮ የሚያሠራ ወይም እና የጠቅላላ ንብረታቸው መጠን በዋጋ ሕንፃን ሳይጨምር በኣገልግሎት ዘርፍ ከብር 50,000 ( ሃምሳ ሺ ) ያልበለጠ በኢንዱስትሪ ዘርፍ ከብር 100,000 ( አንድ መቶ ሺ ) ያልበለጠ ንግድ ተቋም ነዉ",2
"አነስተኛ ንግድ ተቋም ማለት የንግድ ተቋሙን ባለቤትና የቤተሰብ አባላትን ጨምሮ ከ6 እስከ 30 ሰዎች ቀጥሮ የሚያሠራ ወይም / እና የጠቅላላ ንብረታቸው / T ኦtአl አssእts / መጠን በዋጋ ሕንፃን ሳይጨምር በአገልግሎት ዘርፍ ከብር 50,001 ( ሃምሳ ሺህ አንድ ) እስከ 500,000 ( አምስት መቶ ሺ ) ያልበለጠ ፣ ከማንፋክቸሪንግ ኢንዱስትሪ ውጭ ያሉት ወይም ደግሞ በከተማ ግብርና ፣ በባህላዊ ማዕድንና በኮንስትራክሽንና መንገድ ግንባታ ዘርፍ ከብር 100,001 እስከ ብር 1,500,000 ( አንድ ሚልየን አምስት መቶ ሺ ) ያልበለጠ ኢንተርፕራይዝ ነው ፣",2
ክልል ማለት የትግራይ ብሄራዊ ክልላዊ መንግስት ነው,2
ኤጀንሲ ማለት የትግራይ ብሄራዊ ክልላዊ መንግስት የከተሞች ምግብ ዋስትናና የሥራ ዕድል ፈጠራ ልማት ኤጀንሲ ነው,2
መንግስት ማለት የትግራይ ብሄራዊ ክልላዊ መንግስት ነው,2
ምክር ቤት ማለት በዚህ አዋጅ መሰረት የሚቋቋም የጥቃቅን እና አነስተኛ ንግድ ተቋማት ልማት ምክር ቤት ነው,2
ዘርፍ ማለት ጥቃቅንና ከማንፋክቸሪንግ ዘርፍ ውጪ ያሉትን ኣነስተኛ ንግድ ተቋማት የሚሰማሩበት የማኑፋክቸሪንግ ፣ ኮንስትራክሽን ፣ ከተማ ግብርና ፣ ንግድና ኣገልግሎት ልማት ዘርፍ ነው,2
የአንድ ማእከል አገልግሎት ማለት የጥቃቅንና አነስተኛ ንግድ ተቋማት ሕጋዊነትን ለማስፈን ምቹ ሁኔታ በመፍጠር የሚሰጡ አገልግሎቶች እና የመንግስታዊ ድጋፎችና አገልግሎቶች በተቀናጀ መልኩ ከአንድ ስፍራ በአንድ አስተባባሪ አካል ሥር ካሉ አካላት የሚገኙበት አደረጃጀት ነው,2
የንግድ ተቋማት የእድገት ደረጃዎች ማለት የፌደራል የከተማ ልማትና ኮንስትራክሽን ሚኒስቴር በሚያወጣው መመሪያ መሰረት ከአንድ የእድገት ደረጃ ወደ ቀጣዩ የእድገት ደረጃ የሚሸጋገሩበት መስፈርት ነው ።,2
የድጋፍ ማእቀፍ ማለት መንግስት ለጥቃቅንና ከአነስተኛ ማኑፋክቸሪንግ ዘርፍ ውጪ ያሉትን የንግድ ተቋማትን ልማት ለማገዝና ለመደገፍ ያወጣዉ የማስፈፀምያ መመርያዎችና ማንዋሎች ናቸዉ,2
ቴክኖሎጂ ማለት ዕውቀትን ፣ ክህሎትን ፣ መሳሪያዎችንና እነዚህኑ ለመጠቀምና ለማሳለጥ የሚያስችሉ ማኑዋሎችን ፣ መምርያዎች እና ኣሰራሮች የምያጠቃልል ድጋፍ ነው,2
የኢንዱስትሪ ኤክስቴንሽን አገልግሎት ማለት የንግድ ተቋማትና ጥቃቅንና ኣነስተኛ ችግር የለየትና በፍላጎት ላይ የተመሰረተ የተሟላ መረጃ ማደራጀትና የመስጠት ፣ ምክርና ፣ ቴክኖሎጂ ልማት ፣ ግብይት ፣ ምርጥ ተሞክሮ ቅመራና ማስተላለፍን የሚያካትት ድጋፍ ነው,2
ቴክኒክ ሞያ ትምህርትና ስልጠና ማለት በጥቃቅንና ከኣነስተኛ ማኑፋክቸሪንግ ዘርፍ ውጪ ያሉትን የንግድ ተቋማት ለተሰማሩና ለሚሰማሩ ኣንቀሳቃሾች የስልጠና እና የቴክኖሎጂ ስግግር የሚሰጥ ተቋም ማለት ነው,2
ሰው ማለት ተፈጥሮአዊ ሰው ወይም በህግ ሕጋዊ ሰውነት የተሰጠው አካል ነው ፣,2
የፆታ አገላለፅ,2
በዚህ አዋጅ በወንድ ፆታ የተገለፀ ለሴት ፆታም ይመለከታል,2
የከተሞች ምግብ ዋስትናና የሥራ ዕድል ፈጠራ ልማት ኤጀንሲ ከዚህ በኃላ ኤጀንሲ እየተባለ የሚጠራ ራሱን የቻለ የሕግ ሰውነት ያለው የትግራይ ብሄራዊ ክልላዊ መንግስር መሥሪያ ቤት ሆኖ በዚህ ኣዋጅ ተቋቁሟል ፣,2
የኤጀንሲው ተጠሪነት ለትግራይ ብሄራዊ ክልላዊ መንግስት የከተማ ልምዓት ፣ ንግድ እና ኢንዱስትሪ ቢሮ ይሆናል,2
የኤጀንሲው ዋና መስሪያቤት በመቐለ ከተማ ይሆናል,2
ኤጀንሲው በከተሞችና ወረዳዎች ፅህፈት ቤት ይኖሯል,2
በከተሞች የአንድ ማእከል ኣገልግሎት ይኖሯል,2
ዓላማ,2
ኤጀንሲው የሚከተሉ ዓላማዎች ይኖሩታል,2
ለዜጎች የሴፍቲኔት ድጋፍ በመስጠት ከድህነት ወለል በታች ያለውን የዜጎች አኗኗር በቀጣይነት በማሻሻል የምግብ ዋስትናቸውን ማረጋገጥ,2
የጥቃቅንና አነስተኛ ኢንተርፕራይዞች ልማት ዘርፍ ተወዳዳሪ ፣ ቀጣይነት ያለው ፣ ለኢንዱስትሪው ልማት ጠንካራ መሠረት የሚጥል እንዲሆን ድጋፍ የሚሰጡ ተቋማትን መደገፍና ማስተባበር,2
በሁሉም የጥቃቅን ኢንተርፕራይዞች ዘርፍና ከኣነስተኛ የማኑፋክቸሪንግ ዘርፍ ውጪ ያሉትን ኢንተርፕራይዞች የተሰማሩ የህብረተ ሰብ ክፍሎችን የተማላ ኣገልግሎት የኢንዳስትርያል ኤክስቴንሽን ኣገልግሎት በመስጠት ፣ በመደገፍና በማጠናከርተወዳዳሪ በማድረግ በከተሞች የሥራ ዕድል እንዲፈጠርና የነዋሪዎች ገቢ እንዲሻሻል እና ፍትሃዊ የሀብት ክፍፍል እንዲኖር ማድረግ,2
የኤጀንሲው ሥልጣንና ተግባር,2
ኤጀንሲው የሚከተሉት ሥልጣንና ተግባራት ይኖሩታል,2
የከተሞች ምግብ ዋስትናና የሥራ ዕድል ፈጠራ የሚያግዙ ስትራተጂ መርሃ ግብሮችን ይቀርፃል ሲፀድቅ ለተግባራዊነቱ ይከታተላል,2
የከተሞች ምግብ ዋስትናና የሥራ እድል ፈጠራ ስትራቴጂዎች ሥራዎችን ለማፋጠን የሚረዱ የድጋፍ ማቀፍ ፣ የአቅም ግንባታ መርሃ ግብሮችንና የአሰራር መመርያዎችመነሻ በማድረግ የስራዎችን አፈፃፀም ይገመግማል,2
የከተሞች ልማታዊ ሴፍቲኔት ፣ የኑሮ ማሻሻያ እና የጥቃቅንና አነስተኛ ኢንተርፕራይዞች ልማት የድጋፍ ማዕቀፎች ይቀርፃል ያስተባብራል አፈፃፀሙን ይከታተላል,2
የከተሞች ምግብ ዋስትናና የሥራ ዕድል ፈጠራ የሚደግፉና የሚያስተባብሩ የክልሉ ተቋማት የድጋፍ ማዕቀፎችን የማስፈፀም አቅም ይገነባል,2
በከተሞች ምግብ ዋስትና መረጋገጥ ፣ ለሥራ ዕድል ፈጠራ እና ለጥቃቅንና አነስተኛ ኢንተርፕራይዞች ልማትና ተወዳዳሪነት ዕንቅፋት የሆኑትን ጉዮችን በጥናት በመለየት መፍትሄ ይሰጣል,2
የእሴት ሰንሰለትን እና የጥቃቅንና አነስተኛ ኢንተርፕራይዞችን ልማት ፍላጎት መሠረት በማድረግ ለጥቃቅንና አነስተኛ ኢንተርፕራይዞች ድጋፍ ሰጪ ተቋማት የሚያቀርቡትን የሥልጠና ፣ የፋይናንስ ፣ የቴክኖሎጂና የምክር አገልግሎት ያስተባብራል,2
በማህበረሰቡ ውስጥ ያለውን የተዛባ የሥራ አመለካከት መቀየር የሚያስችሉ የትምህርትና ሥልጠና ሥራዎችን በስፋት እንዲሠሩ የሚያግዝ የህዝብ ንቅናቄ እንዲፈጠር ድጋፍ ያደርጋል,2
የሚመለከታቸውን አካላት በማስተባበር የማህበራዊ ኑሮ ችግርና ጠንቅ እንዲሁም ለሕገ ወጥ የሰዎች ዝውውርና ፍልሰት ተጋላጭ የሆኑ ዜጎችን የመከላከልና የተሃድሶ ሥራዎች እንዲሰሩ ያደርጋል,2
በማንኛውም የከተሞች የልማትና ሌሎች ማወዳደሪያ መስፈርቶች ላይ የከተሞች ምግብ ዋስትና ጉዳይ እንደ አንድ መስፈርት መካተቱን ይከታተላል,2
ጥቃቅንና ከአነስተኛ ማኑፋክቸሪንግ ዘርፍ ውጪ ያሉትን ኢንተርፕራይዞች በየዘርፎቻቸው በማህበር እንዲደራጁ በሃገር ውስጥ ገበያ ተጠቃሚ እንዲሆኑ ይደግፋል,2
በከተሞች የምግብ ዋስትናን ለማረጋገጥና የሥራ ዕድል ለመፍጠር አስፈላጊ የሆኑ የሥራ አጦች ፣ ሥራ ፈቶች ፣ መሥራት የሚችሉና የማይችሉ ለማህበራዊ ችግር ተጋላጭ የሆኑ ዜጎችን መረጃ በጥናት በመለየት ይሰበስባል ይተነትናል ያደራጃል ያሰራጫል,2
በከፋ ድህነት ውስጥና ከድህነት ወለል በታች ላሉት ዜጎች የተለየ ፓኬጅ ቀርጾ ወደ ሥራ ያሠማራል በጊዜ ገደብ እንዲመረቁም ያደርጋል,2
ጥቃቅንና ከአነስተኛ ማኑፋክቸሪንግ ዘርፍ ውጪ ያሉትን ኢንተርፕራይዞች ያላቸውን ክፍተት መሰረት ያደረገ የተጠናከረ የኢንዳስትርያል ኤክስቴንሽን ይሰጣል,2
በምግብ ዋስትና ማረጋገጥና በጥቃቅንና ኣነስተኛ ንግድ ተቋማት የሚገኙ ምርጥ ተሞክሮዎችን በማጥናት በመቀመርና በማስፋት የከተሞች ምግብ ዋስትናና የሥራ ዕድል ፈጠራ ሥራዎችን ያግዛል,2
ተመሳሳይ ዓላማና ተልእኮ ካላቸው የሀገር ውስጥና የውጭ ሀገር የግልና የመንግሥት ተቋማት ተባብሮ ይሰራል እንዲሁም ከነዚህ የሚገኙ ድጋፎችን ያስተባብራል,2
የንብረት ባለቤት ይሆናል ፣ ውል ይዋዋላል በስሙ ይከሳል ይከሰሳል,2
ዓላማውን ከግብ ለማድረስ የሚረዱ ሌሎች ተዛማጅ ተግባራትን ያከናውናል,2
የኤጀንሲው ተቋም,2
ኤጀንሲው,2
የትግራይ ክልል ብሄራዊ መንግስት የከተሞች ምግብ ዋስትናና የሥራ ዕድል ፈጠራ ልማት ምክር ቤት ከዚህ በኋላ ምክር ቤት እየተባለ የሚጠራ,2
በክልሉ ርእሰ መስተዳድር የሚሾም አንድ የኤጀንሲው ዋና ዳይረክተርና እንደ አስፈላጊነቱ ምክትል ዳይረክተር ፣ የስራ ሂደት ባለቤቶች እና ሌሎች አስፈላጊ የሆኑ ሰራተኞች ይኖሩታል,2
የምክር ቤቱ አባላት,2
ሰብሳቢውን ጨምሮ በክልሉ ካቢኔ ወይም ርእሰ መስተዳድር ይሰየማሉ ፤ ቁጥራቸውና ተሳትፉቸው እንደአስፈላጊነቱ ይወሰናል,2
የኤጀንሲው ዋና ዳይሬክተር የምክር ቤቱ አባልና ፀሐፊ ይሆናል,2
የምክር ቤቱ ሥልጣንና ተግባር,2
ምክር ቤቱ የሚከተሉት ሥልጣንና ተግባሮች ይኖሩታል,2
የከተሞች ምግብ ዋስትናና የሥራ ዕድል ፈጠራ ስትራቴጂ ፣ የድጋፍ ማዕቀፎች ፣ ሀገራዊ ዕቅዶች አፈፃፀምና የአቅም ግንባታ ሥራዎችን አስመልክቶ አግባብ ያላቸው ተቋማትን አፈፃፀም ይገመግማል,2
የከተሞች ምግብ ዋስትናና የሥራ ዕድል ፈጠራ በሚመለከቱ ጉዳዮች ላይ ይመክራል ፤ ኣቅጣጮዎች ይለያል ፤ ሃሳብ ያቀርባል,2
በከተሞች በሴፍቲኔትና በኑሮ ማሻሻያ ለሚታቀፉ ተጠቃሚዎች ፣ የሥራ ዕድል ለሚፈጠርላቸው ዜጎች እና ለጥቃቅን አነስተኛ ኢንተርፕራይዞች የሚሰጡ ድጋፎች ፣ የሞዴል ኢንተርፕራይዞች መረጣና ማበረታቻ መመዘኛዎችና አሰጣጥ ፍትሃዊ በሆነ መንገድ መፈፀማቸው ይገመግማል,2
የከተሞች ምግብ ዋስትናና የሥራ ዕድል ፈጠራን ለመደገፍ የሚውሉ የፋይናንስ ምንጮችንና ወጪዎችን ይከታተላል ፤ ይደጋፋል ፤ ይገመግማል,2
የምክር ቤቱ ስብሰባዎች,2
የምክር ቤቱ መደበኛ ስብሰባ በየሦስት ወሩ የሚካየድ ሆኖ እንደአስፈላጊነቱ በማናቸውም ጊዜ አስቸኳይ ስብሰባ ሊደረግ ይችላል,2
በስብሰባው ከአባላቱ መካከል 50 % ቲ1 ከተገኙ ምልዓተ ጉባዔ ይሆናል,2
የምክር ቤቱ ውሳኔዎች በድምጽ ብልጫ ያልፋሉ ፤ ሆኖም ድምጽ እኩል በእኩል የተከፈለ እንደሆነ ሰብሳቢው ያለበት ወገን የምክር ቤቱ ውሳኔ ይሆናል,2
የዚህ አንቀጽ ድንጋጌዎች እንደተጠበቁ ሆኖ ምክር ቤቱ የራሱን የስብሰባ ሥነ ስርዓት ደንብ ሊያወጣ ይችላል,2
የዋና ዳይሬክተሩ ሥልጣንና ተግባር,2
ዋና ዳይሬክተሩ የኤጀንሲው ዋና ሥራ አስፈጻሚ በመሆን የኤጀንሲውን ሥራዎች ይመራል ፤ ያስተዳድራል,2
በዚህ አንቀጽ ንዑስ አንቀጽ ( 1 ) የተመለከተው አጠቃላይ አገላለጽ እንደተጠበቀ ሆኖ ዋና ዳይሬክተሩ,2
በዚህ ኣዋጅ አንቀፅ 7 ሥር የተመለከቱትን የኤጀንሲውን ሥልጣንና ተግባራት በሥራ ላይ ያውላል ፤ እንዲውሉ ያደርጋል ፤ መዋላቸውን ያረጋግጣል,2
በህግ መሰረት ለየኤጄንሲውን ሠራተኞች ይቀጥራል ፣ ያስተዳድራል,2
ከሦስተኛ ወገኖች ጋር በሚደረጉ ግንኙነቶች ኤጀንሲውን ይወክላል,2
ለኤጀንሲው በተፈቀደው በጀትና የሥራ ፕሮግራም መሠረት ገንዘብ ወጪ ያደርጋል,2
የኤጀንሲውን የሥራ ፕሮግራምና በጀት አዘጋጅቶ ያቀርባል ፤ በመንግሥት ሲፀድቅም ተግባራዊ ያደርጋል,2
የኤጀንሲውን ስትራቴጂክና ዓመታዊ ዕቅድ የሥራ አፈፃፀምና የሂሣብ ሪፖርቶች አዘጋጅቶ ለሚመለከተው ያቀርባል,2
ዋና ዳይሬክተሩ ለኤጀንሲው ሥራ ቅልጥፍና በሚያስፈልግ መጠን ሥልጣንና ተግባሩን በከፊል ለኤጀንሲው ሌሎች ኃላፊዎችና ሠራተኞች በውክልና ሊሰጥ ይችላል,2
የምክትል ዳይሬክተር ስልጣንና ተግባር,2
የኤጀንሲው ተግባራት በማቀድ ፣ በማደራጀት ፣ በመምራትና በማስተባበር ዋና ዳይረክተሩን ያግዛል,2
ዋና ዳይረክተር በማይኖሩበት ጊዜ የኤጀንሲው ተግባር በበላይነት ይመራል,2
በዋና ዳይሬክተር ተለይተው የሚሰጡት ሌሎች ተግባራት ይፈፅማል,2
በጀት,2
የኤጀንሲው የበጀት ምንጮች የሚከተሉትን ሊሆን ይችላል,2
ከክልሉ መንግስት የሚመደብ በጀት,2
ለኤጀንሲ ከሚሰጡ እርዳታዎችና ድጋፎች እና,2
ከሌሎች ምንጮች,2
ስለሂሣብ መዛግብት,2
ኤጀንሲው,2
በፋይናንስ ሕግ መሰረት ኤጀንሲው የተሟላና ትክክለኛ የሆኑ የሂሣብ መዛግብት ይይዛል,2
የኤጀንሲው የሂሳብ መዛግብት እና ገንዘብ ነክ ሰነዶች በዋናው ኦዲተር ወይም ዋናው ኦዲተር በሚሰይማቸው ኦዲተሮች በየዓመቱ ይመረመራሉ,2
የመተባበር ግዴታ,2
ማንኛውም ሰው ለዚህ አዋጅ አፈፃፀም የመተባበር ግዴታ አለበት,2
ደንብና መመሪያ የማውጣት ሰልጣን,2
የትግራይ ብሄራዊ ክልላዊ መንግስት ምክር ቤት ስራ አስፈፃሚ የዚህ አዋጅ ማስፈፀሚያ ደንብ ሊወጣ ይችላል,2
እቲ ኤጀንሲ ቢሮ ለዚህ አዋጅና ተከትሎ ለሚወጣው ደንብ ማስፈፀምያ መመርያ ሊወጣ ይችላል,2
የመሸጋገሪያ ድንጋጌ,2
ይህ አዋጅ ከመውጣቱ በፊት የትግራይ ብሄራዊ ክልላዊ መንግስት የጥቃቅንና ኣነስተኛ ንግድ ተቋማት ልማት ኤጀንሲ የተፈፀሙ መብትና ግዴታዎች በዚህ አዋጅ እንደተፈፀመ ይቆጠራል,2
ተፈፃሚነት የሌላቸው ሕጎች,2
የትግራይ ብሄራዊ ክልላዊ መንግስት የጥቃቅንና ኣነስተኛ ንግድ ተቋማት ልማት ኤጀንሲ ለማቋቋም የወጣ አዋጅ ቁጥር 209 / 2003ዓ.ም በዚሁ ኣዋጅ ተሽረዋል,2
ከዚህ ኣዋጅ የሚጋጭ ማንኛውም አዋጅ ፣ ደንብ ፣ መመሪያና ልማዳዊ አሰራር ተፈፃማነት የላቸውም,2
ስለ ኣደረጃጀት ኢንዳስትርያል ኤክስቴንሽን የትግራይ ብሄራዊ ክልላዊ መንግስት ቴክኒክ ሞያና ትምርት ስልጠና ቢሮ ለማቋቋም በወጣ ኣዋጅ ለቢሮው የተሰጠው ስልጣንና ተግባር በዚሁ ኣዋጅ መሰረት ለኤጀንሲው ተሰጥቷል,2
አባይ ወልዱ,2
የትግራይ ብሄራዊ ክልላዊ መንግስት ፕሬዚዳንት,2
መቐለ,2
የትግራይ ብሄራዊ ክልላዊ መንግስት የዉሃ ቴክኖሎጂ እና ኬሚካል ኣቅርቦት ተዘዋዋሪ ፈንድ ለመወሰን የወጣ ደንብ,2
በኣዋጁ የተሰጠውን ትርጉም እንዳለ ሆኖ,2
አዋጅ ማለት ለዉሃ አቅርቦት አገልግሎት የሚዉል የዉሃ ቴክኖሎጂ እና ኬሚካል መግዣ የሚሆን የዉሃ ልማት ተዘዋዋሪ ፈንድ ለማቋቋምና አስተዳደሩን ለመወሰን የወጣ አዋጅ ቁጥር 268 / 2007 ዓ.ም ነዉ,2
ቢሮ ማለት የትግራይ ብሄራዊ ክልላዊ መንግስት የዉሃ ሃብት ቢሮ ነዉ,2
ክፍል ሁለት,2
የግዢና ብድር ስርኣት,2
በዋስትና ኣማካኝነት የውሃ ቴክኖሎጂና ኬሚካል በብድር ስለመውሰድ,2
የውሃ ልማት ተዘዋዋሪ ፈንድ በኣዋጁና በዚህ ደንብ መሰረት ለሚሰጠው አገልግሎትና ለሚያቀርበው የውሃ ቴክኖሎጂና ኬሚካል ተገቢና ተመጣጣኝ ክፍያ ሊያስከፍል ስልጣን ኣለው,2
ተጠቃሚዎች በክልል ተዘዋዋሪ ፈንድ የቀረበ የውሃ ቴክኖሎጂና ኬሚካል ከጠቅላላ ዋጋ 6 % ጨምረው በቀጥታ ግዢ ይወስዳሉ,2
ተጠቃሚዎች በወረዳ ተዘዋዋሪ ፈንድ በኩል ከቀረበው የውሃ ቴክኖሎጂና ኬሚካል ጠቅላላ 10 % ጨምረዉ በቀጥታ ግዥ ይወስዳሉ,2
የመክፈል ኣቅም የሌላቸው ተጠቃሚዎች በተዘዋዋሪ ፈንድ ከቀረበዉ የዉሃ ቴክኖሎጂ እና ኬሚካል ከጠቅላላ ዋጋ 15 % ጨምረዉ በብድር ይወስዳሉ,2
በዚህ ኣንቀፅ ንኡስ 4 የተደነገገ ቢኖርም የቢሮ ሃላፊ የዋጋ ጭማሪዉን እንደየሁኔታዉ ሊያሻሽለዉ ይችላል,2
ተጠቃሚዎች አገልግሎት ለማግኘት በቂ ገንዘብ የሌላቸዉ እንደሆነ የወሰዱት እቃ ወይም የዉሃ ቴክኖሎጂና ኬሚካል ከእቃዉ ዋጋ 25 % ኣስቀድመዉ በመክፈል እና ለባንክ ገቢ ያደረጉበትን የባንክ ስሊፕ በማቅረብ ይወስዳሉ,2
በዚህ ኣንቀፅ ንኡስ 5 መሰረት የቀረዉ 75 % ብድር ከወሰዱበት ጊዜ ጀምሮ በሁለት ዓመት ዉስጥ ብድራቸዉን ከፍለዉ ይጨርሳሉ,2
በዚህ ኣንቀፅ ንኡስ 4 የተደነገገዉ እንደተጠበቀ ሆኖ ከተወሰደዉ ብድር በመጀመሪያዉ ዓመት 50 % የሚከፈል ሆኖ በሁለተኛዉ ዓመት መጨረሻ ቀሪዉ ብድር ከፍሎ ይጨረሳል,2
ተጠቃሚዎች በዚህ አንቀፅ ንኡስ ኣንቀፅ 4 የተደነገገዉን ቅድመ ክፍያ ለመክፈል የማይችሉ እንድሆነ የቢሮ ሃላፊ ኣስፈላጊነቱን በመመልከት ያለቅድመ ክፍያ እንዲወስዱ ሲያዝ ተጠቃሚዎችና የተዘዋዋሪ ፈንድ ሱቅ ቅድመ ክፍያ ሳይጠየቁ እቃዉን ይወስዳሉ,2
በሱቐና ሌሎች ተጠቃሚዎች በብድር የሚወሰድ የዉሃ ቴክኖሎጂና ኬሚካል ተፈፃሚነት የሚኖረዉ,2
የገጠር ወረዳ ነዋሪ ለሆኑ ተጠቃሚዎች ከወረዳዉ ኣስተዳደር ዋና አስተዳዳሪ ዋስትና ሲቀርብ,2
በከተማ ነዋሪ ለሆኑ ተጠቃሚዎች ክፍለ ከተማ መስተዳድሩ ኣስተዳዳሪ ወይም ከከተማው ከንቲባ ዋስትና ሲቀርብ,2
ተበዳሪዉ የወሰደዉን ብድር በጊዜዉ ካልመለሰ ዋስትና ከሰጠው የአስተዳዳር አካል በጀት ተቀንሶ ወደ ተዘዋዋሪ ፈንድ ገቢ ይሆናል,2
ቀደሞ የተወሰደዉ ብድር በጊዜዉ ካልተከፈለ የቢሮ ሃላፊ በልዩ ሁኔታ ካልፈቀደ በቀር ተጨማሪ የብድር ዋስትና አይፈቅድም,2
ባስቸኳይና በቀጥታ ከማምረቻ ተቋማት ስለሚገዛ የዉሃ ቴክኖሊጂና ኬሚካል,2
የትግራይ ብሄራዊ ክልላዊ መንግስት የግዢ ስርዓትን ለመወሰን በወጣ አዋጅ ቁጥር 255 / 2007 ዓንቀፅ 38 ( 4 ) መሰረት የክልሉ የእቅድና ፋይናንስ ቢሮ ሲፈቅድ,2
"የቢሮ ሃላፊ አስፈላጊነቱን ሲያምንበት ከማምረቻ ተቋማት በአንድ ጊዜ እስከ ብር 15,000,000.00 . ( አስራ ኣምስት ሚልዮን ብር ) ቀጥታ ግዢ መፈፀም ይቻላል",2
ክፍል ሶስት,2
ልዩ ልዩ ድንጋጌዎች,2
መመሪያ የማዉጣት ስልጣን,2
ቢሮው ማስፈፀምያ መመሪያ ያወጣል,2
የደንቡ ተፈፃሚነት,2
የትግራይ ብሄራዊ ክልላዊ መንግስት,2
የሚልሻ መተዳደርያ ደንብ ኣዲስ ከተቀረፀው የሚልሻ ፅህፈት ቤት ስራና ሃላፊነት ተጣጥሞ እንዲወጣ ኣስፈላጊ ሆኖ በመገኘቱ ፣,2
የምልሻ አሰራር ፣ ስምሪትናቁጥጥር በመተዳደርያ ደንቡ በዝርዝር ማስቀመጥ አስፈላጊ ሆኖ በመገኘቱ ፣ የምልሻ ኣባላት መተዳደርያ ደንብ አዲስ ከተቀረፀው መሰረታዊ የስራ ሂደት ለውጥ ተስማምቶ ውጤት ያለው በሙሉነት የሚያሰራ ሆኖ እንዲወጣ ኣስፈላጊ ሆኖ በመገኘቱ ፣,2
ይህ ደንብ የትግራይ ብሄራዊ ክልላዊ መንግስት የሚሊሽያ ኣባላት የተሻሻለው መተዳደርያ ደንብ ቁጥር 70 / 2004 ተብሎ ሊጠቀስ ይችላል ።,2
ያንዱ ዋጋ,2
በዚህ ደንብ ውስጥ,2
ምሊሽያ ማለት በህዝብ ተመልምሎ የታጠቀ ። ከስራው ጎን ለጎን የኣከባቢው ፀጥታ የሚጠብቅና ሃገራዊና ክልላዊ ልዩ ጥሪ ሲኖር በዘመቻ የሚሳተፍና ሃገሩን የሚከላከል የታጠቀ ሃይል ነው ።,2
ቢሮ ማለት የትግራይ ክልል የፀጥታና ኣስተዳደር ቢሮ ነው ፣,2
ጉዳት ማለት የመስራት ችሎታ የሚቀንስ ወይም የሚያሳጣ ስራ ላይ እያለህ የሚደርስ በህክምና ቦርድ የተረጋገጠ ጉዳት ነው ።,2
ከባድ ጉዳትማለት ከማንኛውም ገቢ የሚያስገኝ ስራ ለመስራት የሚከለክል ፣ የማይድን ስራ ላይ እያለህ የሚደርስ በህክምና ቦርድ የተረጋገጠ ጉዳት ነው ።,2
የተፈፃምነት ውሳነ,2
ይህ ደንብ በትግራይ ክልል የሚልሽያ ጽህፈት ቤት በሚልሽያነት የታጠቀ ምልሽያ በመንግስታዊና መንግስታዊ ያልሆኑ ድርጅቶች የሚሰሩ በምልሽያነት የታጠቁ ሰራተኞች ተፈፃምነት ይኖራል ።,2
በተባዕታይ ፆታ የተገለፀ አነስታይ ፆታም ይጨምራል ፣,2
የሚልሽያ ብዛት ግምት ውስጥ በማስገባት የጓድና የመቶ አደረጃጀት እንደ አስፈላጊነቱ በየቀበሌው ከአንድ አደረጃጀት በላይ ሊኖር ይችላል ፣ በሻንበል አንድ አደረጃጀት ብቻ ይኖራል,2
የሚልሽያ ሻንበል መሪዎች ተጠሪነታቸው ለመረጣቸው የሚልሽያ አባል ፣ ለቀበሌና ለወረዳ ምልሽያ ፅህፈት ቤት ሆኖ ሌሎች የሚልሽያ ሃላፊዎች ተጠሪነታቸው በየደረጃው ላለው የሚልሽያ ሃላፊ ይሆናል,2
ማንኛውም የሚከተሉት መመዘኛዎች ያሟላ የተፈጥሮ ሰው የሚልሽያ ኣባል ለመሆን ሊመለመል ይችላል ።,2
ህገ-መንግስት የተቀበለና ታማኝ የሆነ,2
ዜግነቱ ኢትዮጵያዊ የሆነ,2
የሚሊሽያ ኣባል ለመሆን ፍላጎት ያለውና በህዝብ የተመመለመለ,2
ዕድሜው ከ18 እስከ 45 ዓመት የሆነ,2
ትግርኛ ቋንቋ የሚችል ፣ ብሄር ብሄረ ሰቦች ባሉበት አከባቢ ከሆነ ደግሞ የኣከባቢው ብሄረ ሰብ ቋንቋ የሚችል,2
ለራሱ ወይም ለቤተሰቡ የሚተዳደሩበት ስራ ያለው ሆኖ ቢያንስ በቀበሌው ሁለት ዓመት የኖረወይም የተቀመጠ ወይም የኖረበት ከነበረ ቀበሌ መደበኛ የዝውውር ማስረጃ ይዞ የመጣ ፣,2
በሚኖርበት ማህበረ ሰብ ተቀባይነት ያለው ፣,2
ለሚሊሻ ደንብ ተገዥ የሆነና በስነ-ምግባሩ የተመሰገነ ፣,2
በፀረ-ህዝብ ስራዎች ያልተሳተፈና በገበን ያልተቀጣ ፣,2
በዲሞክራሲያዊ ማእከላዊነት የሚያምን ፣,2
ትጥቅ ይዞ በብቃት መንቀሳቀስ የሚያስችል ኣካላዊ ሁኔታ ያለው ፣,2
የስልጠናው አላማ የሚልሻው አቅሞ በመገንባት የፀጥታ ስራዎች ማጠናከር ፣ ማጎልበትና የህግ የበላይነት ያረጋገጠ ፣ የህብረተሰብና የግለሰብ ሰብኣዊና ዲሞክራሲያዊ መብት የሚያከብር ፣ እንዲሆን ማድረግ ፣,2
የኣገራችንና የክልላችን ህገ-መንግስት መሰረት ያደረገ ፣ ሰብኣዊናዲሞክራሳዊ መብቶች ኣከባበር እንዲያውቅ ይደረጋል ፣,2
የአገራችን ፖሊሲና ስትራቴጂ ፣,2
የሚሊሽያ ደንብና ሌሎች አቅምን የሚያሳድጉ ስልጠናዎች መስጠት ፣,2
የሚልሽያ መተዳደርያ ደንብ መሰረት ያደረገ ስልጠና ይሰጣል ፣,2
ፅህፈት ቤቱ በሚያዘጋጀው የስልጠና ማንዋል ወይም መመርያ መሰረት በወረዳ ሚልሽያ ፅህፈት ቤት ተልእኮውን መፈፀም የሚያበቁ ወታደራዊና ፖለቲካዊ ስልጠና ይሰጣል ፣,2
በልዩ ሁኔታ አስፈላጊ ሆኖ ሲገኝ በክልሉ ቢሮ ስልጠና ይሰጠዋል,2
በስልጠና ላይ እያለ ለሚደርስ ጉዳት ፣ ተልእኮ በመፈፀም ላይ እያለ የደረሰ ጉዳት የሚመለከቱ የዚህ ደንብ ድንጋጌዎች ተፈፃሚ ይሆናሉ ፣,2
ከአከባቢው ወይም ከቀበሌው ውጪ የሚሰጥ ስልጠና ከሆነ ለስልጠና የሚሰጠው አበል ፣ ቀለብ ፣ ህክምናና ሌሎች ለስልጠናው የሚያስፈልጉ ነገሮች ተሟልተው እንዲሰጡ ያደርጋል,2
መብትና ግዴታ,2
ማንኛውም የሚልሽያ ኣባል የሚከተሉት መብቶች ይኖሩታል,2
መሪዎችን በስብሰባ ይመርጣል ፣ ዝርዝሩ በመምሪያው ይወሰናል ፣,2
ሃላፊነቱ በትክክል የማይወጣ መሪው ገምግሞና ነቅፎ ከሃላፊነቱ ያወርዳል ፣,2
ባለው ተጨባጭ ችግር የሚልሽያ ኣባል ሆኖ መቀጠል የማይችልበት ሁኔታ ከደረሰ በዲሞክራሲያዊ መንገድ የስንብት ጥያቄ አቅርቦ ይሰናሰበታል ፣,2
ተልእኮውን በመፈፀም ላይ እያለ ለደረሰበት ጉዳት ወይም ህመም አስፈላጊውን የህክምና ወጪ ባሰማራው አካል የሚሸፈን ይሆናል ፣,2
የህክምና ቦርድ ባረጋገጠው ማስረጃ መሰረት የጉዳቱ መጠን ቀላል ከሆነ ሁለት ወርና ከዛ በላይ ተኝቶ ከታከመ ባሰማራው አካል ብር 2000 / ሁለት ሽህ ብር / ድጎማ ያገኛል ፣,2
ከስምሪት ስራ ጋር በተያያዘ በፈፀመው ተግባርምክንያት በሶስተኛ ወገን ለሚቀርብበት ክስባሰማራው አካል ወጪ የጥብቅና አገልግሎትያገኛል ፣,2
ከስምሪቱ የከዳ ወይም የሸሸ ወይም ከመመሪያ ወጪ ያፈገፈገ በዚሁ ምክንያት ጉዳት የደረሰበት ወይም የቆሰለ የካሳ ክፍያ ወይም ድጎማ አያገኝም ፣,2
ወደ ተልእኮ ሲሰማራ ስንቅ ፣ ቀለብና የህክምና አገልግ ሎት ካሰመራው አካል ያገኛል ፣,2
የሚሊሻ ኣባል በጠላት ወይም በህመም ወይም በሽታ ምክንያት በሞት ሲለይ እንደ ሁሉም አርበኛ ታይቶ በቀበሌው አስተዳደርና በሚልሽያው አዛዥ አስተባባሪነት የቀብሩ ስነ-ስርኣት በክብር ይፈፀማል,2
በፌዴራል መንግስት ለሚደረግ ሃገራዊ ጥሪ ፌዴራል መንግስት በሚያወጣው ህግ መሰረት ጥቅማ ጥቅም ያገኛል ፣,2
ልዩ የጀግንነት ስራ የፈፀሙ የሚልሽያ አባላት የማበረታቻ ሽልማት ያገኛሉ ፣ ኣፈፃፀሙ በመመርያ ይወሰናል ፣,2
ማንኛውም የሚልሽያ ኣባል የፍትሃብሄር ጉዳይ በሚመለከት እስረኛ እንዲያቀርብ በመደበኛ ፍርድ ቤት ወይ በማህበራዊ ፍርድ ቤት ሲታዘዝ በህግ መሰረት ውሎ ኣበል ይከፈለዋል ፣,2
ማንኛውም የሚልሽያ አባል በወረዳው በሚገኝ መንግስታዊና መንግስታዊ ያልሆኑ የግል ድርጅቶች ተቀጥሮ ሊሰራ መብት አለው ፣,2
ግዴታ,2
ማንኛውም የሚልሻ ኣባል የሚከተሉት ግዴታዎች አሉት,2
ሃገሩን ለመከላከል በመንግስት ለሚደረግ ጥሪ መሰረት ይዘምታል ፣,2
በቀበሌ ፣ በወረዳውና አከባቢው ሰላምና ፀጥታ ለማስፈን ይሰራል ፣,2
በአከባቢው ለሚፈጠር ድንገተኛ አደጋና ሌሎች የፀጥታ ችግሮች በአከባቢው አደረጃጀት መሰረት በሻንበል ፣ በመቶአለቀና በቲም ወይም ጓድ አማካኝነት ይካላከላል ፣ ይንቀሳቀሳል ፣ ወይም ይፈታል ያረጋጋል አስቸኳይ የፀጥታ ችግሮች ሲከሰት ለቅርብ ሃላፊው ሪፖርት ያደርጋል ፣,2
ጓደኛህ አደጋ ላይ እንደይገባና እንዳይወድቅ ጠንክሮ መታገል ፣,2
በዘመቻ ወይም ተልእኮ ላይ እያለ የታመመ እና የደከመ ጓድ ድጋፍ ይሰጣል ፣,2
የተሰዋ ጓዱን ብአግባቡ ይቀብራል,2
በህገ-መንግስትና ሌሎች ህጎች የተመለከቱትን የህዝብና የዜጎች መብት ያከብራል,2
የተሰጠው የሚልሽያ መታወቅያ የመያዝና ፀጥታ በሚያስከብርበት ወቅት የማሳየት ግዴታ አለበት,2
የሚያስፈልገው መረጃ ጠይቆ በመረዳት የሚሰጠው ተልእኮ በመፈፀም ለቅርብ ሃላፊው ሪፖርት ያቀርባል,2
ህዝብ በሚያካሄዳቸው የልማት ስራዎች መሪ ሆና ይንቀሳቀሳል ፣,2
ለህዝብ በሚቀርቡ ጥሪዎች ከህዝቡ እኩል ተሳትፎ በመሆን ይፈፅማል ፣,2
የታጠቀው ትጥቅ በጥንቃቄና እንክብካቤ ይይዛል ፣ ከወረዳው ሲቀየር ትጥቁ አስረክቦ ያስረከበበት ደረሰኝ በመያዝ ወደ ተቀየረበት ወረዳ ሪፖርት ይዞ በመሄድ እዛው ይታጠቃል ፣,2
በማንኛውም ኣድማ መሳተፍ የለበትም ፣ አድማ ሲነሳ ሳይታዘዝ ለማቆም መንቀሳቀስ የለበትም ፣,2
ዲሞክራሲያዊ ማእከላዊነት ያከብራል ፣ እንዲከበር ያደርጋል ፣,2
የቀበሌው ማሕበራዊ ፍርድ ቤት ትእዛዝ ይፈፅማል ፣,2
ማንኛውም ሚልሽያ የህዝብ የድረሱልኝ ጥሪ ሲደርሰው በወቕቱ በሚፈለገው ቦታ ደርሶ የማረጋጋት ግዴታ አለው ፣,2
የተያዘ የወንጀል ተጠርጣሪ በኣቅራቢያው ወደሚገኝ የሕግ ኣባል የማቅረብ ግዴታ አለበት ፣,2
የወንጅል መከላከል ስራ ይሰራል ፣,2
በሚካሄድ ህዝባዊ ምርጫዎች የምርጫ ቦርድ ደንብ ስነ-ስርኣት ተገዥ ሆኖ ይሰራል ፣,2
ማንኛውም የምልሽያ ኣባል በአካባቢው የሚካሃዱጥበቃዎች የምልሽያ ሃላፊ በሚያወጣው የጥበቃ ፕሮግራም መሰረት የመጠበቅ ግዴታ አለው ፣,2
ማንኛውም የምልሽያ አባል በህዝባዊ ምርጫወቅት ከተሰማራው ጥበቃ ስራ ውጪ ትጥቅ ይዞ ወደ ድምፅ መስጫ ቦታ መግባት የለበትም ፣,2
ማንኛውም የምልሽያ ኣባል ትጥቅ ይዞ በሰላማዊ ሰልፍ ላይ መሳተፍ አይችልም ፣,2
ማንኛውም ምልሽያ ለምልሽያ ኣመራር ሲመረጥ ተቀብሎ የመስራት ግዴታ አለው ፣,2
በአከባቢው የሚኖር ሕብረተ ሰብ አስተባብሮ የሚታዩ ችግሮች ይፈታል ፣ ይከላከላል ፣,2
ለሚሰጠው ተልእኮ መረጃ ይዞ እንዴት እንደሚሰራ መረዳት አለበት ፣,2
ተልእኮው በሚገባ መፈፀሙን የመቆጣጠር ሃላፊነት አለበት ፣,2
በራሱና በሌላ ሰው አደጋ ያደርሳል ተብሎ የተጠረጠረ ምልሽያ ውሳኔ እስከሚሰጠው ድረስ የቀበሌው ሚልሽያ ኮማንደር ትጥቁን አስፈትቶ በአንድ ወር ውስጥ ውሰኔ እንዲሰጠው ያደርጋል ፣ ውሳኔ እስኪያገኝ ትጥቁ በወረዳው መጋዘን ገቢ ሆኖ ይቀመጣል ፣ ማንኛውም ሰው በራሱ ቀይሮ ሊታጠቀው ወይም ሊያስታጥቀው አይፈቀድም ፣,2
ከበላይ የሚሰጥ ውሳኔ ወይም ትእዛዝ ይፈፅማል ፣,2
የምልሽያ አባሎች ስብሰባ,2
ሁሉም የምልሽያ አባል የሚሳተፉበት የስራ ግምገማ በወር አንድ ጊዜ በቀጠና ፣ በሁለት ወር አንድ ጊዜ በቀበሌ ፣ በወረዳና ንኡስ ወረዳ በአመት ሁለት ጊዜ መደበኛ ስብሰባ ይካሄዳል ፣ አካሄዱ የሚመለከት ወረዳ ራሱ ያመቻቻል ፣,2
የወረዳው ምልሽያ ፅህፈት ቤት አስቸኳይ ስብሰባ በሚፈለግበት ጊዜ ስብሰባ ይጠራል ፣,2
የምልሽያ ሃላፊዎች ከራሳቸው ስብሰባ በተጨማሪ በዚህ አንቀፅ ንኡስ አንቀፅ 1 እና 2 የተመለከቱት ስብሰባዎች ይሳተፋሉ ፣ ይመራሉ ፣,2
ከስብሰባ በመቕረት የሚወሰድ እርምጃ በዚህ ደብዳቤ አንቀፅ 15 መሰረት ይፈፅማል ፣,2
የስብሰባ ቀንና ስአት እንደየ ሁኔታው በየወረዳው ይወስናል ፣ ቀኑንና የሚወስደው ጊዜ አስቀድሞ ለተሰብሳቢው ሊነገረው ይገባል,2
ከሁለት ቀበሌዎች በላይ በወረዳ ደረጃ ለሚጠራ ስብሰባ የሚካሄድበት ማእከል የወረዳው ምልሻ ፅህፈት ቤት,2
ትጥቅ በቀበሌው ህዝብ ውሳኔ የወረዳ ምልሽያ ፅህፈት ቤት የቀበሌው ፀጥታና አስተዳደር የምልሽያ ኮማንደሮች በሃላፊነት ያስታጥቃሉ ፣,2
ትጥቅ ለማስወረድ የታጠቁ የቀበሌ ምልሽያ አስተያየት ይሰጥበታል ፣ የቀበሌ ፀጥታ ኣስተዳደርና የምልሸያ ኮማንደሮች ያላቸው አስተያየት ለወረዳ ሪፖርት ያቀርባሉ ፣ የወረዳ ምልሽያ ፅህፈት ቤት ውሳኔ ይሰጥበታል ውሳኔው በአንድ ወር ጊዜ ህዝብ እንዲያፀድቀው ያደርጋል ፣ ቅሬታ ያለው ምልሽያ በየደረጃው የሚገኝ የምልሽያ ፅህፈት ቤት የተሰጠው ውሰኔ ይዞ ቅሬታው ሊያቀርብ ይችላል ፣,2
ህዝብ ያፀደቀው ውሳኔ ከሁለት ወር በላይ ካደረገ ትጥቅ ማስወረድ ተግባራዊ ይሆናል ፣ ታጣቂው አደጋ ያደርሳል ተብሎ ሲገመት በወረዳ ምልሽያ ፅህፈት ቤትና የቀበሌ ኮማንደሮች ውሳኔ ትጥቅ ፈትቶ እንዲቆይ ያደርጋል ፣,2
ወንጀል ፈፅሞ በክስ ሂደት ላይ ያለ የምልሽያ አባል ጉዳዩ ተጣርቶ እስከሚወሰን ድረስ ትጥቁን በወረዳ ፀጥታና አስተዳደር መጋዘን ያስቀምጣል,2
ወንጀል ፈፅሟል ተብሎ ትጥቁን ፈትቶ የቆየ የምልሽያ አባል በፍርድ ቤት ነፃ ከተለቀቀ ተመልሶ ይታጠቃል ፣,2
ማንኛውም የምልሽያ አባል ከሚኖርበት ወረዳ በስራ ወይም በድስት ከለቀቀ እስከ ስድስት ወር ድረስ ትጥቁ በወረዳ የምልሻ ፅህፈት ቤት መጋዘን ይቀመጣል ፣ ትጥቁን ያስቀመጠ ለመሆኑ የደረሰኝ ማስረጃ ይሰጠዋል ፣,2
ማንኛውም ትጥቅ በህጋዊ መንገድ ከታጠቀው ግለሰብ ውጪ ለሌላ ሰው ማስተላለፍ ወይም አሳልፎ መስጠትና መታጠቅ አይፈቀድም,2
የድስፕሊን ቅጣት አፈፃፀም,2
የድስፕሊን ቅጣት አላማ,2
የድስፕሊን ቅጣት አላማ ምልሽያው በፈፀመው የዲሲፕሊን ጉድለት በመፀፀት ወደፊት ታርሞ ለህዝብ ቅንነት ያለውአገልግሎት እንዲሰጥ ለማድረግ ሲሆን ፣ የማይታረም ከሆነ ደግሞ ለማሰናበት ነው ፣,2
የድስፕሊን ጥፋት አይነቶች,2
ቀላል ጥፋት ድስፕሊን,2
በዚህ ደንብ መሰረት ተጠያቂነት ቀላል ጥፍኣት ድሲፕሊን የሚያስከትሉትቀጥለው የተዘረዘሩተግባሮች ናቸው,2
የተሰጠህ የስራ መደብ በትጋት አለመስራት,2
ከምልሻ አባልነትና ሌሎች የሚመለከታቸው አካላት ጋር ተግባብቶ አለመስራር,2
የያዝከው ትጥቅ ድህንነት ለመጠበቅ አስፈላጊ ውን ጥንቃቄና ክትትል አለማድረግ,2
የምልሽያ ማንነት መለያ ወይም መታወቂያ የመያዝ ግዴታ አለመፈፀም,2
ከስብሰባ መቅረት ወይም ማደናቀፍ,2
ከሚኖርበት ወረዳ የቅርብ አለቃው ሳያስፈቅድ በተለያዩ ምክንያት ወደ ሌላ አከባቢ መሄድ ፣,2
በጥበቃ ጊዜ መጠጥ መጠጣት ፣ ሌላ ተደራቢ ስራ መስራት ፣ የማይመለከተው ሰው ከሱ ጋር ኣብሮ እንዲ መቀመጥ ማድረግ ፣ ከጥበቃ ቦታው መልቀቅ,2
ከባድ የዲስፕሊን ጥፋት,2
በዚህ ደንብ መሰረት በምልሽያ አባሎች ላይ የድስፕሊን ከባድ ጥፋት ተጠያቂነት የሚያስከትሉት የሚከተሉት ተግባሮች ናቸው,2
ሰላማዊን ሰው በመሳርያ ማስፈራራት ፣ መምታት ወይም ሰብአዊ መሰል መጣስ,2
ከተሰጠህ ተልእኮ ውጪ በህዝባዊ ፣ ሃይማኖታዊና የቀብር ስነ-ስርአትጥይት መተኮስ ፣,2
በቸለልተኝነት ፣ በትልግምት ወይም ትእዛዝ ባለ ማክበር የተሰጠህ ተልእኮ አለመፈፀም ፣ ወይም በተደጋጋሚ መስከር ፣,2
ያለፍቃድ ከወረዳው ውጪ ከስድስት ወር በላይ ብረት ወይም ትጥቅ ይዞ መጥፋት ፣,2
በስራ ምክንያት ያወቅከው ሚስጢር አለመጠበቅ በስራ ምክንያት ያወቅከው ሚስጢር አለመጠበቅ,2
ያለ በቂ ምክንያት በመደበኛ እለታዊ የጥበቃ ስራያለመገኘትና በአከባቢው ጥበቃ ስራ ላይ አለመሳተፍ,2
ያለ ወረዳ ምልሽያ ፅህፈት ቤት ፍቃድ መሳርያህ እንዳለ ወይም ፈትቶ መለወጥ,2
ያለ ፍቃድ ትጥቅ ይዞ ወይም ትጥቁን አስቀምጦ ከወረዳው ውጪ ረዘም ላለ ጊዜ መሄድ,2
በሃላፍነት የተረከብከውን የመንግስት ንብረት ፣ ትጥቅና ገንዘብ ማጥፋት ፣,2
በአድማ ላይ መሳተፍ,2
ማንኛውም አይነት ትጥቅ ወይም ብረት ደብቆ የተገኘ ፣,2
የታጠቅከው ትጥቅ ወይም ብረት በክራይ ፣ በመሸጣ ወይም በሌላ ተመሳሳይ ተግባር ለሌላ ሰው አሳልፎ መስጠት,2
ከሽፍቶች ፣ አደገኛ ቦዘኔዎች ፣ ሌቦችና ሌሎች ወንጀለ ኞች ተባባሪ መሆን ፣ መደራደርና ወደ ህግ እንዳይ ቀርቡ ማድረግ ፣ ራሱን በስርቆትና ዘረፋ ማሰማራት,2
በጦርነት አውድማ ከተሰጠው ተልእኮ ወይም ግዳጅ መሸሽ ወይም ማፈግፈግ ፣,2
የአገር ጥሪ አለማክበርና በአገር ጥሪ መሰረት ዘምተህ መክዳት ፣,2
ጓድህን ለአደጋ ማጋለጥ,2
ከስራው ጋር በተያያዘ ምክንያት ስርቆት መፈፀም ወይም በሃሰት መመስከር ፣,2
በመንግስትና ህዝብ የተሰጠህን ሃላፊነትና ትጥቅ ለህገ-ወጥ ተግባር ፣ ለቤተሰብ ወይም ለሌላ የግል ጥቅም ማዋል ፣,2
ቀላል የዲስፕሊን ጥፋቶች በተደጋጋሚ መፈፀም ፣,2
ያለ ፍቀድ በሚካሄዱ ሰላማዊ ሰልፍ ፣ ህዝባዊና ሰሃይማኖታዊ ክብረ በአሎች ትጥቅ ወይም መሳርያ እዞ መግባት ፣,2
ከምርጫ ቦርድ ደንብና ስነ-ስርአት ውጭ ትጥቅ ወይም መሳርያ ይዞ ወደ ምርጫ መግባት ፣,2
የሚልሽያ አባል ባላጠፈው ጥፋት ግለሰቦች ማነሳሳት ወይም በማሳደም እንዲባረር ማድረግ ፣,2
የዲስፕሊን ጉድለት የፈፀመ የሚልሽያ አባል እንደየ ጥፋቱ ክብደት በገንዘብ ወይም በልማት ስራ በጉልበት ይቀጣል ።,2
ከስብሰባ መቅረት,2
የዚህ ደንብ አንቀፅ 15 ድንጋጊ ቢኖርም ከስብሰባ መቅረት ወይም ስብሰባ ማደናቀፍ በገንዘብ ወይም በልማት ስራ በጉልበት ይቀጣል ። ዝርዝሩ በመመርያ ይወስናል ።,2
የጠፋ ንብረት ዋጋ መክፈል,2
የቅጣት ገንዘብ አያያዝ,2
በቀላል ድስፕሊን ጥፋት በገንዘብ የተቀጣ የምልሽያ አባል የተቀጣው የገንዘብ መጠን የሚገልፅ ደብዳቤ ተሰጥቶት ለወረዳው የፕላንና ፋይናንስ በአንድ ወር ጊዜ ውስጥ ገቢ ያደርጋል ገቢ ለማድረጉ ህጋዊ ደረሰኝ ለሃላፊው ያቀርባል ፤ ዝርዝርሩ በመመርያ ይወሰናል ።,2
በከባድ የድስፕሊን ቅጣት በገንዘብ የተቀጣ የምልሽያ አባል የተቀጣበት የገንዘብ መጠን የያዘ ደብዳቤ ለወረዳው ፕላንና ፋይናንስ ገቢ ያደርጋል ገቢ ያደረገበት ደረሰኝ ለሃላፊው ያቀርባል ፤,2
የቅጣት አፈፃፀም,2
ሂስና ማስጠንቀቅያ ቀላል የገንዘብ ቅጣት በቀበሌ ኮማንደሮች የሚፈፀም ይሆናል,2
ከባድ የገንዘብ ቅጣት በአንቀፅ 16 መሰረት የሚቀጣ ምልሽያ በወረዳ ምልሽያ ፅሕፈት ቤት የሚፈፀም ይሆናል ፣,2
ክፍል ስድስት,2
የክብር ስንብትና አርበኝነት,2
በፍላጎት መሰናበት,2
ማንኛውም የምልሽያ ኣባልም ይሁን ሃላፊ ምልሽያ ከምልሽያነት መሰናበት ሲፈልግ የሚሰናበትበት ምክንያቱን ጠቅሶ በፅሁፍ ወደ ቀበሌ የምልሽያ ሃላፊ አቅርቦ በወረዳው ምልሽያ ፅሕፈት ቤት ተቀባይነት ካገኘ በእጁ ያለውን የመንግስትና የህዝብ ንብረት አስረክቦ ይሰናበታል ።,2
ስንብት የሚጠይቅ ምልሽያ አስፈላጊ ሆኖ ሲገኝ ውሰኔ እስኪሰጠው ድረስ ግዴታው እየፈፀመ እንዲቆይ ይደረጋል ፣,2
ስንብት የሚጠይቅ ምልሽያ ጥያቄውን ካቀረበበት ቀን ጀምሮ ከ10 ቀናት ባልበለጠ ጊዜ ውስጥ የስንብት ውሳኔ ይሰጠዋል ፣ በ10 ቀናት ውስጥ ውሳኔ ካላገኘ ከሱ በላይ ላለው አካል አቤቱታ ያቀርባል ።,2
የአርበኝነት ክብር,2
ማንኛውም ምልሽያ በሚከተሉት ምክንያቶች ከምልሽያነት በክብር ሊሰናበት ይችላል,2
እድሜው ከ65 አመት በታች ሆኖ በአካላዊ ሁኔታ የምልሽያ ተልእኮ ሊፈፅም ያልቻለ ከሆነ የያዘው ትጥቅ ወደ ወጣቱ ትውልድ እንዲተላለፍ በክብር እንዲሰናበት ያደርጋል ፣,2
እድሜው 65አመትና ከዛ በላይ ከሆነ,2
የምልሽያ ኣባሎች በእድሜም ይሁን በአካላዊ ሁኔታ ከምልሽያነት በክብር ሲሰናበቱ የአርበኝነት ክብር የምስክር ወረቀት ይሰጣቸዋል ፣,2
በክብር የተሰናበተ የምልሻ አባል እንደ አገር አርበኛ ይቆጠራል ፣ ተገቢውን ክብር ይሰጠዋል ፣ ለዚህ ማረጋገጫ ምስክር ወረቀት ይሰጠዋል ፣,2
የተለያዩ ድንጋጊዎች,2
መመሪያ የማውጣት ስልጣን,2
የትግራይ ክልል ምልሽያ ፅሕፈት ቤት ለዚህ ደንብ አፈፃፀም መመሪያ ሊያወጣ ይችላል ።,2
የመሸጋገርያ ድንጋጊ,2
ይህ ደንብ ስራ ላይ ከመዋሉ በፊት በነበረው ደንብ ተይዘው የነበሩ ጉዳዮች በነበረው ደንብ እንዲያልቁ ያደርጋል ።,2
የተሻሩ ህጎች,2
ይህንን ደንብ የሚቃረን ደንብ ፣ መመሪያ አሰራር ወይም ልምድ በዚህ ደንብ ለተሸፈኑ ጉዳዮች ተፈፃምነት አይነሮውም ።,2
ደንቡ የሚፀናበት ጊዜ,2
የትግራይ ብሔራዊ ክልላዊ መንግሥት የፋይናንስ አስተዳደር አዋጅ ሥራ ላይ በቆየባቸው ዓመታት ያጋጠሙት የአፈፃፀም ችግሮችን በመፍታት የመንግስት በጀት አዘገጃጀት ፣ ገንዘብ አሰባሰብ ፣ የክፍያ ፣ የሂሳብ አያያዝ እና የውስጥ ቁጥጥር ብቃት ያለው ፣ ቀልጣፋ እና ውጤታማ እንዲሆን ለማድረግ ፣,2
የፋይናንስ አስተዳደር ሥርዓት ይበልጥ ውጤታማ እንዲሆን ለማድረግ በሲቪል ሰርቪስ ማሻሻያፕሮግራምና በተካሄደው የመሰረታዊ ለውጥ የስራ ሂደት ጥናት ውጤት የሆኑትን አዳዲስ አሰራሮች ሥራ ላይ ማዋል አስፈላጊ በመሆኑ ፣,2
የፋይናንስ አስተዳደር ግልፅነትና ተጠያቂነት እንዲኖረው የነበረው አዋጅ አሁን ካለው እድገት አብሮ ሊሄድ ስላልቻለ በአዋጁ ለውጥ ማድረግ አስፈላጊ በመሆኑ ፣,2
የክልሉ መንግስት ልዩ ሂሳቦች እና ከእነዚሁ የሚገኝ ገቢ ፣,2
የክልሉ መንግስት ገቢዎች ፣,2
በአይነት የተገኘ እርዳታ ፣,2
ይህ አዋጅ በትግራይ ብሄራዊ ክልላዊ መንግስት መስሪያቤት ተፈፃሚ ይሆናል ።,2
የክልሉ መንግስት ፋይናንስ በአግባቡ ስራ ላይ መዋሉን ያረጋግጣል ፣ ይከታተላል ፣ አስፈላጊ ሆኖ ሲገኝ የመንግስት መስሪያቤት የፋይናንስ እንቅስቃሴ ኦዲት እንዲሆን ያደርጋል ፣,2
የመንግስት ሀብት በትክክል ስራ ላይ ለማዋል የሚያስችል እቅድ ያዘጋጃል ፣ የሀብት ድልድል እና የበጀት አመዳደብ ስርዓት ስራ ላይ ያውላል ፣ እንዲውል ያደርጋል ፣,2
የክልሉ መንግስት ዓመታዊ በጀት ያዘጋጃል ፣ በፀደቀው በጀት መሰረት ክፍያ ይፈፅማል ፣,2
በመንግስት መስሪያቤት የሚከናወን የውስጥ ኦዲት ስራ በበላይነት ይመራል ፣ ለውስጥ ኦዲት አሰራር ተፈፃሚነት የሚኖረው ተገቢ የሆነ የስራ ደረጃና የስነ ምግባር መመሪያ እንዲሁም የውስጥ ቁጥጥር ስርዓት ደረጃ ያወጣል ፣ የኦዲት የውስጥ አቅም ይገነባል ፣,2
የውስጥ ኦዲት ሪፖርት አፈፃፀም ይከታተላል ፣ የውስጥ ኦዲት የምርመራ ግኝት የሚያሳይ ዓመታዊ ሪፖርት ለክልሉ ስራ አስፈፃሚ ምክር ቤት ያቀርባል ፣ በክልሉ ስራ አስፈፃሚ የሚሰጥ ውሳኔ አፈፃፀም ይከታተላል ፣,2
የበጀት አፈፃፀምን ይከታተላል ፣ ይገመግማል ፣ በየስድስት ወሩ የመንግስት በጀት አፈፃፀምሪፖርት እያዘጋጀ ለክልሉ ስራ አስፈፃሚ ምክርቤት ያቀርባል ፣,2
ህብረተሰቡ ስለመንግስት በጀት አስተዳደርና አፈፃፀም ግንዛቤ እንዲያገኝ ያደርጋል ፣,2
የመንግስት ጥሬ ገንዘብ አስተዳደር ውጤታማ እና ቆጣቢ እንዲሆን የተዘረጋውን ስርዓት በአግባቡ በተግባር ላይ መዋሉ ይከታተላል ፣,2
በመንግስት ፋይናንስ አስተዳደር ረገድ የመንግስት መስሪያ ቤትን አቅም የመገንባት ተግባር ያከናውናል ፣,2
ስልጣኑ በሙሉ ወይም በከፊል በቢሮው ለሚገኙ ሃላፊዎች ወይም በሌሎች የመንግስት መስራቤቶች ለሚገኙ የበላይ ሃላፊዎች በውከልና ሊሰጥ ይችላል ።,2
የበላይ ኃላፊ ስልጣንና ሃላፊነት,2
በመስሪያቤት የተቋቋመው የውስጥ ኦዲት ስርዓት ተገቢና በቂ የሰለጠነ የሰው ኃይል ያለው መሆኑ ፣ የውስጥ ኦዲትን ነፃ ፣ ውጤታማ ፣ ፈጣንና ቆጣቢ በሆነ አገባብ ማከናወኑን ያረጋግጣል ፣,2
ለዚሁ አዋጅ ማስፈፀምያ የሚወጣ የፋይናንስ ደንብና መመሪያ የተሟላ የሚያደርግና መስሪያቤቱን በተለየ ሁኔታ የሚመለከት ዝርዝር የሥራ አፈፃፀም የሚያሳይ የውስጥ አሰራር ያወጣል ፣,2
ወቅታዊ እና አግባብ ያለው አስተማማኝ የፋይናንስ መረጃና ትንታኔ መዘጋጀቱን እና መሰራጨቱን ያረጋግጣል ፣,2
የመስሪያቤቱ የሂሳብ ሪፖርት በተቀመጠው የጊዜ ሰሌዳ መሰረት ለቢሮው መላኩን ያረጋግጣል ፣,2
በየዓመቱ መጨረሻ የመስሪያ ቤቱን ሂሳብ ዘግቶ ኦዲት እንዲደረግ ለክልል ዋና ኦዲተር ያሳውቃል ፣,2
ዓመታዊ በጀት አዘጋጅቶ ያቀርባል ፣ ወይም እንዲቀርብ ያደርጋል ፣,2
በውስጥ እና በውጭ ኦዲት ሪፖርት መሰረት አስፈላጊውን እርምጃ ይወስዳል ።,2
የውስጥ ኦዲት,2
የውስጥ ኦዲት ተጠሪነቱ ለመስርያቤቱ የበላይ ሃላፊ ሆኖ የሚከተሉት ስልጣንና ኃላፊነት ይነሩታል,2
በመንግስት መስሪያቤቱ ልዩ ፍላጎት የሚያሟላ የኦዲት ፕሮግራም ያዘጋጃል ፣,2
በመንግስት መስሪያቤት የውስጥና የውጭ ኦዲት መመሪያና ስርዓት ምን ያህል ተግባራዊ እንደተደረጉ በተወሰነ የጊዜ ልዩነት ለመመዘን ፣ ለበላይ ኃላፊ እና ለቢሮው ሪፖርት ለማቅረብ የሚያስችል ስርዓት ያዘጋጃል ፣,2
የተጠቃለለ ፈንድ,2
የመንግስት ገንዘብ ማስቀመጥ,2
በተጠቃለለው ፈንድ በመመዝገቡ በዚሁ እንደተቀመጠ ከሚቆጠር በዓይነት ከተገኘ እርዳታ,2
ክፍል አራት,2
ዕዳ መማር ፣ መሰረዝና ልዩ ልዩ ክፍያዎች,2
የዕዳ ምህረት,2
የእያንዳንዱን የበጀት አመት የክልሉ መንግስት ገቢ ፣ ወጪና ለወረዳዎችና ከተሞች የሚሰጥ የበጀት ድጋፍ እንዲሁም የወጪውን አሸፋፈን የሚያሳይ በጀት በክልሉ ምክር ቤት ይፀድቃል ።,2
ለወረዳዎችና ከተሞች የሚሰጥ የበጀት ድጋፍ ፣,2
የድጋፍ በጀት ለሚሰጣቸው ድርጅቶች እና መስሪያቤቶች የሚሰጥ የበጀት ድጋፍ ፣,2
የወጪዎችን አሸፋፈን ፣,2
በጀትን ማፅደቅና ማሳወቅ,2
በክልል ደረጃ የምግብ ዋስትና ለማረጋገጥና ድህነት ለማጥፋት የእርሻ ምርት ለማሳደግ ማዳበሪያ መጠቀም ትልቅ ሚና ያለው በመሆኑ ፣,2
ዮንዮኖችና መሰረታዊ የሕብረት ስራ ማህበራት ባላቸው የገንዘብ ዓቅም ዘመናዊ ማዳበርያ ለተጠቃሚ ገበሬዎች ሙሉ በሙሉ ስለማያቀርቡና ይህ ችግር ለመፍታት ለአበዳሪ ድርጅቶች ብቁ ዋስትና መሰጠት ስለማይችሉ ከኢትዮጰያ ንግድ ባንክ በክልል መንግስት ዋስትና ብድር የሚያገኙበትን ሁኔታ መፍጠር አስፈላጊ ሆኖ በመገኘቱ ፣,2
የብድሩ አፈፃፀም,2
የሚገኘው ብድር በተመረጡ ዮኒዮኖችና መሰረታዊ የሕብረት ስራ ማሕበራት አማካኝነት ማዳበሪያ ከአገር ውስጥ አቅራቢ ድርጅቶች ገዝተው በማቅረብ የእርሻ ምርትና አምራችነት በማሳደግ የክልላችን ገበሬዎች በቤተሰብ ደረጃ የምግብ ዋስትና ለማረጋገጥ የሚውል ይሆናል ፣,2
ብድሩ የሚመለሰው ውሉ ከተፈፀመበት ጊዜ ጀምሮ በአንድ አመት ጊዜ ውስጥ ሆኖ የወለድ መጠንና የአመላለሱ ሁኔታ አበዳሪው ባንክና የክልሉ መንግስት በሚያደርጉት ስምምነት ይሆናል ።,2
የትግራይ ክልል መንግስት ግዴታ,2
ተበዳሪ የተበዳሪውን ገንዘብ በሙሉ ወይም በከፊል በወቅቱ ካልመለሰ ከብሄራዊ ክልላዊ መንግስት ትግራይ በጀት ከነወለዱ ተቀንሶ የሚከፈል ይሆናል ፣,2
የክልሉ መንግስት ተበዳሪ ያልመለሰውን ገንዘብ ከነወለዱ በመሰብሰብ ወይም ሕጋዊ በሆነ መንገድ በመመለስ የተቀነሰውን በጀት መተካት አለበት ።,2
ይህ አዋጅ ውሉ ከተፈፀመበት ቀን ጀምሮ የፀና ይሆናል ።,2
በሰው ህይወትና ንብረት ላይ በመድረስ ላይ ላለው የመንገድ ትራፊክ አደጋ አንዱ መንስኤ የተሽከርካሪ ምዝገባና ዓመታዊ የቴክኒክ ምርመራ ስርዓት ችግር ያለው ሆኖ በመገኘቱ ፣,2
የተሽከርካሪ ምዝገባና ዓመታዊ የቴክኒክ ምርመራ ስርአት ባለው መንገድ ለመምራትና ደረጃው የጠበቀ ለማድረግ ራሱ የቻለ መመዘኛ ማውጣት በማስፈለጉ ፣,2
በተሽከርካሪዎች ላይ ጥራት ያለው አሰራር ፣ አያያዝና ቁጥጥር እንዲኖር በማድረግ ተግባራዊነቱ ማረጋገጥ ፣ በብቃት ማረጋገጫ አሰጣጥ ላይ የተሽከርካሪዎች ቴክኒካዊ ድህንነት ለመጠበቅ ዘመናዊ እና አዳዲስ አሰራሮችን ስራ ላይ እንዲውሉ ማድረግ አስፈላጊ በመሆኑ ፣,2
ተሻሽሎ በወጣው የትግራይ ብሄራዊ ክልል ህገ-መንግስት አንቀፅ 49 መሰረት የትግራይ ብሄራዊ ክልላዊ መንግስት የሚከተለው አዋጅ አውጥቷል ።,2
ቆሻሻ በህብረተሰብ ጤና ላይ ፣ በማህበራዊ ኑሮ እና የከባቢ ፅዳት ሊያስከትለው የሚችል አሉታዊ ተፅዕኖ በህግ መቆጣጠር አስፈላጊ በመሆኑ ፣,2
ከተሞች እያሳዩት ካለ ቀልጣፋ እድገት ጋር አብሮ የሚሄድ መልክና ውበት እንዲኖራቸው የቆሻሻ አያያዝና አወጋገድ በህግ መደንገግ አስፈላጊ በመሆኑ ፣ ቆሻሻ መልሶ ጥቅም ላይ የሚውልበት ሁኔታ ማመቻቸት አስፈላጊ በመሆኑ ፣,2
ከተሞችና በየደረጃው ያሉ የአስተዳደር አካሎች እና ሌሎች መንግስታዊና መንግስታዊ ያልሆኑ ድርጅቶች ቆሻሻ በመሰብሰብና በማስወገድ ድርሻቸው እንዲወጡ በህግ መወሰን አስፈላጊ በመሆኑ ፣,2
ከባቢያቸው ንፅህና የሚያሰጡ ወገኖች በህግ እንዲታረሙ ማድረግ አስፈላጊ በመሆኑ ፣,2
የትግራይ ብሄራዊ ክልላዊ መንግስት ምክር ቤት ተሻሽሎ በወጣው የትግራይ ብሄራዊ ክልላዊ መንግስት ሕገ-መንግስት አንቀፅ 49 መሰረት የሚከተለውን አዋጅ አውጥቷል ።,2
ይህ አዋጅ የቆሻሻ አያያዝ እና አወጋገድ አዋጅ ቁጥር 191 / 2003 ተብሎ ሊጠቀስ ይችላል ።,2
የቃሉ አጠቃቀም ሌላ ትርጉም የሚያሰጠው ካልሆነ,2
ኤጀንሲ ማለት የስነ-ከባቢ ጥበቃ ፣ የገጠር መሬት አጠቃቀም እና አስተዳደር ኤጀንሲ ማለት ነው ፣,2
ቢሮ ማለት ቢሮ ልማት ከተማ ፣ ንግድን ኢንዱስትሪን እዩ ፣,2
ቆሻሻ ማለት ከተለያዩ ምንጮች ከመኖሪያ ቤቶች ከንግድ ድርጅቶች ፣ ኢንዱስትሪ ፣ ከኮንስትራክሽን ስራዎችና ሌሎች የማይፈለግ ተብሎ የተጣሉ የሚወገድ ይሁን ተመልሶ ጥቅም ላይ ሊውል የሚችል ደረቅ ፣ ፈሻሽና ፈሳሽ መሰል የሆኑ ነገሮች ማለት ነው ፣,2
ፈሳሽ ቆሻሻ ማለት የተጣራ ወይም ያልተጣራ በቀጥታ ወይም ቀጥተኛ ባልሆነ መንገድ ወደ አከባቢ የሚለቀቅ ቆሻሻ ወይም ፈሳሽ ጉድፍ ማለት ነው ፣,2
ደረቅ ቆሻሻ ማለት የአከባቢ ንፅህና የሚያሳጣ እንደተሰበረ ጠርሙስ ፣ የብረታ ብረት ፣ የሲጋራ ወይም ወረቀት ቁርጭራጭ ፣ የጨርቅ አራፊ የምግብ ትራፊ እና የእፅዋት ቅጠል ረጋፊ ፣ በጠቅላላ የተጣለበት ወይም የወደቀበት ቦታ ፣ ንፅህና የሚያሳጣ የሚጠቅም ይሁን የማይጠቅም ነገር ማለት ነው ፣,2
ማዛጋጃቤት ማለት ቆሻሻ አያያዝ እና አወጋገድ ጨምሮ የተለያዩ የማዛጋጃቤት አገልግሎት ለመስጠት የተቋቋመ መስሪያቤት ነው ፣,2
የንፅህና አገልግሎት ማለት የከተማ አስተዳደር ወይም ማዘጋጃ ቤት በሚያወጣው መለኪያ መመዘኛ መሰረት ቆሻሻ ለማስወገድ ወይም መልሶ ጥቅም ላይ እንዲውል የሚሰጥ አገልግሎት ነው ፣,2
ከተማ ማለት የመከተም ሕጋዊ እውቅና ያገኘም ይሁን ያላገኙ ታዳጊ ከተሞችም የሚጨምር ነው ፣,2
ሰው ማለት የተፈጥሮ ሰው ወይም በህግ የሰውነት መብት የተሰጠው አካል ነው ፣,2
ቀበሌ ማለት ታችኛው መዋቅር የከተማ አስተዳደር ነው ፣,2
መልሶ መጠቀም ማለት ከተጣለ ቆሻሻ ውስጥ ጠቃሚ እቃ በማውጣት በቀጥታ ወይም የተወሰነ ለውጥ በማድረግ መጠቀም ወይም በጥረ እቃነት ለመጠቀም መልሶ ጥቅም ላይ እንዲውል ማድረግ ነው ፣,2
ማስወገጃ ቦታ ማለት ጥቅም የለውም ተብሎ የተሰበሰበ ቆሻሻ ለጤና ለስነ-አከባቢ ጠንቅ በማይሆንበት ቦታ የሚሰበሰብበት ፣ የሚቀበርበት ፣ ወይም የሚታከምበት ቦታ ማለት ነው ፣,2
የፆታ አገላለፅ,2
በዚህ ኣዋጅ በወንድ ፆታ የተገለፀ ሁሉ ለሴት ፆታም ይገልፃል,2
ወሰን ተፈፃምነት ይህ አዋጅ በትግራይ ብሄራዊ ክልላዊ መንግስት የቆሻሻ አያያዝና አወጋገድ አስመልክቶ በሚደረግ እንቅስቃሴ በከተሞችና ከተማ ነክ ተከሞች ተፈፃሚነት ይኖሯል ።,2
ቆሻሻ ሊያስከትለው የሚችል የንፅህና እጦት የአከባቢ አሉታዊ ተፅእኖ ለማስወገድ እና ለመቆጣጠር ተሳትፎ የሕብረተሰብ ፣ መንግስታዊ እና መንግስታዊ ያልሆኑ ድርጅቶች ለማረጋገጥ ፣,2
በቆሻሻ አያያዝ አወጋገድ የህብረተሰብ ግንዛቤ እንዲያድግ በማድረግ ለመኖር ምቹ የሆነ ንፁህ አከባቢ መፍጠር ፣,2
ከቆሻሻ የሚገኝ ቁጠባዊ ጥቅም ለማሳደግ ።,2
በደረቅ ቆሻሻ አያያዝና አወጋገድ ተግባር እና ኃላፊነት የተለያዩ አካሎች,2
የከተማ ልማት ኢንዳስትሪና ንግድ ቢሮ ሓላፊነት,2
ቆሻሻ አያያዝና አወጋገድ ስርዓት ይዘረጋል ።,2
ዝርዝሩ በደንብ ይወሰናል ፣,2
የቆሻሻ አያያዝና አወጋገድ በሚመለከት የተለያዩ መመሪያዎችና ማንዋሎች ያዘጋጃል ፣,2
የፅዳትና ውበት መዋቅር ይቀርፃል ፣,2
በየደረጃው ላሉ የፅዳትና ቁንጅና ሰራተኞች ስራና ሓላፊነት ያስታውቃል ፣,2
የሰራተኞች አቅም ማሳደጊያ ስልጠና ይሰጣል ፣,2
የአከባቢ ፅዳትና ውበት ለመጠበቅ በሚደረጉ እንቅስቃሴዎች የሞያ ድጋፍ ያደርጋል ፣,2
በቆሻሻ አያያዝ እና አወጋገድ ክትትል እና ቁጥር ያደርጋል ፣,2
ከተሞች በቆሻሻ አያያዝና አወጋገድ ኢንቨስትመንት እንዲስፋፋ ምቹ ሁኔታ ይፈጥራል ።,2
የከተማ አስተዳደር ሓላፍነት,2
የከተማ አስተዳደር በቆሻሻ አያያዝና አወጋገድ የከተማ ነዋሪዎች በማሳተፍ ቀጣይነት ባለው ሁኔታ ቆሻሻ በአግባቡ የሚሰበሰብበትና የሚወገድበት የአሰራር ይዘረጋል ፣,2
ነዋሪዎች በቆሻሻ አያያዝና አወጋገድ ግንዛቤ እንዲኖራቸው ማድረግ ፣,2
ቆሻሻ በአገባብ መሰብሰቡ ፣ መጓጓዙንና በሚወገድበትን ቦታ ደርሶ የተወገደ መሆኑን ማረጋገጥ ፣,2
በቆሻሻ አያያዝና አወጋገድ የግል ባለሃብቶች ተሳትፎ እንዲኖራቸው ማበረታታት ፣,2
የስነ-ከባቢ ተፅእኖ ግምገማ በማካሄድ የቆሻሻ አያያዝና አወጋገድ ማጠናከር ፣,2
ከመኖሪያና ንግድ ድርጅቶች የሚወጣ ፈሳሽ ቆሻሻ ወደ ጎርፍ መሄጃ ቦይ በቀጥታ እንዳይገናኝና እንዳይደፋ ይከታተላል ፣ ይቆጣጠራል ፣,2
እያንዳንዱ የከተማ አስተዳደር የቆሻሻ አያያዝና አወጋገድ በተመለከተ ለአካሎቹ የመቆጣጠር ስርዓት ይዘረጋል ፣,2
ቆሻሻ በአግባቡ በማይወገድበት ወቅት እርምጃ ይወሰዳል ፣ በሕግ ይጠይቃል ፣,2
ከከተማ የሚወጣ ቆሻሻ ማስወገጃ ቦታ ከሚመለከታቸው ጋር ተባብሮ እንዲዘጋጅ ያደርጋል ።,2
የቀበሌ አስተዳደር,2
ቆሻሻ ሊጣልባቸው የማይገቡ ቦታዎች ቆሻሻ እንዳይጣልባቸው መከታተልና መቆጣጠር ፣,2
ከመኖሪያ ቤቶች የሚወጣ ቆሻሻ ካለ ወደ የመጨረሻ ማስወገጃ ቦታ እየደረሰ መሆኑን ማረጋገጥ ፣ ቢሮው በሚያወጣው መመርያ ይወሰናል ።,2
የአከባቢ ጥበቃ ፣ መሬት አስተዳደር እና አጠቃቀም ኤጀንሲ ስልጣነና ተግባር,2
ቆሻሻ በሕብረተሰብ ጤናና ስነ አከባቢ ላይ ችግር በማይፈጥር መያዙንና መሰብሰቡን ይቆጣጠራል ፣,2
ህብረተሰብ በንፁህና ጤናማ ያልተበከለ አከባቢ እየኖረ መሆኑን ያረጋግጣል ፣ ይቆጣጠራል ፣,2
ያገባናል ባዮች መንግስታዊ እና መንግስታዊ ያልሆኑ ድርጅቶች የወጡ የስነ ከባቢ ድህንነት ድንጋጌዎች እየተገበሩ መሆናቸውን ይከታተላል ፣ ይቆጣጠራል ፣,2
የቆሻሻ አያያዝና አወጋገድ አስመልክቶ የወጡ ድንጋጌዎች ስራ ላይ መዋላቸውን ይቆጣጠራል ፣,2
ቆሻሻ አስመልክተው የወጡ የልማት ፕሮጀክቶች በስነ-አከባቢ ተፅእኖ ገምጋም መሰረት ይገመግማል ፣ ይወስናል ፣,2
ቆሻሻ በሚወገድበት ቦታ ያለው ስነ ከባቢያዊ ሁኔታ ለማወቅ ጥናት ያካሄድል ፣ እንዲካሄድ ያደርጋል ፣,2
ቆሻሻን በሚመለከት ከሚመለከታቸው ጋር በመሆን የአቅም ግንባታ ስራዎች ይሰራል ፣,2
በነባር ይሁን በአዲስ ቆሻሻ ማስወገጃ ቦታ የአከባቢ ኦዲት ያደርጋል ፣ እንዲካሄድ ያደርጋል ፣,2
ስራ ያቆመ ወይም የተተወ የቆሻሻ ማስወገጃ ቦታ ለሌላ አገልግሎት እንዲውል መመዘኛ ሊያወጣ ይችላል ፣,2
ቆሻሻ በአገባቡ በማይወገድበት ወቅት በሕግ ይጠይቃል ።,2
ክፍል ሶስት,2
የቆሻሻ አያያዝ እና አወጋገድ,2
የመኖሪያቤቶች ቆሻሻ አወጋገድ,2
ሰው ከመኖሪያ ቤቱ የሚወጣ ደረቅ ቆሻሻ ወደ መሰብሰብያ እና ማስወገጃ ቦታ እስከ ምወሰድ ለጊዜው ተሰብስቦ የሚቆይበት መክደኛ ያለው እቃ ማዘጋጃት አለበት ፣,2
በዚህ አንቀፅ ንኡስ አንቀፅ አንድ የተቀመጠ ድንጋጌ የተጠበቀ ሆኖ ደረቅ ቆሻሻ በመንገድ ፣ በውሃ መሄጃ መትሪብ ፣ ፈሳሽ ወንዞች ፣ የውሃ ጉድጓድና ፋኛቱራ መድፋት የተከለከለ ነው ፣,2
የደረቅ ቆሻሻ መሰብሰቢያ ቦታ ማዘጋጃቤት ባልአዘጋጃበት ከተማ የከተማ አስተዳደር ለቆሻሻ ማስወገጃ በወሰኖው ቦታ ወስዶ ማስወገድ አለበት ፣,2
በዚህ አንቀፅ ንኡስ አንቀፅ ሰዎስት የተቀመጠ ቢሮርም በከተማው ደረቅ ቆሻሻ የሚሰበሰቡ የንፅሕና አገልግሎት የሚሰጡ ሰራተኛዎች ካሉ ነዋሪዎች የየቤታቸው ቆሻሻ ማስረከብ አለባቸው ፣,2
የከተማ ነዋሪ ከመኖሪያ ቤቱ እስከ 20 ሜትርርቀት ባለው አከባቢ የሚገኝ ደረቅ ቆሻሻየመስብሰብና ማስወገድ ሓላፍነት አለው ።,2
የንግድ ድርጅቶች ቆሻሻ,2
የንግድ ድርጅት ከንግድ ስራው ባህሪ የሚመነጭ ቆሻሻ የሚይዝበትና የሚያስወግድበት ስርዓት አስቀድሞ ማስተካከል አለበት ፣,2
የንግድ ድርጅትበቀጥታ ይሁን በተዘዋዋሪ ለንግድ ስራዎቹ የሚያገለግሉ እንደ ጎማ ፣ የበስበስ ፍራፍሬ መክደኛ ባለው እቃ የማስቀመጥ ሓላፊነት አለው ፣,2
የብረታ ብረት ቆሻሻ ለሱ መድፊያ ተብሎ በተለዩ ቦታ ይደፋል ፣,2
በቀላሉ በስብሶ ወደ አፈር ልቀየር የማይችል ፕላስቲክ ተጠቅሞ የትም መጣል አይፈቀደም ፣,2
ጠርሙዝ የሚመርቱ ወይም የሚያመጡ የንግድ ድርጅቶች ለአደጋ በማያጋልጥና ለጤና በማይቃረን ሁኔታ የመያዝ ግዴታ አለባቸው ፣,2
በጎማ የንግድ ስራዎች የተሰማሩ የንግድ ድርጅቶች ያረጁ ጎማዎች ወደዚህ ክልል እንዲያስገቡ ፣ እንዲሸጡ እንዲለወጡ አይፈቀደም ፣,2
በዚህ አንቀፅ ንኡስ አንቀፅ ስድስት የተቀመጠ ድንጋጌ ቢኖርም ያረጀ ጎማ በአገልግሎት እንዲውል አስፈላጊ ሆኖ ወደዚህ ክልል እንዲገባ ሲፈቀድ በስራ ላይ ማዋል ይቻላል ።,2
ዝርዝሩ በመመሪያ ይወሰናል ።,2
ከቤቶች ግንባታ የሚቀር ደረቅ ቆሻሻ,2
በግንባታ ስራዎች የተሰማራ ሰው የግንባታ ስራዎች ከመጀመሩ በፊት ለግንባታ ማሰሪያ የሚጠቀምበት ቦታ ማዘጋጀት አለበት ፣,2
በዚህ አንቀፅ ንኡስ አንቀፅ አንድ የተቀመጠ ድንጋጌ እንደተጠበቀ ሆኖ ከግንባታ ስራ በኋላ የሚቀር እንደ ድንጋይ ፣ ተቆፍሮ የወጣ አፈር ፣ የተቆራረጠ ብረትና ቆርቆሮ ፣ አሸዋ ፣ ጠጠር ፣ የተሰባበሩ እንጨቶች የማስወገድ ሃላፊነት አለበት ።,2
የእንስሳ ባለቤት የሆነ የከተማ ነዋሪዎች ከእንስሳ የሚወጣ ቆሻሻ አያያዝና አወጋገድ ያለባቸው ሃላፊነት,2
በከተማ እንስሳ የሚያራባ ሰው የአከባቢ ፅዳት በማያበላሽ አገባብ እንስሳቱን የመጠበቅ ሓላፍነት አለው ፣,2
እንስሶች በማራበት የተሰማራ ሰው እበትና ሽንት የሚወገድበት ቦታ አስቀድሞ ማዘጋጀት ወይም በህግ ወደ ተወሰነ ቦታ ወስዶ የማስወገድ ሓላፍነት አለበት ፣,2
በዚህ አንቀፅ አንድ እና ሁለት የተቀመጡ ድንጋጌዎች የተጠበቁ ሆኖው የእንሳሳው ባለቤት ከእንስሶቹ የሚወጣ እበትና ሽንት ከውሃ እየቀለቀለ ወደ መትረብና መንገድ መልቀቅ በህግ የሚያስቀማ የተከለከለ ተግባር ነው ።,2
ከእርድ የሚወጣ ቆሻሻ ከእንስሳ እርድ የሚወጣ ቆሻሻ ባለቤቱ በአግባቡ የመያዝና የማስወገድ ሃላፊነት አለው ።,2
የሞተ እንስሳ,2
የከተማ አስተዳደር ወይም ማዘጋጃቤት የሞተ እንስሳ እንዲወገድ የማድረግ ሓላፍነት አለው ።,2
እንደ ኣባሰንጋና ሌሎች ተላላፊ በሽታዎች የሞቱ እንስሶች በልዩ ሁኔታ መወገድ አለበት ።,2
የኢንዳስትሪ ቆሻሻ,2
በኢንዳስትሪ ስራ የተሰማራ ባለሃፍት ከእንዲስትሪው የሚመነጭ ቆሻሻ የሚወገድበት ስርዓት አስቀድሞ መዘርጋት አለበት ፣,2
የኢንዱስትሪ ባለቤት ከኢንዳስትሪው የሚመነጭ ቆሻሻ የከተማ አስተዳደር ወይም ማዘጋጃቤት ወደ አዘጋጀው ማስወገጃ ቦታ በራሱ ወጪ ማጓጓዝና ማስወገድ አለበት ፣,2
የኢንዱስትሪ ባለቤት ከኢንዱስትሪው የሚወጣ ቆሻሻ በዓይነትና በመጠን አስቀድሞ ለኤጀንሲና ቢሮ የማሳወቅ ግዴታ አለበት ፣,2
የኢንዲስትሪ ባለቤት ከፋብሪካው የሚወጣ መርዛማነት ያለው ቆሻሻ ለብቻው ለይቶ ይዞ ለሚመለከተው የማሳወቅ ሓላፊነት አለው ።,2
የቆሻሻ ማጓጓዣ ተሽከርካሪ,2
የቆሻሻ ማጓጓዣ ተሽከርካሪ ስራ ላይ ከመዋሉ በፊት አገልግሎት ለመስጠት ያለው ብቃት የከተማ አስተዳደር ወይም ማዘጋጃቤት መረጋገጥ አለበት ።,2
ዝርዝሩ ቢሮው በሚያወጣው መመርያ ይወሰናል ፣,2
ደረቅ ቆሻሻ በጋሪ በሚጓጓዝበት ጊዜ የጋሪው ባለቤት ቆሻሻ ወደ መሬት ሳይንጠባጠብ ቆሻሻ በሚወገድበት ቦታ በጥንቃቄ ወስዶ እንዲደፋ ሓላፍነት አለበት ።,2
የተከለከለ ተግባር የሚከተሉት የተከለከሉ ተግባሮች ናቸው,2
ከሽንት ቤት የሚወጣ ፈሳሽ ቆሻሻ ለማስወገጃ ከተዘጋጀበት ቦታ ውጪ መድፋት ፣,2
ከባቢ የሚያበላሽ እና በመጥፎ ሽታ የሚበከል ባልተፈቀደለት ቦታ መድፋት ፣,2
ተሽከርካሪዎች በወንዝ ፣ በመንገድ ወይም በአደባባይ ማጠብ ፣,2
ያገለገለ ፈሳሽ የዘይት ቆሻሻ ወደ መትረብ ወይም ወንዝ ወይም አትክትል ቦታ ወይም ወደ እርሻ ቦታ መልቀቅ ፣,2
አደገኛ ፈሳሽ ወይም መርዛም ቆሻሻ ወደ ወንዝ ወይም በህግ ባልተፈቀደ ቦታ ማስወገድ ፣,2
ቆሻሻ በጎዳና ፣ በእግሮኞች መንገድ ፣ ክፍት ቦታ ፣ በውሃ መሄጃ መትረብ ፣ በወንዞች ፣ አደባባይ በጠቅላላ በህግ ባልተወሰነ ቦታ ቆሻሻ መጣል የተከለከለ ነው ፣,2
የከተማ ውበት የሚያበላሹና የሚያቆሽሹ ተግባራት መፈፀም ክልክል ነው ።,2
የተለያዩ ባህሪ ያለው አደገኛ ቆሻሻ,2
መርዛም ኬሚካል የሚሰበሰብና የሚያጓጓዝ ሰው በትግራይ ብሄራዊ ክልላዊ መንግስቲ ስራ አስፈፃሚ በሚያወጣው ደንብ መሰረት መሆን አለበት ፣,2
መርዛማ ኬሚካል የሚያጓጉዝ እና የሚያስወገድ ሰው ከማጓጓዙና ከማስወገዱ በፊት የአወጋገዱና የአጓጓዙን አገባብ ከኤጀንሲው ፍቃድ መያዝ አለበት ።,2
ቆሻሻ ማቃጠል,2
ለሌላ በማይነካና በማይበክል ሁኔታ ልዩ ባህሪ ያለው ቆሻሻ እንዲቃጠል ይደረጋል ።,2
ዝርዝሩ በትግራይ ብሄራዊ ከልላዊ መንግስት ስራ አስፈፃሚ በሚያወጣው ደንብ ይወሰናል ።,2
ክፍል አራት,2
የፈሳሽ ቆሻሻ አገልግሎት አሰጣጥ,2
የፈሳሽ ቆሻሻ አያያዝና አወጋገድ,2
ንግድ ድርጅቶችም ሆኑ የመኖሪያቤቶች ሴፕቲታንክ ከውሃ መትረብ በማያያዝ ፈሳሽ ቆሻሻ ወደ ውጪ መልቀቅ የተከለከለ ተግባር መሆኑን ማወቅ አለባቸው ፣,2
የንግድ ድርጅት ባለቤት ከንግድ ድርጅት የሚወጣ ቆሻሻ ኣጣርቶ ወደ ተፈቀደለት ቦታ ወስዶ ማስወገድ አለበት ፣,2
የነዳጅ ማደያ ድርጅት ወይም ጋራዥ ያገለገለ ፈሳሽ ዘይትና ቆሻሻ አጠራቅሞ በአግባቡ መያዣና የማስወገድ ሓላፊነት አለው ።,2
ከነዳጅ ማደያ ድርጅትና ጋራዥ ያገለገለ ፈሳሽ ዘይት ወደ መትረብ መልቀቅ በህግ ተጠያቂነት ያስከትላል ፣,2
የፋብሪካ እና የኢንዱስትሪ ባለቤቶች እንደምርቱ ዓይነትና መጠን ከሱ የሚወጣ ፈሳሽ ቆሻሻ አጣርቶ ወደ ተፈቀደለት ቦታ ይለቃል ፣,2
ከፋብሪካ እና ኢንዱስትሪ የሚወጣ ፈሳሽ ቆሻሻ በመትረብ ወደ ውጪ መልቀቅ እንደየሁኔታው በወንጀልና በፍትሓብሄር የሚያስጠይቅ ነው ።,2
ክፍል አምስት,2
የተለያዩ ድንጋጌዎች,2
ቅጣት,2
ወደ ያልተፈቀደ ቦታ ቆሻሻ የደፋ ወይም እንዲደፋ ያደረገ ሰው እንደጥፋቱ ክብደት በእስራት ወይም በገንዘብ ወይ በሁለቱ ሊቀጣ ይችላል ፣,2
በዚህ አንቀፅ ንኡስ አንቀፅ አንድ የተጠቀሰው አጠቃላይ ድንጋጌ እንደተጠበቀ ሆኖ,2
ሴፕቲክ ታንክ ወደ ውሃ መውረጃ ቱቦ አያይዞ ፈሳሽ ቆሻሻ የለቀቀ ሰው በወንጀል ሕግ ከዚህ በላይ የሚያስቀጣው ካልሆነ ከአምስት መቶ ብር እስከ ሁለት ሽ ሃምሳ ብር ወይም ከ3 ወር እስከ አንድ ዓመት በሚደርሰ እስራት ይቀጣል ፣,2
በመንገድ ፣ በአደባባይ በወንዝ በግድብ ፣ በአጠቃላይ ባልተፈቀደ ቦታ መኪና እያጠበ የተገኘ ከአንድ መቶ ሃምሳ ብር እስከ ሶስት መቶ ብር ወይም እስከ 1 ወር በሚደርሰ እስራት ይቀጣል ፣,2
የመኪና ማደሻ ጋራዥ የመኪና ዘይት ነክ ቆሻሻ ለሱ መድፊያ ከተፈቀደ ቦታ ውጪ ከደፋ ለደፋው ፈሳሽ ቆሻሻ ማጣሪያ ወይም ለማጣሪያ የወጣው ወጪ ከፍሎ ከአንድ ሽ ብር እስከ ሁለት መቶ ሃምሳ ብር ወይም ከ1 ወር እስከ ሶስት ወር በሚደርስ እስራት ይቀጣል ፣,2
የእንስሳ ባለቤት ፣ የከተማ ነዋሪ ከእንስሶቹ የሚወጣው ቆሻሻ ለመድፊያ ባልተፈቀደ ቦታ ደፍቶ ከተገኘ ከአንድ መቶ ሃምሳ እስከ ሶስት መቶ ብር ወይም አንድ ወር በሚደርሰ እስራት ይቀጣል ፣,2
ከድርጅት የሚወጣ መርዘኛ ቆሻሻ ባልተፈቀደ ቦታ ከተደፋ ድርጅቱ ወይም የድርጅቱ ባለቤት የደፋውን ቆሻሻ አጣርቶ ወይም ለማጣራት የወጣ ወጪ ከፍሎ ከአስር ሽ ብር እስከ ሃያ ሺ ብር ወይም ከ3 አመት እስከ 5 አመት በሚደርሰ እስራት ይቀጣል ፣,2
ከመኖሪያ ቤት የሚወጣ ቆሻሻ በመንገድ ወይም ባልተፈቀደ ቦታ ጥሎ የተገኘ ከሰማንያ ብር እስከ አንድ መቶ ሃምሳ ብር ወይም በ15 ቀናት እስራት ይቀጣል ፣,2
ቤቶች ለመገንባት ከሚመለከተው አካል ፈቃድ አግኝቶ ለግንባታ ስራዎች ያቀረባቸው የግንባታ እቃዎች ግንባታው ጨርሶ በመንገድ ላይ የሚቀር ቆሻሻ እንዲነሳ ያላደረገና ሲጠቀምበት የነበረ ቦታ ሳያነፁ የቀረ ሰው እንደ ቆሻሻው ክብደት እየታየ ከብር 500 እስከ 2000 ወይም ከአንድ ወር እስከ ሶስት ወር በሚደርስ እስራት ይቀጣል ፣,2
ከአገልግሎት ሰጪ ወይም ከንግድ ድርጅቶች ወይም ከአምራቾች የሚነጭ መርዛኛ ያልሆነ ቆሻሻ በአግባቡ ያልያዘና ማስወገድ ያልቻለ ሰው በወንጀል ህግ ከዚህ በላይ የሚያስቀጣው ካልሆነ ከሁለት ሺ አምስት መቶ እስከ አምሰት ሺ ብር ወይም ከሶስት ወር እስከ ስድስት ወር በሚደርስ እስራት ይቀጣል ።,2
የመተባበር ግዴታ,2
ግለሰብ ወይም መንግስታዊ ወይም መንግስታዊ ያልሆነ ድርጅት ለዚህ አዋጅ ኣፈፃፀም የመተባበር ግዴታ አለበት ።,2
ደንብና መመሪያ የማውጣት ስልጣን,2
ይህን ኣዋጀ ማስፈፀሚያ የሚሆን ደንብ በትግራይ ብሄራዊ ክልላዊ መንግስት ስራ አስፈፃሚ ምክር ቤት ይወጣል ፣,2
ይህን ኣዋጅ እና አዋጁን ተከትሎ የሚወጣውን ደንብ ማስፈፀሚያ የሚሆን መመሪያ በቢሮ ሊወጣ ይችላል ።,2
ተፈፃምነት የሌላቸው ሕጎች,2
ይህን አዋጅ የሚቃረን ፣ አዋጅ ወይም ደንብ ወይም መመሪያ ወይም የአሰራር ልምድ በዚህ አዋጅ ለተሸፈኑ ጉዳዮች ተፈፃምነት አይኖሮውም ።,2
አዋጁ የሚፀናበት ጊዜ,2
ይህ አዋጅ በነጋሪት ጋዜጣ ትግራይ ታትሞ ከወጣበት ቀን ጀምሮ የፀና ይሆናል ።,3
የትግራይ ብሄራዊ ክልላዊ መንግስት የጤና ኣገልግሎት ኣሰጣጥ ፣ ኣመራርና ኣስተዳደር ለማሻሻል የወጣ ደንብ,3
መንግስት ለህብረተሰቡ ለሚሰጠው የጤና ኣገልግሎት ክፍያ የማይጠየቅበትና የሚጠየቅበት በግልፅ ማስቀመጡ ኣስፈላጊ በመሆኑ ፣,3
በነፃ ህክምና እና ክፍያ የማይጠይቅባቸው የኣገልግሎት ዓይነቶች መካከል ግልፅነት እንዲኖር ማድረግና ተጠያቂነት ያለው ኣሰራር ማስፈን ተገቢ መሆኑ ስለታመነበት ፣,3
የትግራይ ብሄራዊ ክልላዊ መንግስት ስራ ኣስፈፃሚ ምክር ቤት በኣዋጅ ቁጥር 103 / 1998 ዓንቀፅ 35 / 1 / መሰረት የሚከተለውን ማሻሻያ ደንብ ኣውጥቷል ።,3
ይህ ደንብ የትግራይ ብሄራዊ ክልላዊ መንግስት የጤና ኣገልግሎት ኣሰጣጥ ፣ ኣመራርና ኣስተዳደር ቁጥር 42 / 1999 ዓ.ም ለማሻሻል የወጣ ደንብ ቁጥር 60 / 2002 ተብሎ ሊጠቀስ ይችላል ።,3
በዚህ ደንብ ውስጥ,3
የደምቡ ኣንቀፅ 2 / 5 / እንደሚከተለው ተሻሽሏል ፣ ክፍያ የማይጠየቅበት የጤና ኣገልግሎት ማለት ያለ ክፍያ የሚሰጥ የጤና ኣገልግሎት ነው ፣,3
የደንቡ ኣንቀፅ 2 የሚከተለው ኣዲስ ንኡስ ኣንቀፅ 15 ተጨምሮበታል ፣ ጤና ተቋም ማለት መንግስታዊ ሆስፒታል እና ጤና ጣብያ ማለት ነው ።,3
የነፃ ህክምና ማለት ወጪው ኣግባብ ባለው መንግስታዊ ኣካል ወይም ሌላ ሶስተኛ ወገን ተሸፍኖ ዓቅም ለሌላቸው ዜጎች በነፃ የሚሰጥ የጤና ኣገልግሎት ነው ፣,3
ሶስተኛ ወገን ማለት ለጤና ኣገልግሎት ተጠቃሚ የፋይናንስ ወጪ በኢንሹራስ ፣ በበጀት ወይ በሌላ መልክ የሚሸፍን መንግስታዊ ወይም የግል ድርጅት ማለት ነው ፣,3
ቤተሰብ ማለት ኣንድ ነፃ የጤና ኣገልግሎት ከነቤተሰቡ ጭምር እንዲያገኝ በዚህ ደንብ የተወሰነለት ሰው ሆኖ ለራሱ ፣ ለራስዋ ፣ ለሚስቱ ፣ ለባልዋ ፣ ለልጆቹ ፣ ለልጆቹዋ የሚያጠቃልል ነው ።,3
ደንቡ የሚከተሉት ዓላማዎች ይኖሩታል,3
ክፍያ የማይጠይቅበት የጤና ኣገልግሎት ለተገልጋዩ በግልፅ ለማስቀመጥ ፣,3
ለተገልጋዮች ግልፅ የሆነ ማብራሪያ ለመስጠት ፣,3
በነፃ ሕክምናና ክፍያ የማይጠይቅበት የጤና ኣገልግሎት መካከል ግልፅነት እንዲኖር ማድረግ ።,3
ክፍያ የማይጠየቅበት የጤና ኣገልግሎትና ክፍያ የማይጠየቁ ዜጎች የሚከተሉት ኣገልግሎቶችና ዜጎች የጤና ኣገልግሎት ክፍያ ኣይጠየቅባቸውም ፣ -,3
ለእናቶችና ህፃናት የሚሰጥ ማንኛውም ዓይነት ክትባት ፣,3
ፅንስ ለመከላከል የሚደረግ ፣ በኣፍ ፣ በመርፌና በሌላ ኣገባብ የሚወሰድ መድሓኒት ፣,3
በማንኛው ደረጃ የጤና ተቋም የሚሰጥ የቅድመ ወሊድ ፣ ወሊድና የድሕረ ወሊድ ሙሉ እንክብካቤና ፅንስ ማስወረድ ፣,3
ለፌስቱላ የሚሰጥ ሕክምና ፣,3
ለቲቢ በሽታና ሌፕረስ የሚደረግ ምርመራና ሙሉ ህክምና ፣,3
ለማንኛውም ዜጋ የኤች ኣይ ቪ ኤድስና ተጓዳኝ በሽታዎች የሚደረግ ምርመራና ሙሉ ህክምና ፣,3
በትግራይ ብሄራዊ ክልላዊ መንግስት ድጎማ የሚሰጣቸው በጦርነት ምክንያት የተጎዱ የጦር ጉዳተኞችና ቤተሰባቸው ፣,3
በማዕርግ ሆስፒታል የሚታከሙ ከሀገር መከላከያ ሰራዊት የተቀነሱ ዳንሻ ላይ የሚገኙ የጦር ጉዳተኞችና ቤተሰባቸው ፣,3
የትግራይ የጦር ጉዳተኞች ማሕበር ከፍለው ለመታከም ዓቕም የላቸውም ብሎ የወሰነላቸው የማህበሩ ኣባላት የሆኑ የጦር ጉዳተኞችና ቤተሰባቸው ፣,3
በዚህ ኣንቀፅ ንኡስ ኣንቀፅ 9 የተገለፀ ቢኖርም በማሕበሩ ከፍለው ለመታከም ዓቅም ኣላቸው የተባሉ የማሕበሩ ኣባላት እና ቤተሰባቸው 10 % በመክፈል ይታከማሉ ፣,3
ዓይነ ስውራን እና የስነ-ኣእምሮ በሽታ ያላቸው ዜጎች ፣,3
በህግ ቁጥጥር ስር የሚገኙ ተጠርጣሪዎችና በሪፈር ከማረሚያቤቶች የሚላኩ የህግ ታራሚዎች ከነሱ ኣብረው የሚገኙ እድሜያቸው ከ5 ዓመት በታች የሆኑ ህፃናት ልጆቻቸው ብቻ ፣,3
በዓለም የጤና ድርጅት ወረርሽኝ ተብሎ የታወቀ እና በትግራይ ጤና ቢሮ ወረርሽኝ መሆኑ የታመነለት ነባርና ኣዲስ ተላላፊናk የወረርሽኝ በሽታ ለማከም የሚደረግ ምርመራና ህክምና ፣,3
በተፈጥሮ ሰው ሰራሽ የተፈናቀሉ ከወረዳው ኣስተዳደር ኣቅም በላይ ለሆኑ ዜጎች የሚሰጥ የጤና ኣገልግሎት ፣,3
በዚህ ኣንቀፅ የተገለፁ ክፍያ የማይጠይቁ ወይም የተወሰነ ክፍያ ከፍለው የሚታከሙ ዜጎች የትግራይ ብሄራዊ ክልላዊ መንግስት በሚያስተዳድራቸው የመንግስት ሆስፒታሎችም በሪፈር ተመሳሳይ ኣገልግሎት ያገኛሉ ።,3
ዝርዝሩ የትግራይ ክልል ጤና ቢሮ በሚያወጣው መመሪያ ይወሰናል ፣,3
ከዕድሜ በታች በሆኑ ህፃናት እና ሴቶች ላይ የሚፈፀም የኣስገድዶ መድፈርና ከወሲባዊ ድፍረት ጋር የተሳሰሩ ወንጀሎች እና የወንጀል ፈፃሚው ዕድሜ ለማጣራት የሚደረግ ምርመራና የሚሰጥ ማስረጃ ክፍያ ኣይጠየቅበትም ።,3
ኣንቀፅ 12 ንኡስ ኣንቀፅ 5 ( 2 ) ( 3 ) ተሰርዞ በጤና ጣብያና ሆስፒታል የሚሰጥ የነፃ ህክምና ኣገልግሎት ወጪው በወረዳ ወይ በከተማ ኣስተዳደር ለነፃ ታካሚዎች ተብሎ ከተያዘ በጀት የሚሸፈን ይሆናል በሚል ተሻሽለዋል ።,3
ደንቡ የሚፀናበት ጊዜ,3
ይህ ደንብ የትግራይ ብሄራዊ ክልላዊ መንግስት ስራ ኣስፈፃሚ ምክር ቤት ካፀደቀበት ከሓምሌ 8 / 2002 ዓ.ም ጀምሮ የፀና ይሆናል ።,2
ፀጋይ በርሀ የትግራይ ብሄራዊ ክልላዊ መንግስት ፕረዚዳንት,2
ሊዝ ደንብ ቁጥር 62 / 2002 ዓ.ም በትግራይ ብሄራዊ ክልላዊ መንግስት የከተማ ቦታ በሊዝ ለመያዝ ተሻሽሎ የወጣ ደንብ,2
በኢትዩዽያ ፌዴራላዊ መንግስት የከተማ ቦታ በሊዝ ለመያዝ የወጣውን ኣዋጅ ቁጥር 272 / 1994 ዝርዝር የኣፈፃፀም ደንብ እንዲወጣለት ኣስፈላጊ በመሆኑ እና በስራ ላይ የዋለው ደንብ ማሻሻል ኣስፈላጊ በመሆኑ ፣,2
ኣዋጁ ዝርዝር የኣፈፃፀም ደንብ የማውጣት ስልጣን ለክልል መንግስታት የሰጠ በመሆኑ ፣ የትግራይ ብሄራዊ ክልላዊ መንግስቲ ስራ ኣስፈፃሚ ምክር ቤትየሚከተለውን ደንብ ኣውጥቷል ።,2
ይህ ደንብ የከተማ ቦታ በሊዝ ለመያዝ ተሻሽሎ የወጣ ደንብ ቁጥር 62 / 2002 ተብሎ ሊጠቀስ ይችላል ።,2
የቃሉ ኣጠቃቀም ሌላ ትርጉም የሚያሰጠው እስካልሆነ ድረስ በዚህ ደንብ ውስጥ,2
ኣዋጅ ማለት በፌደራል መንግስት የከተማ ቦታ በሊዝ ለመያዝ ተሻሽሎ የወጣው ኣዋጅ ቁጥር 272 / 1994 ዓ.ም ነው ፣,2
የስራ ኣስፈፃሚ ምክር ቤት ማለት የትግራይ ብሄራዊ ክልላዊ መንግስት የስራ ኣስፈፃሚ ምክር ቤት ነው ፣,2
ቢሮ ማለት የከተማ ልማት ፣ ንግድና ኢንዱስትሪ ቢሮ ነው ፣,2
የከተማ ቦታ ማለት በከተማ ክልል የሚገኝ ቦታ ማለት ነው ፣,2
ጉባኤ ማለት መሬት ነክ ንብረቶች በሚመለከት የሚነሱ ይግባኝ ጉዳዩች የሚሰማና ውሳኔ የሚሰጥ በከተማው ከንቲባ የሚሰየም ኣካል ነው ፣,2
የከተማ ደረጃ ማለት ይህንን ሊዝ ደንብ ለመተግበር ለከተሞች የሚሰጥ ደረጃ ነው ፣,2
የቦታ ደረጃ ማለት ለተጠቃሚዎች በሚሰጡት የኣገልግሎት ጥቅም ለቦታ የሚሰጥ ደረጃ ነው ፣,2
ነባር ይዞታ ማለት በዚህ ደንብ ኣንቀፅ 4 የተዘረዘሩትን የሚመለከት ሆኖ ሊዝ ኣዋጅ ቁጥር 8ኣ / 86 ከመውጣቱ በፊት በነበሩ ህጎችና ደንቦች በሕጋዊ ይዞታነት የሚታወቁ ይዞታዎች ናቸው ፣,2
መኖሪያ ቤት ማለት በግል ወይም በጋራ በሕጋዊ መንገድ በተወሰደ ቦታ ላይ ተሰርቶ ለመኖርያ ቤት ኣገልግሎት የተመዘገበ ይዞታነት የሚታወቅ ቤት ነው ፣,2
የፀሎት ቤት ማለት መንፈሳዊ ኣገልግሎት የሚሰጥበት ቤትና ግቢ የሚያጠቃልል ነው ፣,2
ንግድ ስራ ማለት የንግድ ስራ ፍቃድ የመስጠት ስልጣን ባለው ኣካል የተሰጠው የሸቀጣሸቀጥ ስራ ወይም ኣገልግሎት የሚሰጥበት ድርጅት ነው ፣,2
ኢንዱስትሪ ማለት ፍቃድ የመስጠት ስልጣን ባለው ኣካል ሕጋዊ ፍቃድ የተሰጠው የማምረት ስራ የሚካሄድበት ድርጅት ነው ፣,2
ቤት ማለት በሕጋዊ መንገድ በተያዘ ቦታ የስራ ፈቃድና የፀደቀ ዲዛይንና መሰረት ተደርጎ የተሰራ መጠለያ ነው ፣,2
ማህበራዊ ኣገልግሎት ማለት መንግስታዊና መንግስታዊ ባልሆኑ ድርጅቶች የሚካሄዱና ለህዝብ ኣገልግሎት የሚውሉ ስራዎች የሚካሄድበት ድርጅች ነው ፣,2
የህዝብ ማሕበራዊ ኣገልግሎት ማለት ዓላማው ለተርፍ ያልሆነ በቀጥታ ለህዝብ ጥቅም የሚውል ኣገልግሎት ማለት ነው ፣,2
ኮንስራክሽን ማለት ብሕጋዊ መንገድ በተሰጠው ቦታ ላይ የሚደረግ የግንባታ ስራ ነው ፣,2
ሰው ማለት የተፈጥሮ ሰው ወይም ሕጋዊ ሰውነት ያለው ኣካል ነው ፣,2
የከተማ እርሻ ማለት ከግጦሽ ውጭ ከብት ማደለብ ፣ ማራባት ፣ የደሮ ርቢና የተለያዩ የኣትክትልና ፍረፍሬዎች ስራዎች የሚካሄድበት የስራ መስክ ማለት ነው ፣,2
ለህዝብ ጥቅም የሚወሰድ ቦታ ማለት ለህዝብ ጥቅምና ኣገልግሎት ፣ የሚውል በመንግስት የሚገነባ የጤና ድርጅት ፣ ትምህርት ቤት ፣ የኣውሮፕላን ማረፊያ ፣ መንግስት የሚገነባቸው ኮንደሚኒየሞች እና ሌሎች የመንግስት ድርጅቶች ለመገንባት የሚወሰድ ቦታ ነው ፣,2
ኢንዱስትሪ ዞን ማለት ኢንቨስትመንት ለማበራታታት ተብሎ በልዩ ለሚስተናገዱ ኢንዲስትሪዎች እንዲሰራበት በሚመለከተው ኣካል የተከለለ ቦታ ነው ።,2
የተፈፃሚነት ወሰን,2
በሊዝ ኣዋጅ ቁጥር 272 / 94 ኣንቀፅ 3 ንኡስ ኣንቀፅ 1 በሊዝ ፣ በጨረታ በሚያዙ የከተማ ቦታ ላይ ተፈፃሚ ይሆናል ፣,2
በዚሁ ኣንቀፅ ንኡስ ኣንቀፅ 1 ላይ የተጠቀሰ እንደተጠበቀ ሆኖ በኣዋጁ መሰረት ኣንቀፅ 3 ንኡስ ኣንቀፅ 2 በጨረታ ሊዝ ያልተያዘ የከተማ ቦታ ይህ ደንብ ደረጃ በደረጃ ተፈፃሚ የሚሆን ሲሆን ተፈፃሚ የሚሆንበት ጊዜና ሁኔታ በመመሪያ የሚወሰን ሲሆን የሚከተሉት ግምት ውስጥ በማስገባት ይሆናል ፣ -,2
በነዋሪው ህዝብ ፣ በከተማው ኣስተዳደር ወይም በሌላ የከተማው ኣካል ከተማው በሊዝ ስርዓት እንዲተዳደር ጥያቄ ቀርቦ በሚመለከተው ተጠንቶ በክልሉ ስራ ኣስፈፃሚ ተቀባይነት ያገኘ ከተማ ፣,2
በሊዝ ስርዓት በሚተዳደሩ ከተሞች ለንግድ ፣ ኢንዱስትሪ ፣ ማህበራዊ ኣገልግሎት ፣ መኖርያ ፣ ሪልስቴት ፣ እርሻና ለጥቃቅን ኣነስተኛ ንግድ ፣ ለመካከለኛና ለትላልቅ ዓይነት ኢንቨስትመንት ፣ በቋሚ ፣ ጊዚያዊ ፣ ኣጭርና ረጅም የውል ዘመን በመግባት የተገኙ ይዞታዎች ፣,2
ነባር ይዞታ ሆኖ ከኪራይ ስርዓት ወደ ሊዝ ስርዓት እንዲዛወር ላመለከቱ ባለይዞታዎች ፣,2
በነባር ይዞታ የሚታወቅ ቦታ በሚቀርብ የማስፋፍያ ጥያቄ የተፈቀደ ተጨማሪ ቦታ ወደ ሊዝ ስርዓት ሲካተት ፣,2
ሊዝ ባልተተገበረበት ከተማዎችና ወረዳዎች በልዩ ሁኔታ በተጠቃሚዎች ጥያቄ ቀርቦ ተግባራዊ እንዲሆን በቢሮው ሲፈቀድ ።,2
ነባር የከተማ ቦታ ይዞታ ለዚህ ደንብ ኣፈፃፀም ሲባል ነባር ይዞታ የሚከተሉትን ያጠቃልላል,2
ኣዋጅ ቁጥር 47 / 67 ከመውጣቱ በፊት,2
ካርታ ይዞታውና ያልተወረሱ ይዞታዎች ፣,2
ከባለርስት በኪራይ ወይም በሌላ መንገድ ተይዘው በመቆየታቸው በኣዋጅ ቁጥር 47 / 1967 ዓ.ም ሕጋዊ የሆኑ ይዞታዎች ፣,2
በህጋዊ መንገድ ባለቤት የሆኑበት መሆኑን ማስረጃ ሊቀርብበት የሚችል ይዞታ ፣,2
ከኣዋጅ ቁጥር 47 / 1967 በኃላ,2
በሕጋዊ መንገድ ቦታ ተመርተው በመሬት ልማትና ኣስተዳደር ዋና ስራ ሂደት ተመዝግቦው ካርታ ያላቸው ይዞታዎች ፣,2
በከተማ መስፋፋት ምክንያት ወደ ከተማየተጠቃለሉ የገጠር ይዞታዎች ጎጆ መውጫመሬት ምስክር ወረቀት ያላቸው ፣,2
በመንግስት ተወርሶው የቆዩና ቤት ለባለ ቤት በሚለው የክልሉ ፓሊሲ መሰረት የተመለሱ ይዞታዎች ፣,2
በሽያጭ ፣ በውርስ ፣ በስጦታ ወይም በሕግ የባለይዞታነት መብታቸው ተረጋግጦ የስምዝውውር ተካሂዶ ከመሬት ልማትናኣስተዳደር ዋና ስራ ሂደት ማስረጃየተሰጣቸው ፣,2
በቀበሌ ምሪት ተሰጥተው ሕጋዊባለይዞታ መሆናቸው የባለይዞታነት ምስክር ወረቀት የተሰጣቸው ፣,2
ሕጋዊ ማረጋገጫ የሌላቸው ነባር ይዞታቸው እስከ 1994 ዓ.ም ቢያንስ ለ15 ዓመት በይዞታነት ከቆየ ሕጋዊ ይዞታ ሆኖ የሚፀድቅላቸው ፣,2
የክልሉ ስራ ኣስፈፃሚ ሕጋዊ ይዞታዎች እንዲሆኑ ውሳኔ የተሰጣቸው ይዞታዎች ።,2
የከተማ ደረጃ,2
ለዚህ ደንብ ኣፈፃፀም ሲባል ትላልቅ ከተሞች በሶስት ክፍሎች የተመደቡ ሲሆን ዝርዝሩ ደግሞ በዚህ ደንብ ተያይዞ የቀረበው ኣባሪ ይመልከቱ ፣,2
የትግራይ ብሄራዊ ክልላዊ መንግስት ስራ ኣስፈፃሚ የከተሞቹ የእድገት ደረጃ በማየት ከጊዜ ወደ ጊዜ የደረጃ ማሻሻል ለማድረግ ይችላል ።,2
የከተማ ቦታ ደረጃ,2
የከተማ ቦታዎች ለተጠቃሚዎች በሚሰጡት ኣገልግሎት የሊዝ መነሻ ዋጋ መወሰን እንዲያመች የሚከተሉትን የቦታ ደረጃዎች ተሰጥቷቸዋል ፣ -,2
ትላልቅ ከተማዎች ፣ ሶስተ የከተማ ቦታ ደረጃዎችና ሶስት ንኡስ ደረጃዎች ይኖራሉ ፣,2
በዚህ ኣንቀጽ ንኡስ ኣንቀጽ 1 የተገለፀ ቢኖርም በየጊዜው የሚኖር እድገት በማየት ከተሞች የራሳቸው ደረጃና ንኡስ ደረጃ ማውጣት ይችላሉ ።,2
የከተማ ቦታ ኣሰጣጥና ክፍያ መርህ የከተማ ቦታ ቆጣቢና ውጤታማነት ባለው መንገድ ለማልማት ፣ ግልፅና ፍትሓዊ የሆነ የመሬት ኣጠቃቀም ስርኣት እንዲኖር ለማድረግ በገበያ የሚወሰን የሊዝ ክፍያ እንዲኖር ለማድረግ የነዋሪውና የባለሃብቱ ተጠቃሚነት ለማረጋገጥ ፣ -,2
የከተማ ቦታ በገበያ ዋጋ መሰረት በጨረታ የሚሰጥ ሆኖ ከጨረታ ውጪ ለሚከተሉት የከተማ ቦታ መስጠት ይቻላል ፣,2
በኢንዲስትሪ ዞን ለሚተናገዱት ኢንዲስትሪዎች በታወቀ ድጎማ ፣,2
ኣትራፊ ላልሆኑ የመንግስት ድርጅቶች ለመንግስት ኮንደሚኒየም በነፃ ይሰጣቸዋል ፣,2
ለኣነስተኛና ጥቃቅን ተቋማት መስሪያና መሸጫ ክላሰተር መንግስት ሰርቶ በክራይ ይሰጣቸዋል ፣,2
የሊዝ ዋጋ መነሻ ከዚህ ኣባሪ ጋር እንደተያያዘ ሆኖ ፣ ለወደፊቱ ወይም ለጨረታ የሚቀርብ ቦታ ግን የቦታው ስፋትና ለታሰበለት ኣገልግሎትና ከዚህ በፊት ለተከታታይ 3 የጨረታ ጊዜ የተሸጠበት ዋጋ ፣ እንዲሁም በተመሳሳይ ደረጃና ኣዋሳኝ ወደ ጨረታ ቀርቦ ያልተሸጠ ቦታ ኣማካይ ዋጋ በመውሰድ ለሚቀጥለው ጨረታ እንደመነሻ ያገለግላል ።,2
ዝርዝር ኣፈፃፀሙ በመመሪያ ይወሰናል ፣,2
በዚህ ኣንቀፅ ንኡስ ኣንቀፅ 2 የተቀመጠው እንደተጠበቀ ሆኖ በሚያጋጥም የቦታ እጥረት የሊዝ መነሻ ዋጋ ከመጠን በላይ ከሻቀበ ወይም ከናረ በዚህ ደንብ ከፀደቀው የሊዝ ዋጋ ባልቀነሰ መልኩ የከተማው ስራ ኣስፈፃሚ የራሱ ዋጋ ሊያስቀምጥ ይችላል ።,2
መሬት ማዘጋጀት የሚመለከት,2
ከተሞች ኣቅማቸውና እቅዳቸው ባገናዘበ መልኩ ለተለያዩ ኣገልግሎቶች የሚውል የቦታ መጠን ለሚቀጥለው በጀት ኣመት ማዘጋጀት ይኖርባቸዋል ፣,2
በዚህ ኣንቀጽ ንኡስ ኣንቀፅ 1 መሰረት የተዘጋጀ ቦታ ለተጠቃሚዎች ከመከፋፈሉ በፊት ከንብረትና ይገባኛል ጥያቄ ነፃ መሆኑን ፣ መሰረተ ልማት የተሟላለት መሆኑና የከተማው ፕላን ተከትሎ የተሸነሸነ መሆኑ መረጋገ ያስፈልጋል ።,2
በተጨማሪ በብሎክ ተለይቶ መመዝገብ ያለበት ሆኖ ይህን ለመተግበር ከታች የተዘረዘሩ መሟላት ይነርባቸዋል ፣,2
ክፍት ቦታዎች ኣከባቢያቸው በተገቢ ሁኔታ መቆጣጠርና መመዝገብ ፣,2
የተዘጋጀው መሬት ለምን ኣገልግሎት መቼና ኣንዴት መሰጠት እንዳለበት ኣስቀድሞ መለየት ፣,2
የሚታደለው ቦታ ግልፅ መረጃ ለማሳወቅ የሚያግዝ ኣሰራር እንዲታወቅ የካዳስተር የመረጃ መጠቀም ፣,2
መሰረተ ልማት ያልተማላለት ከሆነ የትኛው ዓይነት መሰረት ልማት ፣ መቼ ፣ እንዴትና ፣ በማን ወጪ መሸፈን እንዳለበት መለየት ፣,2
እነዚህ በዚህ ንኡስ ኣንቀጽ / 2 / ከሀ-መ የተዘረዘሩ ተግባራት በፅሑፍ መያዝና የከተማው ሕጋዊ ሰነድ ማድረግ ኣስፈላጊ ሆኖ በተጨማሪ ዝርዝር ተግባሮች በመመሪያ ይወሰናሉ ፣,2
የተዘጋጀው ቦታ ለህዝብ ማሳወቅ ፣,2
ፈፃሚው ኣካል የዚህ ስራ ዝርዝር ሪፓርት ወደ ቢሮ ማቅረብ ኣለበት ።,2
ለግል መኖርያ የሚሰጥ ቦታ ስፋት,2
ለጨረታ የሚቀርብ ቦታ ስፋት መኖሪያ በልዩ ሁኔታ የከተማው ስራ ኣስፈፃሚ ምክር ቤት ካልወሰነ ከ500 ሜትር ካሬ መብለጥ የለበትም ።,2
ዝርዝሩ በመመሪያ ይወሰናል ፣,2
ለመኖርያ ከሚውል ውጭ የሚሰጥ ቦታ ለተመደበለት ኣገልግሎት የሚያስፈልግ የቦታ ስፋት ተረጋግጦ ይሰጠዋል ።,2
የሊዝ ይዞታ ማረጋገጫ የምስክር ወረቀትና የግንባታ ፍቃድ ኣሰጣጥ,2
የከተማ ቦታ በሊዝ የያዘ ሰው በዚህ ኣንቀፅ ንኡስ ኣንቀጽ 4 መሰረት የተወሰነው የጊዜ ገደብ ግንባታ ካልጀመረ ቦታው እንዲለቅ ወይም ተቀጥቶ እንዲቀጥል ይደረጋል ።,2
ሲለቅ ደግሞ ወጪና መቀጨ ተቀንሶ ቀሪው የሊዝ ክፍያ ይመለስለታል ።,2
ሆኖም ቦታው በጥቅም ላይ ያልዋለው ከኣቅም በላይ በሆነ ምክንያት መሆኑ ከተረጋገጠ ቅጣቱ ይቀራል ።,2
የሊዝ ውል ዘመን ጣራ,2
ሊዝ ደንብ በሚካሄድባቸው ከተሞች ሁሉ የሊዝ ዘመን ጣሪያ በየኣገልግሎት ዓይነቱ እንደሚከተለው ይሆናል ፣,2
ለግል መኖሪያ ፣ ለኪራይ መኖሪያ ፣ ለሪልስቴት ፣ ለትምህርት ፣ ለሳይንስና ቴክኖሎጂ ፣ ለባህል ፣ ለጤናና ስፖርት ፣ ለጥናትና ምርምር ፣ ኣትራፊ ላልሆኑ የበጎ ኣድራጎት ተቋም የሚውል ቦታ 99 ዓመት ይሆናል ፣,2
ለኢንዱስትሪ የሚውል ቦታ 80 ኣመት ፣,2
ለንግድና ሌሎች ኣገልግሎቶች የሚውል ቦታ 70 ኣመት ፣,2
ለከተማ እርሻ 15 ኣመት ፣,2
በዚህ ኣንቀፅ ንኡስ ኣንቀፅ 1 የተደነገገው እንደተጠበቀ ሆኖ በባህሪው ረዥም የሊዝ ዘመን የሚያስፈልጋቸው የኢንቨስትመንት ስራዎች በኣገልግሎቱ ከተወሰነው የሊዝ ዘመን ጣራ ከግማሽ ሳይበልጥ ሊጨመር ይችላል ።,2
ዝርዝሩ በመመሪያ ይወሰናል ፣,2
በዚህ ኣንቀፅ ንኡስ ኣንቀፅ 1 እና 2 የተደነገገ ቢኖርም ተለይተው ያልተቀመጡ የኣገልግሎት ኣይነቶችና የልማት ስራዎች በጥናት በተደገፈ ሌላ የሊዝ ዘመን በትግራይ ብሄራዊ ክልላዊ መንግስት ስራ ኣስፈፃሚ ሊወሰን ይችላል ።,2
የሊዝ ክፍያ ኣፈፃጸምና የገቢ ግልጋሎት ኣጠቃቀም,2
በሊዝ ደንብ በሚተዳደሩ ከተሞች በሊዝ የተያዙ ቦታዎች የኪራይ ኣፈፃፀም እንደየ ኣገልግሎት ኣይነት እንደሚከተለው ይሆናል ፣ -,2
ለግል መኖርያ ቤት የሚውል ቦታ በየኣመቱ እየተከፈለ በ99 ዓመት ተከፍሎ ይጠናቀቃል ፣,2
ለንግድ ለኢንድስትሪ ፣ ለማሕበራዊ ኣገልግሎትና ሪልስቴትን በኣንደኛ ፣ ደረኛ ከተማ በ5ኣ ውስጥ በሁለተኛ ፣ በስስተኛ ፣ ደረጃ ከተሞች በ60 ኣመት ውስጥ ተከፍሎ ይጠናቀቃል ፣,2
ለከተማ እርሻ የሚውል ቦታ በኣንደኛ ፣ በሁለተኛና ሶስተኛ ደረጃ ከተሞች በ15 ኣመት ውስጥ ተከፍሎ ይጠናቀቃል ፣,2
ለሌሎች ኣገልግሎቶች የሚውል ቦታ በኣንደኛ ፣ በሁለተኛና ስስተኛ ደረጃ ከተሞች በ50 ኣመት ውስጥ ተከፈሎ ይጠናቀቃል ።,2
በሊዝ ደምብ ከሚተዳደሩ ከተሞች ውጭ በሊዝ ስርዓት ለመተዳደር በኣንቀጽ 3 / 2 / / ሰ / መሰረት ተቀባይነት ያገኘ ባለቤትነት ፣ ዋጋ ፣ የሊዝ ዘመን ፣ የመክፈያ ጊዜና መጠን ቀዳም ብሎ ወደ ሊዝ ስርዓት የገባ በኣቅራብያው የሚገኙ ከተማ ይሆናል ።,2
ሆኖም በባለቤት ኣብዮቱታ ሲቀርብ በቢሮው ይወሰናል ፣,2
ጠቅላላ ተከፋይ ሊዝ የቦታው ስፍት በሊዝ ዋጋ ( ክፍያ ) በማባዛት የሚገኝ ውጤት ሆኖ የቅድሚያ ክፍያ ከጠቅላላ የሊዝ ዋጋ ሃያ በመቶ ( 20 % ) ይሆናል ፣,2
ሆኖም ግን የኢንቨስትመንት ሰርቲፊኬት ለሚያቀርቡ ባለሃብቶች የሚፈፅሙት የቅድሚያ ክፍያ 15 % ይሆናል ፣,2
በዚህ ኣንቀጽ ንኡስ ኣንቀጽ 1 ከተጠቀሰው ጊዜ ገደብ ኣስቀድሞ የሚከፍል በባንክ ማስቀመጫ ወለድ መሰረት ቅናሽ ይደረግለታል ፣,2
የሊዝ ዋጋ ከእፎይታ ጊዜ በኃላ በየኣመቱ የሚከፈል ሆኖ ኣመታዊ ክፍያውም ቅድሚያ ክፍያ ከተከፈለ በኃላ ቀሪው የቦታ የሊዝ ዋጋ ለመክፈያ ጊዜ ተከፍሎ የሚገኘው ኣማካይ ዋጋ ይሆናል ፣,2
መሬት ከተሰጠ በኋላ በየኣመቱ መጨረሻ ለሚከፈል የሊዝ ክፍያ በየኣመቱ ብቻ በባንክ የማበደሪያ ተመን መሰረት ወለድ ተጨምሮበት ይከፍላል ፣,2
ኣመታዊ የሊዝ ክፍያና ወለድ በወቅቱ ለማይከፈል በባንክ የብድር ማስመለሻ መቀጮ መሰረት ቅጣት ይከፍላል ፣,2
የገቢ ኣጠቃቀም,2
ከሊዝ የሚገኝ ገቢ ቢያንስ 90 % ለመሰረተ ልማት ግንባታ መዋል ኣለበት ፣,2
ለመሰረተ ልማት ግንባታ የሚውል ገቢ በፕላንና ፋይናንስ ፅሕፈት ቤት ለብቻው ተመዝግቦ መቀመጥ ኣለበት ፣,2
የሊዝ ገቢ መሰረት ኣድርጎ የሚካሄድ የመሰረተ ልማት ግንባታ ኣዲስ መንደርም ማካተት ኣለበት ፣,2
የተገኘው ገቢና ኣጠቃቀሙ በተመለከተ ወደ ሚመለከተው መንግስታዊ ኣካል ሪፓርት ማቅረብ ኣለበት ።,2
ማበራታትና የችሮታ ጊዜ,2
የከተማ ቦታ በሊዝ የወሰደ ሰው እንደልማት ስራውና እንደኣገልግሎቱ ኣይነት እየታየ ከሁለት እስከ ሰባት ኣመት የሚደርስ የችሮታ ጊዜ ሊሰጠው ይችላል ።,2
ዝርዝር ኣፈፃፀሙ በመመሪያ ይወሰናል ፣,2
የትግራይ ብሄራዊ ክልላዊ መንግስት ስራ ኣስፈፃሚ ምክር ቤት በተለየ ሊያበረታታቸው ለሚፈልጋቸው ማህበራዊና ኢኮኖሚያዊ ጠቀሜታ ያላቸው የልማት ስራዎች ወይም ኣገልግሎቶች በሊዝ ክፍያ መስጠት ይችላል ።,2
የሊዝ መብትን ማስተላለፍና በዋሰትና ማስያዝ,2
የሊዝ ባለ ይዞታ መብቱን በሙሉ ወይም በከፊል ለሌላ ሰው ለማስተላለፍ ፣ በዋስትና ማስያዝ ወይም የፈፀመውን ክፍያ በካፒታል ኣስተዋፅኦነት መልክ ለመጠቀም ይችላል ፣,2
በሌላ ኣኳኃን ካልተወሰነ በስተቀር በሊዝ መሬት የመጠቀም መብት በዋስትና ሲያዝ መሬቱ ለይ የተገነባ ህንፃና ከህንፃው ጋር የተያያዙ መገልገያዎች ኣብሮ በዋስትና ይያዛሉ ። እዲሁም በሌላ ኣኳኃን ካልተወሰነ በስተቀር ህንፃውና መገልገያዎቹ በዋስና ሲያዙ በመሬት የመጠቀም በመብት ኣብሮ ይያዛል ፣,2
በዚህ ኣንቀፅ ንኡስ ኣንቀፅ 1 እና 2 የተደነገገው እንደተጠበቀ ሆኖ በሊዝ የተወሰደ ቦታ የፋይናንስ ተቋሞች እስከተስማሙበት ድረስ ያለምንም የኮንስትራክሽን ቅድመ ሁኔታ በዋስትና ማስያዝ ይችላል ፣,2
በሊዝ መሬት የመጠቀም መብት ዋሰትና ያስያዘ ሰው በዋስትና ውል መሰረት የዋስትናውን ግዴታ ሟሟላት ካልቻለ ወይምኪሳራ የደረሰበት መሆኑን በፍርድ ቤት ከተወሰነ በዋስትና የያዘው ሰው መብቱን በቦታው ላይ ያለውን ህንፃና ከህንፃው ጋር የተያያዙትን መገልገያዎች በህግ መሰረት ለሌላ ሰው ለማስተላለፍ ወይም ለራሱ ለመጠቀም ይችላል ።,2
የሊዝ ይዞታ መቋረጥና የካሳ ኣከፋፈል,2
በኣዋጁ ኣንቀፅ 15 መሰረት የከተማ ቦታ የሊዝ ይዞታ ሊቋረጥ የሚችለው ፣ -,2
ባለይዞታው በገባው የሊዝ ውል መሰረት ቦታው ጥቅም ላይ ካላዋለው ፣,2
ቦታው ለህዝብ ጥቅም ተብሎ ለሌላ ስራ ወይም ኣገልግሎት እዲውል የሊዝ ዘመኑ ከማለቁ በፊት እንዲለቅ ሲወሰን ወይም ፣,2
የሊዝ ውል ዘመኑ በዚህ ደንብ ኣንቀፅ 23 መሰረት ካልታደሰ ነው ፣,2
የከተማ ቦታ የሊዝ ይዞታ በዚህ ኣንቀጽ ንኡስ ኣንቀጽ 1 ( ለ ) መሰረት ሲቋረጥ ባለይዞታው የሚከፍለው ካሳ እንደሚከተለው ይሆናል,2
በመሬቱ ላይ ላሰፈረው ንብረት በካህሳ ህጎች ድንጋጌ መሰረት ተመጣጣኝ ካሳ ይከፈላል ፣,2
ለመሬቱ በቅድሚያ የተከፈለ የሊዝ ዋጋ ያልተጠቀመበትን በባንክ የብድር ማስመለሻ ወለድ ታስቦ ይመለስለታል ፣ ወይም በተመሳሳይ የቦታ ደረጃ ፣ የነበረው የቦታ ስፋት ፣ በነበረው ዋጋ ፣ በነበረው የሊዝ ዘመን በነበረው የኣገልግሎት ዓይነት ተለዋጭ ቦታ ይሰጠዋል ፣,2
ለህዝብ ጥቅም ተብሎ የሚወሰድ ቦታ ለመሬት ባለይዞታው የሚገባው ካሳ በቅድሚያ ተገምቶ ይከፈለዋል ፣,2
በካሳ ኣከፋፈሉ ላይ ቅሬታ ያለው ሰው የፅሑፍ ውሳኔው ከደረሰው ጊዜ ጀምሮ ባሉት 30 ቀናት ውስጥ ቅሬታውን በዚህ ደንብ ኣንቀፅ 20 መሰረት ለተቋቋመው ጉባኤ ማቅረብ ይችላል ።,2
ጉባኤው በሚሰጠው ውሳኔ ካልተስማማ በ30 ቀናት ውስጥ ክሱን ለፍርድ ቤት ማቅረብ ይችላል ፣,2
የከተማ ቦታ የሊዝ ይዞታ በዚህ ኣንቀፅ ንኡስ ኣንቀፅ 1 ( ሀ ) መሰረት ሲቋረጥ ተገቢው ወጪና መቀጫ ተቀንሶ የሊዝ ክፍያው ተመላሽ ይሆናል ።,2
ሆኖም ቦታው ጥቅም ላይ ያልዋለው ከኣቅም በላይ በሆነ ምክንያት መሆኑ ከተረጋገጠ መቀጫ ይነሳል ፣,2
የከተማ ቦታ የሊዝ ይዞታ በዚህ ኣንቀፅ ንኡስ ኣንቀፅ 1 ( ሐ ) መሰረት ሲቋረጥ ባለይዞታው ካሳ የመጠየቅ መብት የለውም ።,2
ሆኖም ግን እስከ ኣንድ ዓመት ባለው ጊዜ ውስጥ በቦታው ላይ ያሰፈረውን ንብረት በማንሳት ቦታውን ለኣስረከበው ኣካል መልሶ መስጠት ኣለበት ።,2
ከክራይ ይዞታ ወደ ሊዝ ይዞታ ስለሚደረግ ዝውውር,2
ነባር ይዞታ ከክራይ ወደ ሊዝ ስርዓት ሊዛወር የሚችለው,2
ባለይዞታው ወደ ሊዝ ስርዓት እንዲዞርለት ጥያቄ ኣቅርቦ ሲፈቀድለት እና ውል ሲገባ ፣,2
የሚመለከተው መንግስታዊ ኣካል ሲወስን,2
ካሳ መክፈል የሚገባው መሆኑን ሲያምን በካህሳ ሕጎች ድንጋጌ መሰረት ተመጣጣኝ ካሳ በመወሰን ፣ ወይም ፣,2
ቀረበለት ማነኛውም ኣቤቱታ የማይቀበለው ከሆነ ያልተቀበለበትን ምክንያት በመግለፅ ለኣቤቱታ ኣቅራቢው በፅሁፍ ያሳውቃል ፣,2
ኣቤቱታ የቀረበለት ኣካል በዚህ ኣንቀፅ ንኡስ ኣንቀፅ 2 መሰረት ውሳኔ ሲሰጥ የካሳ ጥያቄ የቀረበበት ንብረት ግምት ፣ የግምቱ ታሳቢዎችና የኣገማመቱ ሂደት በዝርዝር መዝግቦ መያዝ ኣለበት ፣,2
በዚህ ኣንቀጽ መሰረት ኣቤቱታ የሚቀርብበትም ሆነ ውሳኔ የማሰጥበት የጊዜ ገደብና የካሳ ኣከፋፈል ዝርዝር ሁኔታ ቀደም ሲል በወጣው የካሳ ሕግ መሰረት ይፈፅማል ።,2
ስለ ይግባኝ,2
በዚህ ኣንቀፅ ንኡስ ኣንቀፅ 3 መሰረት ይግባኝ የሚጠይቅ የማስለቀቅያ ትእዛዝ ወይም ማስጠንቀቅያ ፅሑፍ የደረሰው ሰው ይግባኝ ማቅረብ የሚችለው እዲለቀቅ ትእዛዝ ወይም ማስጠንቀቅያ የተሰጠበትን ቦታ ትእዛዙን ወይም ማስጠንቀቅያውን ለሰጠው ኣካል ካስረከበና ያስረከበትን ሰነድ ከይግባኝ ኣቤቱታው ጋር ኣያይዞ ካቀረበ ብቻ ይሆናል ።,2
ስለ ጉባኤው,2
በኣንቀጽ 20 ንኡስ ኣንቀፅ 1 መሰረት የሚቀርቡ ይግባኞችን መርምሮ በኣንቀፅ 20 ንኡስ ኣንቀፅ 2 መሰረት የሚሰጡ ውሳኔዎች እንደየኣግባቡ የማፅናት ፣ የመሻር ወይም የማሻሻልና ሌሎች ኣስፈላጊ ትእዛዞችን የመስጠት ስልጣን የሚኖረው የከተማ ቦታ ማስለቀቅ ጉዳይ ይግባኝ ሰሚ ጉባኤ ከንቲባ ኮሚቴ ተቋቁም በምክር ቤት እንዲፀድቅ ይደረጋል ።,2
ዝርዝር ኣቋቁሙ በመመሪያ ይወሰናል ፣,2
የጉባኤው ተጠሪነት ለከንቲባው ኮሚቴ ይሆናል ፣,2
ጉባኤው ኣግባብ ካላቸው ኣካላት የተውጣጡ ከ5-7 ኣባላት ይኖሩታል ።,2
የኣባላቱ ሙያዊ ተዋፅኦ በመመሪያ ይወሰናል ፣,2
ጉባኤው ኣስፈላጊ ሆኖ ካገኘው የፓሊስ ሃይል በማዘዝ የሚሰጣቸው ትእዛዞች ማስፈፀም ይችላል ፣,2
ጉባኤው ኣስፈላጊ ሆኖ ሲያገኘው ኣግባብነት ያላቸውን ኣካላት በማዘዝ ሙያዊ ኣስተያየት መቀበል ወይም ማስረጃ እንዲቀርብለት ማድረግ ይችላል ፣,2
ጉባኤው ተግባራቱ የሚፈፅመው በሕግ ብቻ ሆኖ ከማነኛውም ሌላ ዓይነት ተፅእኖ ነፃ ይሆናል ፣,2
ጉባኤው ስራውን በሚያከናውንበት ጊዜ በመደበኛው የፍትብሄር ስነ-ሰርዓት ህግ ኣይመራም ።,2
ዝርዝር የኣሰሪር ስነ-ስርዓቱ በመመሪያ ይወሰናል ፣,2
የጉባኤው የስራ ዘመን 5 ዓመት ይሆናል ።,2
ስለ የቦታ ኣገልግሎት ለውጥ,2
የመሬት ልማትና ማስረጃ መስጠት ዋና ስራ ሂድት ከከተማው የእድገት ፕላን ጋር በማገናዘብ በፅሑፍ ሲፈቀድ የሊዝ ባለይዞታው ቦታው ይሰጠው የነበረ ኣገልግሎት መለወጥ ይችላል ፣,2
የኣገልግሎት ለውጥ ሲደረግ የሊዝ ዋጋና የውል ዘመን በተለወጠው የኣገልግሎት ዓይነት ይሆናል ።,2
ዝርዝር ኣፈፃፀሙ በመመሪያ ይወሰናል ።,2
ውል ስለማደስ,2
የሊዝ ባለይዞታ የሊዝ ዘመኑ ሲያበቃ ውሉ ሊታደስለት የሚፈልግ ከሆነ ያ የቆየው ውል ከማለቁ በፊት ከ1ኣ ዓመት ጀምሮ ሊያልቅ 2 ኣመት እስኪቀረው ድረስ ባለው ጊዜ ውሰጥ ኣግባብ ላላው ኣካል በፅሑፍ ማመልከት ኣለበት ፣,2
የሚያመለክተው ኣካል ማመልከቻ ካቀረበበት ጊዜ ጀምሮ ባለው ኣንድ ኣመት ውስጠ መልስ መስጠት ኣለበት ።,2
በዚህ ጊዜ መልስ ካልሰጠ በእድሳቱ እንደተስማማ ተደርጎ ይወሰዳል ።,2
የተለያዩ ድንጋጌዎች,2
ኣስፈፃሚ,2
ይህ ደንብ ለማስፈፀም የከተማ መስተዳደሮች ከፍተኛ ሃላፊነት ኣለባቸው ፣,2
ይህ ደንብ በማስፈፀም የሚጋጥሙ ችግሮች ለመፍታትና ደንቡ እንደኣስፈላጊነቱ ለማሻ ሻል የመሬት ልማትና ማስረጃ መስጠት ዋና ስራ ሂደት ትልቅ ሃላፊነት ሆኖ በተሸጋሪነት የሚሰሩ ስራዎች ደግሞ የስምምነት ሰነድ በመፈራረምና የጋራ መድረክ በመፈጠር መፍትሄዎችን ማስቀመጥ ይቻለል ።,2
በተመሳሳይ መንገድ በስራ ሂደቱ ኣስተባባሪነት የሚመራ በስራ ሂደቱ ከሚገኙ ኣባሎች ቁጥራቸው ከ5-7 የሆኑ ሊዝ ጨረታ የሚያስፈፅም ኮሚቴ ያቋቁማል ።,2
ዝርዝር ኣፈፃፀሙ በመመሪያ ይወሰናል ፣,2
ይህ ኣዋጅና ደንብ ለማስፈፀም የሚጋጥሙ ችግሮች መፍታት የሚችሉ ኮሚቴዎች እንደሁኔታው በከተማው መስተዳደር ከንቲባ ሊቋቋሙ ይችላሉ ።,2
መመሪያ የማውጣት ስልጣን የከተማ ልማት ፣ ንግድና ኢንዱስትሪ ቢሮ ይህን ደንብ ማስፈፀሚያ መመሪያ የማውጣት ስልጣን ኣለው ።,2
ተፈፃሚነት የሌላቸው ህጐች,2
የከተማ ቦታ በሊዝ ለመያዝ የወጣ ደንብ ቁጥር 1 / 87 ፣,2
የከተማ ቦታ በሊዝ ለመያዝ የወጣ ደንብ ቁጥር 16 / 94 ፣,2
የከተማ ቦታ በሊዝ ለመያዝ የወጣ ደንብ ቁጥር 44 / 99 ።,2
ይህ ደንብ የሚፀናበት ጊዜ ይህ ደንብ ከ ነሐሴ 13 / 2002 ዓ.ም ጀምሮ የፀና ይሆናል ።,2
መንግስታዊ ደን ለመሰየም የወጣ ደንብ ደን የማልማት ፣ የመጠበቅና ዘላቂነት ባለው መልኩ የመጠቀም ተግባር የህብረተሰቡን የደን ውጤቶች ፍላጎት ለማማላትና የምግብ ዋስትና ለማረጋገጥ ባጠቃላይ ለሃገር ኢኮኖሚ ግንባታ ከፍተኛ ኣስተዋፀኦ ያለው በመሆኑ ፣,2
በዚህ መሰረት በዚህ ክልል ደቡብ ዞን ወጅግማሕጎ-ዋረን ኣጎ ፣ ምብራቃዊ ዞን ዓሲንባ ጉንዳጉንዶ እና በሰሜን ምእረብ ዞን ዋልድባ ለዚህ ተግባር ሊውል የሚችል በመንግስት ደንነት ተከልሎ ተገቢውን ጥበቃ ሊደረግለት የሚገባ ቦታ መኖሩን ስለታመነበት ።,2
የትግራይ ብሄራዊ ክልላዊ መንግስት ምክር ቤት በትግራይ ህገ-መንግስት ኣንቀፅ 49 / 3 / ሀ እና ወ እንዲሁም በፌዴራል ኣዋጅ ቁጥር 542 / 1999 ዓንቀፅ 8 / 3 / የሚከተለውን ደንብ ኣውጥተዋል ።,2
ይህ ደንብ ውጅግ ማሕጎ-ዋረን ኣጎ ፣ ዓሲንባ እና ጉንዳጉንዶ ፣ ዋልድባ የመንግስት ደን ለመሰየም የወጣ ደንብ ቁጥር 74 / 2004 ተብሎ ሊጠቀስ ይችላል ።,2
በዚህ ደንብ ፦,2
ደን ማለት በተፈጥሮ የበቀሉ ወይም ተተክለው የለሙ በኣብዛኛው ዛፎችና ሌሎች የእንጨትነት ፀባይ ያላችው,2
ተክሎች የሚገኙበት የእፅዋት ክምችት ነው ፣,2
የመንግስት ደን ማለት በፌዴራል ወይም በክልል መንግስት ባለቤትነት ስር ሆኖ ማንኛውም ጥብቅ ወይም ምርት ሰጪ ደን ነው ፣,2
ቢሮ ማለት የትግራይ ብሄራዊ ክልላዊ መንግስት የግብራናና ገጠር ልማት ቢሮ ነው ፣,2
ምልክት ማለት ከድንጋይ ፣ ከስሜንቶ ወይም ከብረት የተሰራ ኣወሳኝ ለመለየት የተቀመጠ ምልክት ነው ፣,2
በዝሃ ሂወት ማለት በደን ውስጥ ወይም በደን መሬት ላይ የእፅዋት ፣ የእንስሳትና የጥቃቅን ህዋሳት ዘረ-መሎችና ዝርያዎች ክምችና ስብጥር በተደጋጋፊነት እና በኣንድነት የሚገኙበትን ስርኣተ ምህዳር የሚያጠቃልል ነው ፣,2
ስያሜ,2
በዚህ ክልል ደቡብ ዞን ፣ ምብራቅ ዞን እና ሰሜን ምእራብ ዞን የሚገኝ ስፋቱና ኣዋሳኙን በዚህ ደንብ ኣንቀፅ 4 የተገለፀ ቢሮው ባስቀመጠው ምልክት የተከለለ ውጅግ ማሕጎ-ዋረን ኣጎ ፣ ዓሲንባ ጉዳጉንዶ እና ዋልድባ የመንግስት ደን ካሁን በሃላ ደኑ እየተባለ የሚጠራ በዚህ ደንብ ተሰይመዋል ።,2
የደኑ ስፋት መጠን ኣዋሳኝና ጂኦግራፊያዊ ኣቀማመጥ,2
በደቡብ ዞን መንግስታዊ ደን ውጅግ ማሕጎ-ዋረን ኣጎ,2
ደኑ 16507 ሄክታር የሚሸፍነው ሆኖ,2
ብሰሜን ሕንጣሎ ዋጀራት ወረዳ ቀበሌዎች ዓዲ መስኖ እናፀሓፍቲ,2
ብደቡብ ወረዳ እንዳ መኾኒ ቀበሌዎች ፅበት ኣምባ ሓስቲ እና ሕዝባ ተክለሃይማኖት,2
በስተ ምስራቅ ወረዳ ራያ ዓዘቦ ቀበሌዎች ፅግዓ እናኤቦ,2
በስተምእራብ ኣላጀ ወረዳ ቀበሌዎች ዓይባ ፣ ስሳት ፣ ዓፀላ እና ቤትማራ ያወስኑታል ።,2
የደኑ ጂኦግራፊያዊ ኣቀማመጥ,2
በ12 ዲግሪ 47 ደቂቃ 46 ሴኮንድና 13 ዲግሪ 01 ደቂቃ 24 ሰከንድ መካከል ሰሜን ላቲትዩድ ፣,2
በ39ዲግሪ 33 ደቂቃ 14 ሰከንድና 39 ዲግሪ 43 ደቂቃ 03 ሰከንድ መካከል ምስረቅ ሎነጊትቲድ ።,2
በምስራቅ ዞን ዓሲንባ ጉንዳጉንዶ የመንግስት ደን,2
ደኑ 4253 ሄክታር የሚሸፍን ሆኖ ፦,2
በሰሜን ኢሮብ ወረዳ ኣራእ ቀበሌ,2
በደቡብ ሳእሲእ ፃእዳ እንባ ወረዳ ጉንዳጉንዶ ወንዝ ማርዋ ቀበሌ,2
በምስራቅ ኢሮብ ወረዳ ኣራእ ቀበሌ ፣,2
በምዕራብ ኢሮፕ ወረዳ ሓረዘ ሰባእታ ቀበሌ ያወስኑታል ፣,2
የደኑ ጂኦግራፊያዊ ኣቀማመጥ,2
በ14 ዲግሪ 30 ደቂቃና 14 ዲግሪና 15 ደቂቃ መካከል ሰሜን ላቲትዩድ ፣,2
በ39 ዲግሪና 30 ደቂቃ 39ዲግሪና 45 ደቂቃ መካከል ምስራቅ ሎግቲድ ።,2
በሰሜን ምእራብ ዞን ዋልድባ የመንግስት ደን,2
ደኑ 94845 ሄክታር የሚሸፍን ሆኖ,2
በስተ ሰሜን ኣስገደ ፅንብላ ወረዳ የተከዜ ወንዝ ሆኖ ፣ ቀበሌዎች ደብረኣባይ ፣ ህንፀት ፣ ልምዓት ፣ ደብረማርያም ፣ ደጋዲጉኚ ፣ ዓዲማሕ መዳይ ፣ ዘንጎራቐን እና ዓኒ ያወስኑታል ።,2
በስተደቡብ ክልል ኣማራ ማይ ወይባ ወንዝ,2
በስተምስራቅ ፀለምቲ ወረዳ ኢንሲያ ወንዝ ቀበሌዎች ማይተኽሊ ፣ ፃእዳቸርኒ ፣ መዘክር ፣ ውህደት እና ማይ ዓይኒ ፣,2
በስተ ምእራብ ወልቃይት ወረዳ ዛሬማ ወንዝ ሆኖ ፣ ቀበሌዎች ማይ ጋባ እና ጨዓ ያዋስኑታል ።,2
የደኑ ጂኦግራፊያዊ ኣቀማመጥ,2
በ13 ዲግሪና 30 ደቂቃ 13 ዲግሪና 45 ደቂቃ ሰሜን ላቲትዩድ ፣,2
በ37 ዲግሪና 45 ደቂቃ 38 ዲግሪ 15 ደቂቃ ምስራቅ ሎንጊትድ ይገኛል ፣,2
የደኑ ኣስተዳደር ደኑ በትግራይ ብሄራዊ ክልላዊ መንግስት ይተዳደራል በዚህም,2
መሰረት ተጠሪነቱ ለቢሮው ሆኖ ቢሮው በሚያወጣው መመሪያ የሚተዳደር ይሆናል ።,2
ተፈፃምነት የሌላቸው ሕጎች ይህ ደንብ የሚቃረን ደንብ ፣ መመሪያ ወይም የኣሰራር ልምድ በዚህ ደንብ የተደነገጉትን ጉዳዮች በተመለከተ ተፈፃሚነት ኣይኖረውም ።,2
ደንቡ የሚፀናበት ጊዜ ይህ ኣዋጅ በትግራይ ብሄራዊ ክልላዊ መንግስት ካፀደቀበት መጋቢት 13 / 2004 ዓ.ም የፀና ይሆናል ።,2
ኣባይ ወልዱ የትግራይ ብሄራዊ ክልላዊ መንግስት ፕሬዚደንት,2
የትግራይ ብሄራዊ ክልላዊ መንግስት የስራ ኣስፈፃሚ ምክር ቤት የልማት ድርጅቶች ኣዋጅ ቁጥር 25 / 89 ኣንቀፅ 3 ( 2 ) ( ለ ) ( ሐ ) መሰረት ይህ ደንብ ኣዉጥቷል ።,2
ይህ ደንብ የትግራይ ክልል የውሃ ስራዎች ጥናት ፣ ዲዛይንና ቁጥጥር ኢንተርፕራይዝ ማቋቋሚያ ደንብ ቁጥ 57 / 2002 ተብሎ ሊጠቀስ ይችላል ።,2
በዚህ ደንብ ውስጥ,2
ኢንተርፕራይዝ ማለት የትግራይ ብሄራዊ ክልል የውሃ ስራዎች ጥናት ዲዛይንና ቁጥጥር ኢንተርፕራይዝ ነው ፣,2
ተቆጣጣሪ ባለስልጣን ማለት የትግራይ ብሄራዊ ክልላዊ መንግስት የልማት ድርጅቶች ለማቋቋም በወጣው ኣዋጅ ቁጥር 25 / 1989 መሰረት ስልጣን የተሰጠው የትግራይ ብሄራዊ ክልል መንግስት የልማት ድርጅቶች ተቆጣጣሪ ባለስልጣን ነው ።,2
ማቋቋምያ,2
የትግራይ ብሄራዊ ክልላዊ መንግስቲ ውሃ ሥራዎች ጥናት ዲዛይንና ቁጥጥር ከዚህ በኃላ ኢንተርፕራይዝ እየተባለ የሚጠራ የመንግስት የልማት ድርጅት ሆኖ በዚህ ደንብ ተቋቁሟል ፣,2
ኢንተርፕራይዙ በመንግስት የልማት ድርጅቶች ኣዋጅ ቁጥር 25 / 1989 መሰረት ይተዳደራል ።,2
ተቆጣጣሪ ባለስልጣን,2
የትግራይ ብሄራዊ ክልላዊ መንግስት የልማት ድርጅቶች ለማቋቋም ባወጣው ኣዋጅ በተደነገገው መሰረት የዚህ ኢንተርፕራይዝ ተቆጣጣሪ ባለስልጣን የስራ ኣስፈፃሚ ኮሚቴ ይሆናል ።,2
ፅሕፈት ቤት,2
የኢንተርፕራይዙ ዋና ፅሕፈት ቤት መቀሌ ይሆናል ፣,2
እንደኣስፈላጊነቱ በሌላ ቦታም ቅርንጫፍ ፅሕፈት ቤት ሊኖረዉ ይችላል ።,2
በተበታተነ ይሰራ የነበረ የጥናት ዲዛይንና ቁጥጥር የውሃ ስራዎች በኣንድ ማእከል በተጠናከረና በተቀናጀ ኣገባብ ውጤታማ ስራ ኣንዲሰራ ለማድረግ ፣,2
ልማት ለማቀላጠፍና ለማረጋገጥ የሚያግዙ የውሃ ስራዎች በጥረት እንዲካሄድ ለማድረግ ።,2
ተጠሪነትና ኣደረጃጀት,2
ኣደረጃጀት ኢንተርፕራይዙ,2
የስራ ኣመራር ቦርድ ፣,2
የስራ መሪ ፣,2
ለሚያካሂዳቸዉ ስራዎች ኣስፈላጊ የሆኑ ሠራተኞች ይኖሩታል ።,2
የቦርዱ ኣባላት ቦርዱ የሚከተሉት ኣባላት ይኖሩታል,2
የከተማ ልማት ኢንዳስትርና ንግድ,2
ተጠሪነት,2
ቦርዱ ተጠሪነት ለትግራይ ብሄራዊ ክልላዊ መንግስት የስራ ኣስፈፃሚ ምክር ቤትና ርእሰ መስተዳድር ይሆናል ፣,2
የኢንተርፕራይዙ ተጠሪነት ለቦርድ ይሆናል ።,2
የሃይድሮሊክስ ፣ የግድብ ፣ የሃይድሮፓወር ፣ የመስኖ ፣ የመጠጥ ውሃ ኣቅርቦት ፣ የፍሳሽ ማስወገጃ ፣ የውሃ ስራዎችና የተፋሰስ ልማት ጥናቶች ያካሂዳል ፣,2
የሃይድሮሊክስ ፣ የሃይድሮፓወር ፣ ጂኦቴክኒክ ፣ የግድብና የመስኖ ውቅሮች ፣ የጎርፍ መከላከያ ፣ የመጠጥ ውሃ ፣ የፈሳሽ ማስወገጃና የመሳሰሉት የውሃ ሥራዎች የቅየሳ የዲዛይንና የቁጥጥር ሥራዎች ያካሂዳል ፣,2
የውሃ ስራዎች የውል ኣስተዳደርና ቁጥጥር በተመለከተ የኣማካሪነት ኣገልግሎት ይሰጣል ፣,2
የውሃ ስራዎችን በሚመለከት ጥናቶችና ዲዛይኖች የመገምገም ኣገልግሎት ይሰጣል ፣,2
የውሃ ስራዎችን በሚመለከት የጨረታ ሰነድና ውል የማዘጋጀት ፣ ስራ ተቋራጮችን የመምረጥ ኣገልግሎት መስጠት ፣,2
የመንገድ ፣ የህንፃና ሌሎች ማንኛውም የሲቪል ስራዎች ጥናት ዲዛይንና የቁጥጥር ስራዎች ኣገልግሎት ይሰጣል ፣,2
ቦንድ ያወጣል ፣ ይሸጣል ፣ በዋስትና ያስይዛል ።,2
የኢንተርፕራይዙ የስራ መሪ ስልጣንና ተግባር,2
የኢንተርፕራይዙ S ‰ መሪ በዚህ ደንብ ኣንቀፅ 12 የተጠቀሰ ስልጣንና ተግባር የሚፈፅም ሆኖ በተጨማሪ የሚከተለው ስልጣንና ተግባር ይኖራል,2
የኢንተርፕራይዙ የፋይናንስ ኣስተዳደር ስርኣት የሚመለከት,2
ኢንተርፕራይዙ ቦርድ ባፀደቀው የፋይናንስ ኣስተዳደር ማንዋል መሰረት ሃብቱን ያስተዳድራል ፣,2
የኢንተርፕራይዙ ሂሳብ በየኣመቱ በውጪ ኦዲተር ይመረመራል ፣,2
በዚህ ኣንቀፅ ንኡስ ኣንቀፅ 2 የተጠቀሰው እንደተጠበቀ ሆኖ የኢንተርፕራይዙ ሂሳብ በትግራይ ብሄራዊ ክልላዊ መንግስት ኦዲት ፅሕፈት ቤት በማንኛውም ጊዜ ሊመረመር ይችላል ።,2
"ይህ ኢንተርፕራይዝ ከትግራይ ብሄራዊ ክልላዊ መንግስት የሚመደብለት መነሻ ካፒታል ብር 35,728,473.00 ( ሳላሳ ኣምስት ሚልዮን ሰባት መቶ ሃያ ስምንት ሺ ኣራት መቶ ሰባ ሰወስት ብር ) ጠቅላላ በጀት ይኖረዋል ።",2
ከዚህ ውስጥ,2
"ከተድቦለት ከነበረ በጀት በጥሬ ገንዘብ ወደ ኢንተርፕራዙ የዞረ ብር 955,322.00 ( ዘጠኝ መቶ ኣምሳ ኣምስት ሺ ሰወስት መቶ ሃያ ሁለት ብር )",2
"በንብረት ብር 25,480,000.00 ( ሃያ ኣምስት ሚልዮን ኣራት መቶ ሰማንያ ሺ )",2
"በመንግስት የሚመደብ ተጨማሪ በጀት ብር 9,293,151.00 ( ዘጠኝ ሚልዮን ሁለት መቶ ዘጠና ሰወስት ሺ ኣንድ መቶ ኣምሳ ኣንድ ብር ) ነው ።",2
የኢንተርፕራይዙ የገቢ ምንጩ ፣ -,2
ከትርፍ ፣,2
ከእቃና ቦንድ ሽያጭ,2
ከብድር,2
ከስጦታ ይሆናል ።,2
ተጠያቂነት,2
ኢንተርፕራይዙ ካለው ጠቅላላ ንብረት በላይ በእዳ ተጠያቂ ኣይሆንም ።,2
ኢንተርፕራይዙ የሚቆይበት ጊዜ,2
ኢንተርፕራይዙ ላልተወሰነ ጊዜ ይቆያል ።,2
ደንቡ የሚፀናበት ግዜ,2
የሰው ሃይል ግንባታ ስርዓት ባለው መንገድ በክልላችን በየመስራቤቱ ተበታትኖ ሲሰጥ የነበረ ስልጠና በተማከለ ሊመራና በስልጠና ፈንድ ተጠቃሚ የሆነ የመንግስት ሰራተኛ መብቱና ግዴታው በሕግ መወሰን ኣስፈላጊ በመሆኑ ፣,2
ለመንግስት ሰራተኞች የሚሰጥ ስልጠና ቀጣይና በተማከለ ኣግባብ እንዲመራና ለዚሁ ስልጠና የሚውል ከተለያዩ ምንጮች የሚገኝ የስልጠና ፈንድ በኣንድ ቋት በማሰባሰብ በህግ ማስተዳደር ኣስፈላጊ መሆኑ ስለታመነበት ፣,2
የትግራይ ብሄራዊ ክልላዊ መንግስት ስራ ኣስፈፃሚ ምክር ቤት የስልጠና ፈንድ ኣዋጅ ለማቋቋም ፣ ኣፈፃፀሙና ኣጠቃቀሙ ለመወሰን የወጣ ኣዋጅ ቁጥር 143 / 2000 ዓ.ም ኣንቀፅ 22 መሰረት ይህ ደንብ ኣውጥቷል ።,2
ይህ ደንብ የስልጠና ፈንድ ለማስተዳደር የወጣ ደንብ ቁጥር 61 / 2002 ተብሎ ሊጠቀስ ይችላል ።,2
መንግስት ማለት የትግራይ ብሄራዊ ክልላዊ መንግስት ነው ፣,2
የመንግስት መስሪያቤት ማለት በሙሉ ወይ በከፊል በትግራይ ብሄራዊ ክልላዊ መንግስት በጀት የሚተዳደር መስሪያቤት ነው ፣,2
ቦርድ ማለት ለስልጠና ፈንድ በበላይነት የሚያስተዳድር ኣካል ነው ፣,2
ተጠቃሚ ማለት በሙሉ ወይም በከፊል በመንግስት በጀት በሚተዳደር የመንግስት መስሪያቤት ተቀጥሮ በቀዋሚነት የሚሰራ ሰራተኛ ነው ፣,2
ስልጠና ማለት ለቀዋሚ የመንግስት ሰራተኛ ከ6 ወር በላይ በመንግስት ፍቃድ የሚሰጥ ማንኛውም ዓይነት ስልጠና ወይም ትምህርት ነው ፣,2
የስልጠና ፈንድ ማለት ለስልጠና ማስፈፀሚያ ብቻ የሚውል በዚህ ደንብ መሰረት የሚጠራቀም ገንዘብ ነው ፣,2
የመንግስት ሰራተኛ ማለት በዚህ ኣንቀፅ ንኡስ ኣንቀፅ 2 በተገለፀው የመንግስት መስሪያቤት የሚሰራ ሰራተኛ ነው ፣,2
ስልጠና ማለት ለመንግስት ሰራተኛ ከ6 ወር በላይ በመንግስት ፈቃድ የሚሰጥ ማንኛውም ዓይነት ስልጠና ወይም ትምህርት ነው ።,2
የተፈፃሚነት ወሰን ፣,2
ይህ ደንብ በሙሉ ወይም በከፊል በመንግስት በጀት በሚተዳደር የትግራይ ብሄራዊ ከለላዊ የመንግስት መስሪያቤቶች ተፈፃሚ ይሆናል ።,2
የፆታ ኣገላለፅ ፣,2
በዚሁ ኣዋጅ በወንድ ፆታ የተገለፀው ሁሉ ለሴት ፆታም ይገልፃል ።,2
ይህ ደንብ የሚከተሉት ኣላማዎች ይኖሩታል,2
የክልሉ የሰው ሃይል ግንባታ ስርዓት ባለው ኣግባብ ለመፈፀም ፣,2
የስልጠና ፈንድ በተማከለና ስርኣት በተከተለ ኣገባብ ለማስተዳደር ፣,2
ወደ ስልጠና የሚላክ የመንግስት ሰራተኛ መብቱና ጥቕሙ ለመለየት ።,2
የስልጠና ፈንድ ምንጭ ፣,2
መንግስት ለሰራተኛ ኣቅም ግንባታ የሚውል በየኣመቱ የሚመድበው በጀት ፣,2
ከምግባረ ሰናይ ድርጅት ወይም ሃገር በያመቱ ለኣቅም ግምባታ ተብሎ ለትግራይ ክልል የሚሰጥ እርዳታ ወይም ብድር ፣,2
ከሰልጣኝ የተጣራ የወር ደመወዝ የሚገኝ 5 % ።,2
የስልጠና ፈንድ ቦርድ ኣባላት ፣,2
የኣቅም ግንባታና የመንግስት ሰራተኛ ኣስተዳደር ቢሮ የስራ መሪ,2
የትምህርት ቢሮ የስራ መሪ,2
የጤና ቢሮ የስራ መሪ,2
የእርሻና ገጠር ልማት ቢሮ የስራ መሪ,2
የእቅድና ፋይናንስ ቢሮ የስራ መሪ,2
የሴቶች ጉዳይ ቢሮ የስራ መሪ,2
የከተማ ልማት ፣ ንግድና ኢንዱስትሪ ቢሮ የስራ መሪ,2
በኣቅም ግንባታና የመንግስት ሰራተኞች ኣስተዳደር ቢሮ ኣቅራቢነት በቦርድ የሚመረጥ ያለድምፅ ፀሓፊ የያዘ ይሆናል ።,2
የስልጠናው ፈንድ ተጠቃሚ መብትና ግዴታ ፣,2
የስልጠና ፈንድ ተጠቃሚ በስልጠና እያለ የሚከተሉት መብቶች ይኖሩታል ፣ -,2
በኣገር ውስጥ ለሚሰጥ ስልጣና በዚሁ ደንብ ኣንቀፅ 6 / 3 / የተጠቀሰ እንደተጠበቀ ሆኖ የወር ደመወዝ ይከፈለዋል ፣,2
በውጭ ኣገር ለሚሰጥ ስልጠና በዚሁ ደንብ ኣንቀፅ 6 / 3 / የተጠቀሰ እንደተጠበቀ ሆኖ የወር ደመወዝ ግማሽ ይከፈለዋል ፣,2
መንግስት የደመወዝ ጭማሪ ካደረገ በስልጠና ያለም ተጠቃሚ ይሆናል ፣,2
ወደ ስልጠና የሚሄድ ሰልጣኝ ለመጀመሪያ የስልጠና ሂደት ለማጓጓዣ ፣ ኣበል ፣ ቪዛና ፖስፖርት የሚያስፈልገው ወጪዎች ስልጠና ፈንድ ይሸፈንለታል ፣,2
በኣገር ውስጥ ለሁለተኛ ዲግሪና በላይ መመረቅያ ፅሑፍ የሚወጣ ወጪ በዩንቨርስቲወይም ኮለጅ የሚሸፈን ስሆን ቀሪው ወይም ዩንቨርስቲው ወይም ኮለጁ የማይ ሸፈን ከሆነ በሙሉ በስልጠና ፈንድ የሚሸፈን ይሆናል ። ዝርዝሩ በመመሪያ ይወሰናል ።,2
ኮሎጆችና ዩኒቨርስቲዎች የሚጠይቁት ለኮርሶች የሚከፈል ገንዘብ ካለ በፈንድ ስልጣና ይሸፈናል ፣,2
በዚህ ኣንቀፅ ከሀ-ረ የተገለፀ በስልጠና ፈንድ የሚሸፈን ይሆናል ፣,2
ሁሉም የመንግስት መስሪያቤት ሰራተኛ በስልጠና የመወዳደር እኩል መብት ኣለው ።,2
ሆኖም ለኩናማና ኢሮብ ብሄረሰብ ኣባላት ፣ ለሴቶችና ለኣካል ጉዳተኞች ልዩ ትኩረት ይሰጣቸዋል ፣,2
በዚህ ደንብ ኣንቀፅ 8 / 8.1 / የተቀመጡ መብቶች ኣፈፃፀማቸው በሚመለከታቸው ኣካላት በሚወጣው መመሪያ ይወሰናል ።,2
የስልጠና ፈንድ ተጠቃሚ በስልጠና እያለ የሚከተሉት ግዴታዎች መፈፀም ኣለበት,2
ወደ ስልጠና ከመግባቱ በፊት ክሊራንስ ወደ ኣቅም ግንባታና የመንግስት ሰራተኞች ኣስተዳደር ቢሮ ማቅረብ ኣለበት ፣,2
ወደ ስልጠና ከመግባቱ በፊት ከሚሰራበት መስርያቤት ውል መግባትና ዋስ ማቅረብ ኣለበት ፣,2
ስልጠናው ካጠናቀቀ በኋላ ለላከው መስሪያቤት የተማረው ጊዜ እጥፍ ማገልገል ኣለበት ፣,2
በትምህርት እያለ የትምህርቱ ውጤት በየሰሚስተሩ ወደ ላከው መስሪያበት ማቅረብ ኣለበት ፣,2
ከኣቅም በላይ በሆነ ምክንያት ውጪ ወደ ስልጠና ተልኮ ትምህርቱ ያቋረጠ ወይ ያራዘመ መልሶ መማር ኣይፈቀድለትም ፣,2
የስልጠና መግቢያ ፈተና ወስዶ የወደቀ ከወደቀበት ጊዜ ጀምሮ ለኣንድ ኣመት ከውድድር ይታገዳል ፣,2
በዚህ ኣንቀፅ ንኡስ ኣንቀፅ / 8.2 / / ሐ / የተገለፀው ግዴታ ያልፈፀመ ለመማሪያ ተብሎ መንግስት ያወጣው ወጪ ራሱ ወይም ዋሱ ይከፍለዋል ፣,2
በዚህ ደንብ ኣንቀፅ 8 / 8.2 / የተቀመጡ ግዴታዎች ኣፈፃፀማቸው በሚመለከታቸው ኣካላት በሚወጣው መመሪያ ይወሰናል ።,2
የመሸጋገሪያ ድንጋጌ ፣,2
ደንቡ ስራ ላይ የሚውልበት ጊዜ ፣,2
ይህ ደንብ ከ1 / 01 / 2003 ዓ.ም ጀምሮ ስራ ላይ የሚውል ይሆናል ፣,2
በዚህ ኣንቀፅ ንኡስ ኣንቀፅ / 1 / የተገለፀ ቢኖርም ከኣሁን በፊት በክልሉ መንግስት እውቅና እየሰለጠኑ የቆዩ ሰልጣኞችም በዚህ ደንብ የሚታቀፉ ይሆናሉ ።,2
ዝርዝሩ በሚወጣው መመሪያ ይወሰናል ።,2
የተሻሩና ተፈፃምነት የሌላቸው ህጎች ፣,2
ይህ ደንብ የሚፃረር ህግ ወይም ልምድ ወይም ኣሰራር ተፈፃሚነት የለውም ።,2
የተሻሻለ የትራፊክ መንገድ መቆጣሪያ ደንቢ ተላላፊዎች መቅጫ ደንብ,2
በኣሁኑ ወቅት በህይወትና በንብረት እየደረሰ የሚገኝ ኣደጋ ኣሽከርካሪዎች የተሽከርካሪ ባለንብረቶች ሹፌር ፣ ገንዘብ ተቀባይና ገንዘብ ያዡ በሚፈፅሙዎቻው የትራፊክ ደንብ መተላላፍ በመሆኑ ፣,2
ቀደም ብሎ ስራ ላይ የነበረ የትራፊክ መቆጣጣሪያ ደንብ ኣሁን ካለው የቴክኖሎጂ ሁኔታና ጊዜ የማይሄድና በይዞታውም ኣራሚና ኣስተማሪ ባለመሆኑ ፣,2
ከቴክኖሎጂ ሁኔታና ጊዜ ተጣጥሞ የሚካሄድ ኣራሚና ኣስተማሪ ደንብ ማውጣት ኣስፈላጊ በመሆኑ ፣,2
የትግራይ ክልል የስራ ኣስፈፃሚ ምክር ቤት በኣዋጅ ቁጥር 185 / 2003 ኣንቀፅ 22 መሰረት የሚከተለው ደንብ ኣውጥቷል ።,2
ይህ ደንብ የትራፊ መንገድ መቆጣሪያ ደንብ ተላላፊዎች መቅጫ ቁጥር 72 / 2004 ተብሎ ሊጠቀስ ይችላል ።,3
በዚ ደንብ ውስጥ,3
መንገድ ማለት ለተሽከርካሪዎች መሄጃ ፣ ተብሎ በኣስፋልት ፣ ጠጠር ወይም ሌላ ኣይነት ኣፈር የተደረገበት በተሽከርካሪዎች ኣገልግሎት ክፍት የሆነ ጎደና ሆኖ የጎደናው ጠርዝ ኣይጨምርም ፣,3
የመንገድ ትራፊክ ማለት በመንገድ ላይ ኣንድ ወይም በብዛት ሆኖው የሚተላለፉ እግረኞች ወይም እየተሳቡ ወይም ሰዎች ተቀምጠውባቸው ወይም እየተሽከርከሩ ወይም እየተነዱ የሚጓጓዙ እንስሳትና ተሽከርካሪዎች ናቸው ፣,3
ተሽከርካሪ ማለት በሞተር ሃይል ወይም ያለ ሞተር ሃይል የሚንቀሳስ ወይመ እየተሳበ በመንገድ ላይ ሁለት ወይም ከዛ በላይ በሆኑ ጎማዎች የሚንቀሳቀስ ወይም የሚጎተተ ነው ፣,3
የትራፊክ መንገድ ምልክት ማለት ተሽከርካሪ የሚተላለፍበት የመንገድ ኣቅጣጫ የሚወሰን ፣ ለተላላፊ ኣስቀድሞ የሚያስጠነቅቅ ፣ የሚቆጣጠር የሚያስገድድ ለመረጃ ኣገልግሎት ኣስቀድሞ የሚተከል የትራፊክ መንገድ ምልክት ነው ፣,3
የትራፊክ መንገድ ኣመልካች ማለት የትራፊ እንቅስቃሴን ለማሳወቅ ለመለየትና ለመምራት የሚያገልገል በሰው ሃይል በኤሌክትሪክ ሃይል ወይም በመካኒካል የሚንቀሳቀስ ሆኖ የሚያስጠነቅቁ የሚከለክል የሚያስገድድ የሚፈቅድ ስራ የሚያከናውን ነው ፣,3
የሰሌዳ ቁጥር ማለት ተሽከርካሪ በመንገድ ላይ በቀላሉ ለመለየት እንዲቻል በተሽከርካሪ ላይ የሚደረግ ለመያ ቁጥር የተፃፈበት ሰሌዳ ነው ፣,3
የመረጃ መቀበያ ማእከል ማለት ከተቆጣሪ ኣካላት ከሕብረተሰብ ተባባሪዎችና ከሚመለከታቸው ኣካላት ስለ ትራፊክ ኣደጋ ለመጠቆም መረጃ ለመቀበልና ለማድረስ በኔትዎርክ በመታገዝ ከከተሞች ጋር ከሁሉም ጣብያዎች መረጃ ለመቀበል የሚጠቅም ነው ፣,3
ትራፊክ ፖሊስ ማለት የዚህን ደንብ ድንጋጌዎች የተከበሩ መሆናቸው የመቆጣር ስልጣን ያለው ልዩ ደንብ ፣ ልብስ የለበሰ የፖሊስ ኣባል ሆኖ መንገድ ላይ ኣንድ ወይም በብዛት ሆኖው እግረኞች የሚተላለፉበት ወይ ሰዎች ተቀምጦውባቸው ወይም እየተጎተቱ ወይም እየተነዱ ወይም እየተጠበቁ የሚሄዱ እንስሶችን በሞተር ሃይል የሚሽከረከሩ ተሽከርካሪዎችን ደንብን የሚያስከብር የተፈጥሮ ሰው ማለት ነው ፣,3
ቁጥጥር ማለት የመንገድ ላይ ትራፊክ ድህንነት ኣዋጅ ፣ ደንቦች ፣ መመሪያዎች ፣ ደረጃዎችና ውሳኔዎች በመንገድ ትራፊክ ድህንነት በትክልል በስራ ላይ መዋላቸውን የሚረጋገጥ ተግባር ነው ፣,3
የመንገድ ላይ ትራፊክ መረጃ መጠበቅ ማለት የትራፊክ ሕግና ደንብ የሚጥሱ ኣሽከርካ ሪዎችና ተሽከርካረዎች በተደጋጋሚ ጥፋትና ኣደጋ የሚያደርሱ ለመለየትና መረጃ ለመስጠት የሚረዳ የመረጃ ኣያያዝ ስርዓት ነው ፣,3
መንጃ ፈቃድ ማለት በሞተር ሃይል ለሚንቀሳቀስ ተሽከርካሪ ለመምራት የሚያችል በደንብና መመሪያ መሰረት የሚሰጥ መንጃ ፈቃድ ነው ፣,3
ሞተር ኣልቦ ተሽከርካሪ ማንኛውም በእንስሳ እየተጎተተ ወይም እየተሳበ የሚንቀሳቀስ ባለ ሁለት ወይም ባለ ኣራት ጎማ ጋሪና በሰው ሃይለ የሚንቀሳቀስ ፣ በሰው እየተነዳ የሚንቀሳቀስ ፔዳል ሳይክል ተሽከርካሪ ነው ፣,3
ጋሪ ማለት ባለ ኣራት ወይም ባለ ሁለት ጎማ ሆኖ ለደረቅ ጭነትና ለህዝበ መጓጓዣ የሚውል በእንስሳ እየተጎተተ ወይም እየተሳበ የሚንቀሳቀስ ሞተር ኣልቦ ተሽከርካሪ ነው ፣,3
ብስክሌት ማለት ሁለትና ከዛበላይ በሆነ ጎማ የሚንቀሳቀስ በሰው ሃይል የሚነዳ ወይም የሚሽከርከር ሞተር ኣልቦ ፔዳል ሳይክል ነው ፣,3
ኮሬቻ ማለት ሳይክል ነጂ የሚቀመጥለት ወንበር ነው ፣,3
የንግድ ብስክሌት ማለት ለክራይ ወይም ለትርፍ የሚከራይ ተራ ብስክሌት ነው ፣,3
በእጅ የሚገፋ ወይም የሚሳቡ ጋሪ ማለት ከሁለት ከዛ በላይ በሆኑ ጎማዎች ወይም ብረት የሚንቀሳቀስ ሆኖ ለደረቅ ጭነት መጓጓዣ የሚያገለግል በሰው ሃይል የሚጎተቱ ወይም የሚሳቡ ወይም የሚገፉ ሞተር ኣልቦ ተሽከርካሪ ነው ፣,3
የሚመለከተው ፅሕፈት ቤት ማለት የኮንስትራክሽን መንገድን ትራንስፖርትን ፅሕፈት ቤት ነው ፣,3
ኮሚሽን ማለት የትግራይ ክልል ፖሊስ ኮሚሽን ነው ።,3
የቅጣት ኣወሳሰን,3
የኣሽከርካሪዎች የጥፋት ደረጃ ዓይነት,3
ኣንደኛ ደረጃ ቅጣት ብር 50,3
መንጃ ፈቃድ ኖሮት ለጊዜው ሳይዝ ተሽከርካሪ ማሽከርከር ፣,3
ተለጣፊ ምልክት ቦሎ በግልፅ በሚታይ የፊት መስተዋት ላይ ያለመለጠፍ ፣,3
ከውስጥ ወደ ውጭ ወይም ከውጭ ወደ ውስጥ ለእይታ የሚከለክሉ የተለያዩ ለእሎች ፣ ጌጣ ጌጦች ወረቀትና ቀለም በተሽከርካሪ መስተዋት መለጠፍ ወይም መቅባት ፣,3
በከተማና ከከተማ ውጭ ሊበላሽ ወይ ሊበን የሚችል ማንኛውም ዓይነት ጭነት ሸራ ሳይሸፍኑ ማሽከርከር ፣,3
ጭነት በጫነ ተሽከርካሪ ወደ ፊት ወይም ወደ ኃላ የሚንጠለጠል በ30 ሜትር ርቀት ሊታይ የሚችል ምልክት ኣለማደረግ ፣,3
በ30 ሜትር ርቀት ሊታይና ሊነበብ የሚችል ለማጅ የሚል ፅሑፍ ሳይለጥፉ ማሽከርከር ፣,3
በመንገድ ላይ ተበላሽቶ በቆመ ተሽከርካሪ በፊትና በኃላ በ10 ሜትር ርቀት ሊታይ የሚችል ማንፀባረቂያ ምልክት ያለማድረግ ፣,3
ተበላሽቶ ይሁን ሳይበላሽ መንገድ ላይ በቆመ ተሽከርካሪ ምልክት ብሎ በመንገድ ላይ ድንጋይ ማስቀመጥ ፣,3
ምልክት ሳታሳይ ተሽከርካሪ ከቆመበት ቦታ ማንቀሳቀስ ፣,3
የራስ መከላከያ የብረት ቆብ ሄልመት ሳያደርግ ሞተር ሳይክል መንዳት ፣,3
ወደ ምታጠፍበት ኣቅጣጫ ከ20 ሜትር ርቀት ጀምሮ ምልክት ፍሬቻ ወይም የእጅ ምልክት ሳታሳይ መታጠፍ ፣,3
የቀኝን ጠርዝ ሳይዝ ተሽከርካሪ በዝግታ መንዳት ፣,3
የተሽከርካሪ ጥሩንባ መንፋት በተከለከለበት ኣከባቢ ጥሩንባ መንፋት ፣,3
በጉዞ ላይ በህዝብ መጓጓዣ ተሽከርካሪ ውስጥ ስጋራ ማጨስ ፣,3
የእድሳት ጊዜ ሁለት ወር ያለፈበት መንጃ ፈቃድ ይዞ ማሽከርከር ፣,3
በከተማ ክልል ውስጥ ረዥም መብራት ኣብርቶ መጓዝ ፣,3
ከምሽቱ ኣንድ ሰዓት በኃላ የተሽከር ካሪ መንዳት ትምህርት ማስተማር ፣,3
ፊት ለፊት ለእይታ በሚያዳግት መታጠፊያ ቦታ ላይ ክላክ ኣለመንፋት ፣,3
ሁለተኛ ደረጃ ቅጣት ብር 100,3
በከፊል የተቆረጠ ወይም ቁጥሩ በግልፅ የማይታይ ሰሌዳ ያለው ተሽከርካሪ መንገድ ላይ ማሽከርከር ፣,3
የተሟላ የጭነት ማቀፊያ ስፖንዳ የሌለው ተሽከርካሪ እቃ ጭነህ በመንገድ ላይ ማሽከርከር ፣,3
ጭነት በኣግባቡ ኣጥብቆ ያለማሰር ፣,3
ከሚመለከተው ፅሕፈት ቤት ፈቃድ ውጭ ኣንድ ሰሌዳ የፊት ወይም የኃላ የለጠፈ ተሽከርካሪ በመንገድ ላይ ማሽከርከር ፣,3
ለእግረኞች ማቋረጫ ወይም መሻገሪያ ተብሎ በተቀለመ መንገድ ላይ ለእግረኞች ቅድሚያ ኣለመስጠት ወይም ተሽከርካሪንማቆም ፣,3
በቀኝ ፣ በግራ ወይም ፊት ለፊት ለሚመጣ ተሽከርካሪ እና እግረኛ ቅድሚያበሚሰጥበት ቦታ ቅድሚያ ኣለመሰጠት ፣,3
በእግረኞች መሄጃ መንገድ ተሽከርካሪማቆም ወይም ማሽከርከር ፣,3
በመታጠፊያ ቦታ ወደ ፊት ወደ ኃላ በ10 ሜትር ክልል ውስጥ ተሽከርካሪ ማቆም ፣,3
መብራት ማብራት በሚያስፈልግበት ወቅት ሳታበራ ተሽከርካሪ ማሽከርከር ፣,3
የማስተማሪያ ፍቃድ ሳይኖርህ ተሽከርካሪን መንዳት ማስተማር ፣,3
የተበላሸ ወይም ያልተበላሸ ተሽከርካሪ ለኣደጋ በሚያጋልጥ ሁኔታ በመንገድ ላይ መጎተት ፣,3
ሶስተኛ ደረጃ ቅጣት ብር 200,3
በመንገድ ላይ ተሽከርካሪ ማጠብ ወይምእንዲታጠብ ማድረግ ፣,3
የሚያውክ ድምፅ እያሰማ ወይም ከመጠን በላይ ጢስ የሚያወጣ ተሽከርካሪንማሽከርከር ፣,3
ወደ ማትሄድበት ኣቅጣጫ ምልክት በእጅ ወይም በፍሬቻ ማሳየት ፣,3
ከሚመለከተው ፅሕፈት ቤት ፍቃድ ውጭ በመንገድ ላይ ኣሸዋ ፣ ድንጋይ ፣ ኣፈር ፣ እንጨት የመሳሰሉትን ለመንገድ እንቅስቃሴ የሚያደናቅፉ ማራገፍ ፣ ወይም እንዲራገፍ ማድረግ ፣,3
በህዝብ መጓጓዣ ተሽከርካሪ ላይ ወደ ጎን ፣ ወደ ፊት ወይም ወደ ኃላ የሚንጠለጠል እቃን ጭኖ ማሽከርካር ፣,3
ከሚመለከተው ፅሕፈት ቤት ፍቃድ ውጭ ወይም በፌደራል የትራንስፖርት ሕግ ከተፈቀደው ውጭ ወደ ላይ ቁመት ወይም ወደ ጎን ተሽከርካሪ ጭነት መጫን ፣,3
ለኣደጋ መከላከያ ተሽከርካሪዎች እንደ ኣምቡላንስ ፣ እሳት ኣደጋ ተሽከርካሪዎች እና የመሳሰሉት ቅድሚያ ያለመስጠት ፣,3
መንገድን ለመክፈል ተብሎ በተሰመረ መስመር ረግጠህ ማሽከርከር ፣,3
ተሳፋሪዎች በተሽከርካሪ ውስጥ እያሉ ነዳጅ መሙላት ወይም ጎማ መቀየር ፣,3
በቀኝ ፍትህ ያለው ተሽከርካሪ መቅደም ወይም ለመቅደም መሞከር ፣,3
በከተማ ክልል ውስጥ ከጋራዥ ግቢ ውጭ በመንገድ ላይ ቀላል ወይም ከባድ ጥገና ወይም የጎማ መቀየርና ኣየር ማስሞላት ወይም የጎሚስታ ስራዎች ለማካሄድ ተሽከርካሪን ማቆም ፣,3
ግለሰቦች የመንገድ ላይ ትራፊክ ደህንነት ደንብ ሲጣስ ኣይተው ለሚመለከ ተው ኣካል መረጃ በመስጠታቸው ወይም መብታቸው ለማስከበር ብለው በደረሰባቸው በደል ወደሚመለከተው ኣካል ክስ በመመስ ረታቸው ምክንያት በሌላ ጊዜ እንዳይሳፈሩ መከልከል ፣,3
ለኣደጋ በሚያጋልጥ ሁኔታ በህግ ከተፈቀደ ፍጥነት በላይ ማሽከርከር ፣,3
የድህንነነት ቆበቶ ሳይታጠቁ ተሽከርካሪን ማሽከርከር ፣,3
በመታጠፍያ መንገድ ፣ በድልድይ ፣ በጠበብ መንገድ ፣ በርቀት ለማየት በሚያዳግት ቦታ ተሽከርካሪን መቅደም ወይም ለመቅደም መሞከር ።,3
ኣራተኛ ደረጃ ቅጣት ብር 300,3
ህዝብና እንስሳ ለመጠጥና ለኣትክልት የሚጠቀሙባቸው ወንዞች ፣ ኩሬዎችና ጉድጓዶች ተሽከርካሪን ማጠብ ወይም እንዲታጠብ ማድረግ ፣,3
በመንገድ የተተከሉ ወይም ቀለም የተቀቡ የትራፊክ ምልክቶች ትእዛዝ መጣስ ወይም ያለማክበር ፣,3
ትራፊክ ደሴት ወይም ክብ መንገድ ላይ በግራ በኩል ማቋረጥ ፣,3
የትራፊክ መቆጣጠሪያ ቀይ መብራት መጣስ ፣,3
በመንገድ ላይ የቆሙ ተሽከርካሪ በተመሳሳይ ኣቅጣጫ ሌላ ተሽከርካሪ ደርቦ ማቆም ፣,3
የተሽከርካሪው መዝግያ ተከፍቶ እያለ ማሽከርከር ፣,3
ለቁጥጥር ኣላማ በትራፊክ ፖሊስ እዲቆም ተጠይቆ ያለመቆም ወይም ጥሶ መሄድ ፣,3
ትራፊክ ፖሊስ ከመንገድ ትራፊክ ድሕንነት ጋር በተያያዘ ለሚጠይቃቸው የተለያዩ መረጃዎች ያለመስጠት ወይም የተሳሳተ መረጃ መስጠት ወይም መንጃ ፍቃድ ለማሳየት ወይም ለመስጠት ተጠይቆ ፈቃደኛ ኣለመሆን ፣,3
በማንኛውም ቦታና ጊዜ ቀኝ ጠርዝ ሳትይዝ በመንገድ ላይ ሰው ማውረድ ወይም እቃን ማጫን ወይም ማራገፍ ፣,3
የትራፊክ ኣደጋ በተከሰተበት ወቅት በኣደጋው ለተጎዱ ሰዎች የኣስቸኳይ እርዳታ እንዲያገኙ ወደ ህክምና ቦታ ለማጓጓዝ በመንገድ ላይ ትራፊክ ድሕንነት ተቆጣጣሪዎች ትብብር ተጠይቀህ ፍቃደኛ ኣለመሆን ፣,3
በጉዞ ላይ እያለ ተሽከርካሪው በቴክኒክ ችግር ምክንያት ሲቆም ተሳፋሪዎች በፈለጉት መንገድ ለመሄድ ለመጓጓዝ ከከፈሉት ብር ውስጥ ያልተጠቀመበት ገንዘብ እንዲመለስላቸው ሲጠይቁ ወድያው ኣለመመለስ ፣,3
የያዝከው የመንጃ ፈቃድ ደረጃ የማይመጥነው ተሽከርካሪን ማሽከርከር ፣,3
የመንገድ ላይ ትራፊክ ድሕንነት ደንብ ለማስከበር የተሰማሩ የትራፊክ ፖሊስ ኣባላት መሳደብ ወይም ለመማታት መሞከር ፣ ወይም ጉቦ ለመስጠት መሞከር ፣,3
ከሚመለከተው ፅሕፈት ቤት ፍቃድ ወጭ መናሃሪያ ባለባቸው ከተማዎች የንግድ መጓጓዣ ተሽከርካሪ ከመናሃሪያ ውጭ በሆቴል ፣ በመንገድ ሰው ማሳፈር ወይም ማውረድ ወይም መናሃሪያ ሳይገቡ በውጭ ጭኖ መሄድ ፣,3
በማንኛውም ወቅት የህዝብ መጓጓዝ የንግድ ተሽከርካሪ ወደ ምትሄድበት ቦታ ከሚመለከተው ፅሕፈት ቤት መውጫ ሳትይዝ መሄድ ወይም የተጭበረበረ መውጫ መጠቀም ፣,3
በማንኛውም ቦታና ወቅት ተሽከርካሪ በመሄድ ላይ እያለ ተንቀሳቃሽስልክ ሞቫይል በእጅ ይዞ ማነጋገር ።,3
ኣምስተኛ ደረጃ ቅጣት ብር 500,3
መንጃ ፈቃድ ጭራሽ ሳይኖረው ተሽከርካሪ ማሽከርከር ፣,3
በማንኛውም ምክንያት ተሳፋሪዎች በመንገድ ላይ በማይፈልጉት ቦታ በማስገድድ ኣውርደህ መተው ፣,3
ተሳፋሪዎች በመነሻ ቦታ ላይ ከተሰማሙበት ታሪፍ ውጭ በጉዞ ላይ እንዲጨምሩ ማድረግ ወይም ጨምረህ ማስከፈል ፣,3
በህዝብ መጓጓዣ ተሽከርካሪ በውጭ ክፍል ሰውን መጫን ፣,3
የሌላን ተሽከርካሪ ሰሌዳ ወይም ዓመታዊ ተለጣፊ ቦሎ ለጥፈህ ማሽከርከር ፣,3
የሚያሰክር መጠጥ ጠጥተህ በደም ውስጥ ኣልኮል መጠን ከ1000ሚሊ በላይ ወይም እየጠጣህ መንዳት ፣,3
በማንኛውም ወቅት ጫት እየቃሙ ተሽከርካሪ ማሽከርከር ፣,3
ተሽከርካሪ በጉዞ ላይ እያለ ወይም ሳይቆም ሰውን መጫን ወይም ማውረድ ፣,3
ተሽከርካሪ ከመነሻው መድረሻየ ብሎ ከተነሳበት ቦታ ውጭ ያለ በቂ ምክንያት በመንገድ ኣቋርጦ መመለስ ወይም ተጓዦች ወደ ሌላ ተሽከርካሪ በማሽጋገር እንዲሄዱ ማድረግ ፣,3
በተለያዩ ምክንያቶች በሚመለከተው ፅሕፈት ቤት ፈቃድ ተሽከርካሪ እንዳያሽከረክር መንጃ ፈቃዱን ታግዶበት እያለ በመንገድ ላይ ተሽከርካሪ ማሽከርከር ፣,3
በተለያዩ ምክንያቶች በሚመለከተው ፅሕፈት ቤት ሰሌዳ ተፈቶ እያለ ተሽከርካሪን በመንገድ እንዲንቀሳቀስ ማድረግ ፣,3
ተጓዥ ወደማይሄድበት የቦታ ርቀት ታሪፍ ጨምሮ እንዲከፍል ማድረግ ፣,3
በማንኛውም ወቅትና ጊዜ በሃላፍነት ከተሰጠው ኣሽከርካሪ ውጭ በጉዞ ለረዳትሲጀምርወይም ለሌላ ሰው ተሽከርካሪው እንዲያሽከረክር መሰጠት ወይም መፍቀድ ።,3
ስድስተኛ ደረጃ ቅጣት ብር 100,3
ከሚመለከተው ፅሕፈት ቤት ፍቃድ ውጭ ከተፈቀደው ልክ በላይ ትርፍ ሰው መጫን በያንዳንዱ ሰው ብር 100 ይቀጣል ፣,3
በተራ ቁጥር 1 የተጠቀሰ በትርፍ የተጫነ ሰው ደረሰኝ የሌለው ሆኖ ሲገኘ ብቻ ቅጣቱ በኣሽከርካሪው ተፈፃሚ ይሆናል ፣,3
ከሚመለከተው ፅሕፈት ቤት ፍቃድ ውጭ ጭነት ባልጫነ ተሽከርካሪ ሰው መጫን በያንዳንዱ ሰው ብር 100 ይቀጣል ፣,3
ሰባተኛ ደረጃ ቅጣት,3
በማንኛውም ዓይነት ጭነት በጫነ ተሽከርካሪ ሰው ጭኖ የተገኘ በያንዳንዱ ሰው ብር 300 ተቀጥቶ በተገኘበት ቦታ ሰዎችን ያወርዳል ፣,3
የባለንብረት ደረጃ ጥፋትና ዓይነት,3
የተሽከርካሪ ባለንብረት የጥፋት ደረጃ ዓይነት,3
የመጀመሪያ ደረጃ ቅጣት ብር 100,3
ማንኛውምን በንግድ የተመዘገበ የህዝብ መጓጓዣ ተሽከርካሪዎች ለተጓዠ ለሰውነት ይሁን ለእቃው የሚከፈለው ገንዘብ መጠን የሚገለፅ ህጋዊ ደረሰኝ ኣለመስጠት ፣,3
ከሚመለከተው ፅሕፈት ቤት ፍቃድ ውጭ የተደመሰሰ ፣ በከፊል የተቆረጠ ወይም በግልፅ የማይታይ ወይም የፊት ወይም የኃላ ሰሌዳ ብቻ ያለው ተሽከርካሪ ወደ ስራ ማሰማራት ፣,3
ማንኛም ዓይነት ቴክኒካዊ ወይም ከኣካላዊ ጉድለት ያለው ተሽከርካሪ የፊት መስተዋት የተሰነጠቀ ወይም ንፋስና ኣባራ የሚያስገባ ስንጥቅ ያለው ወይም የቀኝና የግራ ማሳያ መስተዋት ስኮፕዮ የሌለው ተሽከርካሪ በመንገድ ላይ እንዲንቀሳቀስ ማድረግ ፣,3
የፊትና የሃላ መብራት የሌለው ወይም ዝናብ መጥረግያው የማይሰራ ወይም ክላክ የሌለው ተሽከርካሪ በመንገድ እንዲንቀሳቀስ ማድረግ ፣,3
የተሽከርካሪ ማስተማሪያ ፍቃድ ለሌለው ሰው እንድያስተምር መፍቀድ ፣,3
ሁለተኛ ደረጃ ቅጣት ብር 500,3
መጠባበቅያ ትርፍ ጎማ ከነመፍቻው የሌለው ወይም ያልያዘ የህዝብ ንግድ መጓጓዣ ተሽከርካሪ ሰው ኣሳፍሮ መጓዝ ፣,3
ከሚመለከተው ፅሕፈት ቤት ፈቃድ ወጭ በዕለት ሰሌዳ የንግድ ስራን መስራት ፣,3
የዕለት ሰሌዳ ከተፈቀደው የኣገልግሎት ቀናት ውጭ መጠቀም ፣,3
ሙሉ ልሾ የሆነ ወይም የተሰጠነቀ ወይም ያበጠ ጎማ በተሽከርካሪ ላይ ገጥሞ በመንገድ መንቀሳቀስ ፣,3
ኣመታዊ የተሽከርካሪ የቴክኒክ ድህንነት ምርመራ ያለደረገ ተሽከርካሪ በመንገድ እንዲንቀሳቀስ ማድረግ ፣,3
ከሚመለከተው ፅሕፈት ቤት ፈቃድ ውጭ ከተፈቀደልሕ መደበኛ የስራ ፍቃድ ውጭ ወይም ኮንትራት መስራት ።,3
ሶስተኛ ደረጃ ቅጣት ብር 1000,3
ለሰው ሆነ ለእቃ ከተፈቀደው ታሪፍ የዋጋ መጠን በላ በመጨመር እንዲከፍል ማድረግ ወይም እንዲከፍል መጠየቅ ፣,3
መንጃ ፍቃድ ለሌለው ሰው ወይም ደረጃ ማንጃ ፍቃድ ለማይመጥነው ሰው ተሽከርካሪን መስጠት ፣,3
የእግር እና የእጅ ፍሬን ችግር ያለው ተሽከርካሪ ወይም መኪና ማንቀሳቀስ ፣,3
ከሚመለከተው ፅሕፈት ቤት ፈቃድ ውጭ ሰሌዳ የሌለው ወይም ሳይለጥፍ ተሽከርካሪን በመንገድ ላይ ማሽከርከር ፣,3
... tእstኢng,3
ከሚመለከተው ፅሕፈት ቤት ፍቃድ ወጭ በማናቸው ተሽከርካሪ ላይ በፋብሪካ ከተገጠመለት ውጭ ማናቸውም ኣካል በተሸከርካሪ ላይ መጨመር ፣,3
በንግድ ያልተመዘገበ ወይም በሚመለከተው ፅሕፈት ቤት ያልተፈቀደለት ተሽከርካሪ በንግድ ስራ ወይም በክራይ ማሰማራት ፣,3
ኣራተኛ ደረጃ ቅጣት,3
ከሚመለከተው ህጋዊ ፈቃድ ውጭ ከተፈቀደው የወንበር መጠን በላይ ትርፍ ሰው መጫን ፣ በያንዳንዱ ትርፍ ሰው ብር 100 ይቀጣል ፣,3
በዚህ ኣንቀፅ በተራ ቁጥር 4 / 1 የተቀመጠው ቅጣት በባለ ንብረት ላይ ተፈፃሚ የሚሆነው ትርፍ የተጫነ ሰው ደረሰኝ ቆርጦ ሲገኝ ብቻ ነው ።,3
ደረጃ ጥፋት ረዳት ኣሽከርካሪና ገንዘብ ተቀባይ,3
የኣሽከርካሪ ረዳት ወይም ገንዘብ ተቀባይ የጥፋት ደረጃ ኣይነት,3
ኣንደኛ ደረጃ ቅጣት ብር 150,3
በማናቸው ቦታ ወደኔ ወደኔ በማለት ሰውን መጎተት ወይም ከፍላጎት ወጭ ወደ መኪና መጫን ፣,3
ተሳፋሪ ቀደም ሲል የተጠቀመበትን የጉዞ ትኬት ተቀብለህ ለሌላ ተሳፋሪ መልሰህ መሰጠት ፣,3
ተሽከርካሪ በጉዞ ላይ እያለ በተለያዩ ምክንያቶች ሲቆም ለምልክት ብለህ ድንጋይ መንገድ ላይ ማስቀመጥ ፣,3
በትኬት ላይ የተጓዡ ሙሉ ስም ፣ መነሻና መድረሻ ቦታ ፣ መነሻ ሰዓት ፣ ቀን ሰሌዳ ቁጥር ወይም ጎን ቁጥር ኣለመፃፍ ፣,3
ተጓዥ ሊመለስለት የሚገባው ተመላሽ ገንዘብ ኣለመመለስ ።,3
ሁለተኛ ደረጃ ቅጣት ብር 200,3
ተሳፋሪ ከተስማማበት የገንዘብ መጠን ውጭ በጉዞ ላይ እንዲጨምሩ ማድረግ ፣ ወይም እንዲከፍል መጠየቅ ፣,3
በጉዞ ላይ ተሳፋሪዎችን ማንቋሽሽ ፣ መሳደብ ፣ መማታት ወይም ለመማታት መሞከር ፣,3
ተጓዠ ለራሱና ለንብረቱ ለከፈለው የመጓጓዣ የኣገልግሎት ዋጋ ገንዘብ የሚገልፅ ሕጋዊ ደረሰኝ በመነሻው ቦታ ላይ ኣለመሰጠት ፣,3
ተሽከርካሪ በእንቅስቃሴ ላይ / በጉዞ ላይ / እያለ በር መክፈት ወይም ተሽከርካሪ ሳይቆም ሰው ማውረድ ወይም ማሳፈር ፣,3
የጋሪ ነጂ ደረጃ ጥፋትና ዓይነት,3
የጋሪ ነጂ የጥፋት ደረጃ,3
ኣንደኛ ደረጃ ቅጣት ብር 30,3
ሰሌዳ ያላደረገ ጋሪ በመንገድ እንዲንቀሳቀስ ማድረግ ፣,3
ከስፖንዳ ወደጎን 10 ሳንት ሜትር ያለፈና ወደ ፊት ከስፖንዳ ውጭ የሆነ ጭነት መጫን ፣,3
ጭነት የጫነ ጋሪ የሚጎትት እንስሳ ጭነት ተጭኖ በሚጓዝበት ወቅት በማንኛውም ምክንያት ሲወድቅ እንስሳውን በመደብደብ ማስነሳት ወይም ለማስነሳት መሞከር ፣,3
የኣገር ጫማ የሌለው ጋሪ ወይም ፈረስ በስፓልት ላይ ጋሪ እንዲጎትት ማድረግ ፣,3
ቴክኒካዊ ብቃቱ ያልተረጋገጠ ዓመታዊ ምርመራ ያላደረገ ጋሪ ይዞ መገኘት ፣,3
በ10 ሜትር ርቀት ላይ ሊደመጥ የሚችል ክላክ ባንገቱ ያላደረገ እንስሳ ጋሪ እንዲጎትት ማድረግ ፣,3
ፋንድያ መቀበያ ከረጢት የሌለው እንስሳ ጋሪ እንዲጎትት ማድረግ,3
በጭነት ጋሪ ላይ ከጋሪው ነጂ ውጭ ከኣንድ ሰው በላይ መጫን ፣,3
ከምሽቱ 12 ፣ 30 ሰዓት በኃላና ከንጋቱ 11 ፣ 30 በፊት በመንገድ ላይ ጋሪ መንዳት ፣,3
ለቁጥጥር በትራፊክ ፖሊስ እንዲቆም ተጠይቆ ፍቃደኛ ኣለመሆን ፣,3
የሌላን ጋሪ ጎታች እንስሳ የድሕነት ምርመራ ውጤት በመለጠፍ ጋሪ እንዲጎትት ማድረግ ፣,3
የእድሳት ግዘው ኣንድ ዓመት ያለፈበት የጋሪ መንጃ ፈቃድ ይዞ ጋሪ መንዳት ፣,3
የጋሪ መንጃ ፍቃድ ኑሮት ሳይዝ ጋሪ መንገዳ ።,3
ሁለተኛ ደረጃ ቅጣት ብር 40,3
ከህጋዊ የህክምና ተቋም የእንስሳው ኣካላዊና ጤንነታዊ ሁኔታ የሚገልፅ ማስረጃ የሌለው እንስሳ ጋሪ እንዲጎትት ማድረግ ፣,3
ጋሪ እንዳይንቀሳቀስበት ፣ እንዳይቆምበት ወይም እንዳያልፍበት በተከለከለ ቦታ ጋሪ መንዳት ፣,3
የትራፊክ ምልክትና ማመልከቻ መጣስ,3
በጋሪ ላይ ቁመው ወይም እየጋለቡ በመንገድ ላይ መንዳት ፣,3
የጋሪው መለየታ ቁጥር ባንገቱ የሌለው እንስሳ ጋሪ እንዲጎትት ማድረግ ።,3
ሶስተኛ የቅጣት ደረጃ ብር 50,3
የሌላን ጋሪ ሰሌዳ በመለጠፍ እየተጠቀሙበት መገኘት ፣,3
የቆሰለ ወይም ኣካላዊ ጉዳት የደረሰበት እንስሳ ጋሪ እንዲጎትት ማድረግ ፣,3
ቀደም ሲል ሲጠቀምበት የነበረ ጋሪ ጎተቻ እንስሳ በተለያዩ ምክንያቶች ሲታመም በጎደና ወይም በመንገድ ላይ መጣል ፣,3
የጋሪ መንጃ ፍቃድ ሳይኖርህ ጋሪን መንዳት ፣,3
የጋሪ መንጃ ፈቃድ ለሌለው ሰው ጋሪ እንዲነዳ ጋሪ መስጠት ፣,3
ከ18 ዓመት በታች ለሆነ ሰው ጋሪ እንድያንቀሳቅስ መስጠት ፣,3
ሞባይል እያነጋገሩ ጋሪ መንዳት ፣,3
መጠለያ / ጃንጥላ / የሌለው የህዝብ መጓጓዣ ጋሪ በኣገልግሎት ማሰማራት ፣,3
ከተፈቀደልህ የጭነት መጠን በላይ መጫን,3
የሳይክል ተጠቃሚዎች ጥፋት ፣ መብትና,3
... testኢng,3
የሳይክል ተጠቃሚዎች የጥፋት ደረጃ,3
ኣንደኛ ደረጃ ቅጣት ብር 10,3
ክላክ የሌለው ብስክሌት መንዳት,3
ሰሌዳ በተገቢ ቦታ ያልለጠፈ ወይ የተደመሰሰ ሰሌዳ ለጥፎ በመንገድ ሳክል ማሽከርከር ፣,3
ከብስክሌት መቀመጫ ወንበር ውጭ በሌላ የብስክሌት ቁጭ ብሎ ሳይክል መንዳት ።,3
መብራት ኣብርቶ መንቀሳቀስ በሚገባበት ወቅት መብራት ሳያበሩ ሳይክል በመንገድ ላይ ማሽከርከር ።,3
ወደ ምትታጠፍበት ኣቅጣጫ ምልክት ሳታሳይ መታጠፍ ።,3
ሁለተኛ ደረጃ ቅጣት ብር 20,3
ወደ ፊት ወይም ወደ ኃላ የተንጠለጠለ ርዝሜኔው ከግማሽ ሜትር በላይ የሆነ ዕቃ ብስክሌት መጫን ፣,3
የተሟላ ፍሬን ተሌለው ብስክሌት በመንገድ መንዳት ።,3
የኣካራይ ፈቃድ ሳይኖር ብስክሌት ማከራየት ፣,3
በመንገድ ግራ መስመር ብስክሌት ማሽከርከር ፣,3
ሰውና ተሽከርካሪ በብዛት በሚንቀሳቀሱበት ጎደና ብስክሌት ማለማመድ ፣,3
ለተሽከርካሪና ለእግረኛ ቅድሚ በሚያሰጥ መንገድ ቅድሚያ ኣለመስጠት ።,3
ሶስተኛ ደረጃ ቅጣት ብር 30,3
በሳይክል ላይ ሰው ማፈናጠጥ ፣,3
መሪ በሁለት እጅ ሳይዙ ሳይክል ማሽከርከር ፣,3
ሰሌዳ የሌለው ወይ የሌላ ሰሌዳ የለጠፈ ሳይክል ማሽከርከር ፣,3
ለብስክሌት መለማመጃ ወይም ማከራያ ተብሎ በግልፅ ተለይቶ ከተሰጠ ቦታ ውጭ ብስክሌት ማለማመድ ወይም ማከራየት ፣,3
ብስክሌት እያሸከረከሩ ሞባይል ማነጋገር ፣,3
ሳይክል እንዳይነቀሰቀስበት በተከለከለ ቦታ ሳይክል ማሽከርከር ፣,3
ለቁጥጥሐር በፖሊስ ትራፊክ እንዲቆም ተጠይቆ ኣለመቆም ።,3
ስለ እጅ ጋሪ,3
በእጅ የሚገፋ ወይም የሚሳቡ ጋሪን በተመለከተ,3
ኣንደኛ ደረጃ ቅጣት ብር 20,3
ለትራፊክ እንቅስቃሴ በሚያደናቅፍ ሁኔታ ማለትም በማኣዝን ፣ በእግረኛ መሄጃ ፣ በመኪና መንገድ በእጅ በሚገፉ ወይም የሚሳቡ ጋሪ ማቆም ።,3
የትራፊክ መብራት ባለበት ኣከባቢ በእጅ በሚገፋ ወይም የሚሳቡ ጋሪ እየገፉ ማለፍ ፣,3
ቀኝ መስመር ሳይዙ እየገፉ መሄድ ፣,3
በፖሊስ ትራፊክ የእጅ ጋሪህ እንድታነሳ ተጠይቀህ ለማንሳት ፈቃደኛ ኣለመሆን ።,3
ቅጣት ኣወሳሰን,3
ሰክሮ በመንገድ ስያሽከረክር የተገኘ,3
ሰክሮ በመንገድ ሲያሸከርክር የተገኘ,3
የሚያሰክር መጠን ጠንቶ በመንገድ ላይ ሲያሽከረክር የተገኘ ኣሽከርካሪ መንጃ ፈቃዱን በመቀበል ተሽከርካሪው በኣከባቢው ድህንነት ሊጠበቅበት የሚችል ቦታ በፖሊስ ጣብያ እንዲቆም በማድረግ ሌላ ተሽከርካሪውን ለማሽከርከር የሚመጥን መንጃ ፈቃድ ያለው ጤነኛ ሰው በባለንብረቱ ፈቃድ መሰረት ሲቀርብ በዚህ ደንብ መሰረት የተቀመጠውን ቅጣት ተፈፃሚ በማድረግ የተሽከርካሪው በቀጥታ ይለቀቃል ፣ ካልሆነ ግን እንድትቆም ያደርጋል ፣,3
ተሽከርካሪው እንዲቆም ያደረገ ፖሊስ ትራፊክ ኣሽከርካሪው ስካርን ያበራለት መሆኑ ሲያረጋግጥ በዚህ ደንብ መሰረት ቅጣቱ በመፈፀም ተሽከርካሪው እንዲለቀቅ ያደርጋል ።,3
መንጃ ፈቃድ ሳይኖረው ወይም በማይመጥነው መንጃ ፈቃድ ሲያሽከረክር የተገኘ ሰው,3
መንጃ ፈቃድ ሳይኖረው ወይም በማይመጥነው መንጃ ፈቃድ በመንገድ እያሽከረከረ ሲገኝ ተሽከርካሪው ደህንነቱ ሊጠበቅለት በሚችል ቦታ ፖሊስ ጣብያ ወስዶ እንዲቆም በማድረግ ክስ ተመስርቶበት በዚህ ደንብ መሰረት ቅጣቱ ይፈፅማል ።,3
በባለንብረቱ ዕውቅና መሰረት ሌላ ተሽከርካሪውን ለማሽከርከር የሚመጥን መንጃ ፈቃድ ያለው ሰው ሲቀርብ ባለንብረት መንጃ ፈቃድ ለሌለው ሰው ተሽከርካሪው እንዲያሽከር በመፍቀዱ ወይም በመሰጠቱ በደንቡ መሰረት ተቀጥቶ ወዲያውኑ ተሽከርካሪው ይለቀቃል ።,3
መንጃ ፈቃድ ሳይኖረው ወይም በማይመጥነው ደረጃ ሲያሽከረክር የተገኘ ተሽከርካሪው ለማስቆም እንቢተኛ የሆነ ሰው የተሽከርካሪው ሰሌዳ ተፈቶ ለሶስትቀናት በፖሊስ ጣብያ ይቆያል ፣ በደንቡ መሰረት የተሰጠውን ቅጣት ሲፈፅም ሰሌዳው ይመለስለታል ።,3
ባለ ንብረት ወይም ኣሽከርካሪ ሰሌዳው የተፈታውን ተሽከርካሪ በፈለገበት ቦታ ወስዶ ማቆም ይችላል ።,3
የተወሰነለት ቅጣት ለመክፈል ፍቃደኛ ያልሆነ ይግባይ ብሎ ውሳኔው እስካል ተቀየረ ድረስ ቅጣቱን እስከሚከፍል ሰሌዳው ተይዞ ይቆያል ፣,3
ኣሽከርካሪ በትራፊክ ፖሊስ ለቁጥጥር እንዲ ቆምና መንጃ ፈቃድ እንዲያሳት ተጠይቆ እንቢተኛ ሲሆን,3
በትራፊክ ፖሊስ ኣሽከርካሪውን ለቁጥጥር እንዲቆም ተጠይቆ ወይም መንጃ ፈቃድ እንዲያሳይ ተጠይቆ ፈቃደኛ ሳይሆን ኣምልጦ ሲሄድ ወይም ተሽከርካሪው ጥሎ ሲያመልጥ ተሽከርካሪው በተገኘበት ተይዞ ሁለቱ ሰሌዳና ኣመታዊ ተለጣፊ ተፈቶ ይወዳል ።,3
ባለንብረት ወይም ኣሽከርካሪ ሰሌዳውን የተፈታ ተሽከርካሪ ወደ ፈለገበት ቦታ ወስዶ ማስቆም ይችላል ።,3
ኣምልጦ ወይም ጥሶ የሄደ ኣሽከርከሪ ለፈፀመው ጥፋት ራሱ መጥቶ በዚህ ደንብ መሰረት የተቀመጠ ተገቢውን ውሳኔ መቀበል ካልቻለ ካለበት ቦታ ባለንብረቱ ይዞ ያቀርበዋል ።,3
ኣምልጦ የሄደው ኣሽከርካሪ ባለንብረቱ ማቅረብ ካልቻለ ኣምልጦ በሄደው ኣሽከርካሪ ላይ ሊወሰድ የነበረው ቅጣት በባለንብረቱ ይከፍለዋል ።,3
ከሶስት ቀን በኃላ ሰሌዳው ይመለስለታል ።,3
ለተሳፋሪ ከተፈቀደው ታሪፍ በላይ ጨምሮ እንዲከፍል ማድረግ,3
ባለንብረት ወይም ተቀጣሪ ኣሽከርካሪ ከኣንድ ቦታ ወደ ሌለኛው ቦታ መጓጓዝ የሚከፈል ዋጋ ብሎ መንግስት ወስኖ ካስቀመጠው ክፍያ በላይ አስከፍሎ ሲገኝ በዚህ ደንብ ከተቀመጠው የቅጣት መጠን በተጨማሪ የተቀበለውን ትርፍ ገንዘብ ለከፈለው ይመልስለታል ፣,3
በባለንብረት ወይም ተቀጣሪ ኣሽከርካሪ ተጓዥ ወደማይሄድበት ርቀት ታሪፍ ጨምሮ እንዲከፍል ያደረገ በዚህ ደንብ ከተቀመጠው የቅጣት መጠን በተጨማሪ ተጓዥ ያልተጠቀመበት ትርፍ ገንዘብ ይመልስለታል ።,3
የረዳትና ገንዘብ ያዥ ቅጣት ኣፈፃፀም,3
የኣሽከርካሪ ረዳት ወይም ገንዘብ ተቀባይ,3
ረዳት ወይም ገንዘብ ተቀባይ ለፈፀመው ጥፋት የተወሰነለት ቅጣት ለመፈፀም ፍቃደኛ በማይሆንበት ጊዜ ቅጣቱ ባለንብረት ይከፍለዋል ፣,3
በዚህ ኣንቀፅ ንኡስ ኣንቀፅ 1 መሰረት የተቀመጠው ቅጣት ባለንብረት ለመክፈል ፍቃደኛ ሳይሆን ከቀረ ቅጣቱ ተፈፃሚ እስከሚሆን የተሽከርካሪው ሰሌዳ ተፈቶ በፖሊስ ጣብያ ተቀምጦ ይቆያል ።,3
ስለ ቅጣት ኣፈፃፀም,3
ኣንድ ኣሽከርካሪ ወይም የተሽከርካሪው ባለንብረት ወይም የኣሽከርካሪ ረዳት በኣንድ ጊዜ በተለያዩ የጥፋት ደረጃዎች ውስጥ የተለያዩ ጥፋቶች ፈፅሞ ሲከሰስ የሁሉም ጥፋት ዓይነት ቅጣት ተደምሮ ይቀጣል ፣,3
ኣንድ ኣሽከርካሪ ወይም የተሽከርካሪ ባለንብረት ወይም የኣሽከርካሪ ረዳት ባንድ ጊዜ በኣንድ የደረጃ ጥፋት ከተቀመጡ ጥፋቶች ውስጥ የተለየ ጥፋት ፈፅሞ ሲከስስ ለጥፋት ደረጃው የተቀመጠ የቅጣት መጠን ብቻ ይቀጣል ፣,3
ደንብ ተላላፊው ጥፋቱ ኣምኖ ክስ ወረቀት ከተቀበለ በኃላ የተወሰነለት ገንዘብ መጠን ገንዘብ ባለመያዙ ጊዜ ይሰጠኝ የሚል ጥያቄ ኣቅራቢ ኣሽከርካሪ ከሆነ መንጃ ፍቃድ ፣ ባለንብረት ፣ ረዳት ወይም ገንዘብ ተቀባይ ከሆነ ሊብሬ ወይም ኣንድ ሰሌዳ ዋስትና የማስያዝ ክሱ ከተሰጠበት ቀን ጀምሮ 10 ተከታታይ ቀናት ጊዜ ይሰጠዋል ።,3
በ10 ተከታታይ ቀናት ውስጥ መንጃ ፈቃድ የለህም ወይም ሰሌዳ የሌለው ተሽከርካሪ ኣሽከርክረሃል ተብሎ ሊቀጣ ኣይችልም ፣,3
ከተሰጡት ኣስር የስራ ቀናት በኃላ ለሚመጡ ተከሳሾች,3
ከ01-15 ቀናት ኣሳልፈው ለሚመጡ ተከሳሾች በመጀመሪያው ቅጣት ላይ 25 % በመጨመር እንዲከፍሉ ይደረጋል ፣,3
ከ16-30 ቀናት ኣሳልፈው ለሚመጡ ተከሳሾች በመጀመሪያው ቅጣት ላይ 50 % በመጨመር እንዲከፍሉ ይደረጋል ፣,3
ከ31-60 ቀናት ኣሳልፈው ለሚመጡ ተከሳሶች በመጀመሪያው ቅጣት ላይ 100 % በመጨመር እንዲከፍሉ ይደረጋል ፣,3
ጥፋት ፈፅሞ ቅጣት ከተመወሰነለት ቀን ጀምሮ በ70 ቀናት ውስጥ ቅጣቱ ለመፀም ካልቻለ ይዝዋት የነበረ ተሽከርካሪ ካለችበት ተፈልጋ ለ5 ቀናት 2 ታርጋ ተፈትቶ በፖሊስ ጣብያ እንዲቀመጥ በማድረግ ተሽከርካሪው እንዲቆም ይደረጋል ፣ ከ5 ቀናት በኃላ በመጀመሪያው ቅጣት ላይ 100 % በመጨመር ሲከፍል ሰሌዳ ይሰጠዋል ።,3
ሰሌዳ የተፈታበት ተሽከርካሪ ባለንብረት በፈለገበት ቦታ ወስዶ ማስቀመጥ ይችላል ፣,3
በ90 ቀናት ውስጥ ግዴታው በመፈፀም ያስያዘው ሰሌዳ ወይም መንጃ ፈቃድ ለመውሰድ ካልቻለ የተያዘ ሰሌዳ ወይም መንጃ ፈቃድ በየደረጃው ላለ ኮንስትራክሽን መንገድ ትራንስፖርት ፅሕፈት ቤት ገቢ ይደረጋል ።,3
ከሚመለከተው ፅሕፈት ቤት የይለፍ ፍቃድ ወይም መውጫ ሳይዝ መስመር ላይ የተያዘ ኣሽከርካሪ ወይም ባለንብረት ለዚህ ጉዳይ በዚህ ደንብ የተቀመጠ ቅጣት እንደተጠበቀ ሆኖ በተጨማሪ ተሽከርካሪው ለሶስት ቀናት በፖሊስ ፅሕፈት ቤት ሊቆም ይችላል ።,3
የይግባኝ መብት,3
ይህን ደንብ በመተላለፍ የተከሰሰ ኣሽከርካሪ ይሁን የተሽከርካሪ ባለንብረት ፣ ረዳት ወይ ገንዘብ ተቀባይ በተሰጠው ቅጣት ቅሬታ ካለው ኣሽከርካሪ ከሆነ መንጃ ፈቃድ ፣ ባለንብረት ባለንብረት ፣ ረዳት ወይ ገንዘብ ተቀባይ ከሆነ የንብረት ባለይዞታነት ማረጋገጫ ወይም ኣንደኛው ሰሌዳ በማስያዝ በ12 የስራ ቀናት ውስጥ ከቅርብ የፖሊስ ትራፊክ ኣዛዠ ጀምሮ እስከ ኮሚሽነር ኣቤቱታው ማቅረብ ይችላል ፣,3
በኣንቀፅ 11 ንኡስ ኣንቀፅ 1 መሰረት ለኣቤቱታው የተሰጠው ውሳኔ ቅር የተሰኘ ወገን ከተከሰሰበት ቀን በኣስራ ኣምስት የስራ ቀናት ውስጥ ወደ መደበኛ ወረዳ ፍርድ ቤት ኣቤቱታው ማቅረብ ይችላል ።,3
ፍርድ ቤቱ የሰጠው ውሳኔ የመጨረሻ ይሆናል ፣,3
ከኣስራ ኣምስት የስራ ቀናት በኃላ የሚቀርብ ኣቤቱታ ወይም ሌላ ምክንያት ተቀባይነት የለውም ።,3
ውሳኔን ተግባራዊ ያለማድረግ,3
የመንገድ ላይ ትራፊክ ድሕነነት ደንብ በመተላለፍ ምክንያት ቅጣት የተወሰነለት ኣሽከርካሪ ፣ ባለንብረት ፣ ረዳት ወይም ገንዘብ ተቀባይ ወይም የይግባኝ መብቱ የተጠበቀ ሆኖ በይግባኝ ወይም በሌላ ምክንያት ያልተሻረ ውሳኔ ለመፈፀም ተቀጪ ፍቃደኛ ካልሆነ በተገኘበት ቦታ ተይዞ ሰሌዳው ተፈቶ ቅጣት እስኪፈፅም በፖሊስ ፅሕፈት ቤት የቆያል ፣,3
በባለንብረት ወይም ኣሽከርካሪ ሰሌዳው የተፈታበት ተሽከርካሪ በፈለገው ቦታ ወስዶ ማስቀመጥ ይችላል ፣,3
ሰሌዳ ተፈቶ እያለ በመንገድ ላይ ተሽከርካሪው እያሽከረከረ ሲገኝ በዚህ ደንብ መሰረት ተቀጥቶ ተሽከርካሪው እንድትቆም ይደረጋል ፣,3
መንጃ ፍቃዱ ተይዞ እያለ ተሽከርካሪ በመንገድ እያሽከርከረ የተገኘ ኣሽከርካሪ በዚህ ደንብ መሰረት ተቀጥቶ ሲያሽከረክረው የተገኘ ተሽከርካሪ በትራፊክ ፖሊስ ተይዞ የተወሰነለት ቅጣት እስከሚፈፅም ድረስ ድህንነቱ በሚጠበቅበት ቦታ እንዲቆም ይደረጋል ።,3
ቁጥጥር የመንገድ ትራፊክ መቆጣጠሪያ ደንብ ተላላፊዎች መቅጫ ሲጣስ የመቆጣጠር ስልጣን ያለው ትራፊክ ፖሊስ ብቻ ነው ፣,3
ተደጋጋሚ ጥፋቶችን በሚፈፅሙት ላይ የሚፈፀም ቅጣት,3
በኣንድ ዓመት ውስጥ ተመሳሳይ ሆነ የማይመሳሰል የጥፋት ዓይነት ደረጃ ሶስት ጊዜ ለፈፀመ ከፍተኛው ቅጣት ብር 500.00 ይቀጣል ።,3
ለኣራተኛ ጊዜ ሲያጠፋ ከገንዘብ ቅጣቱ በተጨማሪ ለሶስት ወር መንጃ ፍቃዱን ይነጠቃል ፣ ለኣምሰተኛ ጊዜ ሲያጠፋ መንጃ ፍቃዱ ለስድስት ወራት ይነጠቃል ፣ ለስድስተኛ ጊዜ ሲያጠፋ ደግሞ መንጃ ፍቃዱን ለኣንድ ኣመት ይነጠቃል ፣ ለሰባተኛ ጊዜ ሲያጠፋ መንጃ ፈቃዱን ለሁሉ ጊዜ ይነጠቃል ፣,3
በኣምስተኛ ደረጃ የጥፋት ዓይነት ሶስት ጊዜ ካጠፋ ከገንዘብ ቅጣቱ በተጨማሪ መንጃ ፍቃዱን ለስድስት ወር ይነጠቃል ። ለኣራተኛ ጊዜ ጥፋት ከገንዘብ ቅጣቱ በተጨማሪ መንጃ ፈቃዱን ለኣንድ ኣመት ይነጠቃል ።,3
ለኣምሰተኛ ጊዜ ጥፋት የመንጃ ፈቃዱን ለሁሉ ጊዜ ይነጠቃል ፣,3
ከኣንድ ዓይነት ደረጃ ጥፋት ከመጀመሪያው ጥፋት ደረጃ ዓይነት የተለያ ከሆኑ በመጀመሪያው ላይ ተደምሮ ይቀጣል ፣,3
ለሁለተኛ ጊዜ የተፈፀመው ጥፋት ከመጀመሪያው የጥፋት ደረጃ የተለየ ከሆነ ከመጀመሪያው ላይ ተደምሮ ይቀጣል ፣,3
የሪከርድ ኣመዘጋገብ ጥፋት በመፈፀም ወይም የትራፊክን ደንብ በመተላለፍ የቅጣት ውሳኔ የተሰጠው ጉዳዩ ከተወሰነበት ቀን ጀምሮ በየጊዜው በፖሊስ ፅሕፈት ቤት በለዥር እየተመዘገበ ቅጣቱ እስከሚፈፀም መንጃ ፍቃዱ በፖሊስ ፅሕፈት ቤት በመያዝ ቅጣቱ ሲፈፀም መንጃ ፍቃዱ ይሰጠዋል ፣ በፈፀመው ጥፋት ለሚታገድ ጥፋት ፈፃሚ በሌዥር እግዱ በመፈፀም እግዱ ማንኛውም ዓይነት ኣገልግሎት እንዳያገኝ ፋይሉ ወደሚገኝበት ኮንስትራክሽን መንገድ ትራንስፖርት ፅሕፈት የእግድ ይሁን የእግድ ስርዝ ደብዳቤ በየጊዜው በመላክ ተግባራዊ ያደርጋል ።,3
ሪከርድ መሰረዝ,3
በየጊዜው ተመዝግበው የሚያዙ ጥፋቶችና ቅጣቶች እያንዳንዱ ጥፋት ከተፈፀመባቸው ወይም ቅጣቱ ከተወሰነበት ቀን ከኣንድ ኣመት በኋላ እንደ ሪከርድ ተቆጥሮው ኣያስቀምጡም ።,3
ቅጣት ተግባራዊ የሚሆንበት ቦታ ማንኛውም ጥፋት ፈፃሚ ለፈፀመው ጥፋት ቅጣት ተፈፃሚ የሚሆነው ወይም የሚቀጣው ጥፋቱ በተፈፀመለት ቦታ በሚገኝ የፖሊስ ፅሕፈት ቤት ብቻ ይሆናል ።,3
የደንቢ ተቆጣጣሪ ትራፊክ ፖሊስ ስልጣንና ተግባር,3
ትራፊክ ፖሊስ ጥፋት ለፈፀመ ሰው የያዘት ተሽከርካሪ እንድትቆም በማድረግ መንጃ ፈቃድ በመቀበል ለደንብ ተላላፊ ክስ ወረቀት መልቶ በመስጠት ለተፈፀመው ጥፋት በደንቡ የተቀመጠው የገንዘብ መጠን ቅጣት በመወሰን ክስ ቻጅ ይሰጣል .,3
ተቀጪ በተወሰነለት ቅጣት ቅሬታ ሲኖረው ከፖሊስ ፅሕፈት ቤት ጀምሮ እስከ ኮሚሽነር እንዲሁም እስከ መደበኛ ፍርድ ቤት ሂዶ ቅሬታ ማቅረብ መብቱ መሆኑ ለተከሳሽ ሊገልፅለት ይገባል ፣,3
ደንብ ተላልፋሃል ተብሎ የተከሰሰው ኣሽከርካሪ ጥፋቱ ዓይነት የሚገልፅ ፍርም ሞልቶ ይሰጣል ፣,3
የክስ ቻርጅ ለተከሳሽ ይሰጣል ፣ የክሱ ቅጅና የያዘው የማሽከርከሪያ ፈቃድ ለሚመለከተው የፖሊስ ፅሕፈት ቤት በ24 ሰዓት ውስጥ ያቀርባል ፣,3
የፖሊስ ፅሕፈት ቤት የገቢዎች ልማት ባለስልጣን ባወጡት ኣሰራር መሰረት በየቀኑ የተሰበሰበው ገንዘብ ወደ ባንክ ወይም ወደ ገቢዎች ባለስልጣን ገቢ ያደርጋል ፣,3
ተላላፊዎች የሚያደናቅፉ ነገሮች እንዲነሱ ለሚመለከተው ያሳውቃል ፣ ከስልጣኑ ደረጃ ጋር የተያያዙ የሚያደናቅፉ ነገሮች እንዲነሱ ያደርጋል ፣ ባለንብረት ለማስነሻ የወጣ ወጪ እንዲሸፍን ያደርጋል ፣,3
ኣመታዊ የተሽከርካሪ ደህንነት ምርመራ ያለ ኣደረገ ተሽከርካሪ ሲያሽክረከር ላገኘው ኣሸከርካሪ የክስ ፎርም ሞልቶ ከሰጠ በሃላ ተሽከርካሪ ዓመታዊ ምርመራ እስክታደርግ የፊት ወይም የሃላ ታርጋ ተፈቶ በፖሊስ ፅሕፈት ቤት ተቀምጦው ይቆያል ፣,3
ፖሊስ ትራፊክ ከቅጣት የሰበሰበው ገንዘብ በየቀኑ ለሚመለከተው ፅሕፈት ቤት ደረሰኝ እየተቀበለ ገቢ ያደርጋል ፣,3
በበዓላት ምክንያት የሰበሰው ገንዘብ በየቀኒ ገቢ ለማረግ በማይቻልበት ጊዜ በንጋቱ ጥዋት ገቢ ያደርጋል ፣,3
ቅዳሜና እሁድ የሰበሰበው ገንዘብ ሰኞ ጥዋት ወደ ስራ ከመስማራቱ በፊት ገቢ ያደርጋል ።,3
የተለያዩ ድንጋጌዎች,3
የተፈፃምነት ወሰን ይህ ደንብ በትግራይ ብሄራዊ ክልላዊ መንግስት ክልል ውስጥ ተፈፃሚ ይሆናል ።,3
የመተባበር ግዴታ ይህንን ደንብ ተግባራዊ ለማረግ መንግስታዊ ሆነ መንግስታዊ ያልሆነ ድርጅቶች ፣ የትራንስፖርት ማህበራትና ግለሰቦች የመተባበር ግዴታ ኣለባቸው ።,3
መመሪያ ስለማውጣት,3
የኮንስትራክሽና መንገድ ትራንስፖርት ቢሮ ይህንን ደንብ በሚገባ ማስፈፀም የሚችሉ ኣስፈላጊ መመሪያዎች ሊያወጣ ይችላል ።,3
የማሻሻል ወይ የመሻር ስልጣን,3
ይህ ደንብ ለማሻሻል ወይም ለመሻር ስልጣን ያለው የትግራይ ብሄራዊ ክልላዊ መንግስት የስራ ኣስፈፃሚ ምክር ቤት ነው ።,3
ደንብን ስለመሻር,3
ደንብ ቁጥር 27 / 96 ወይም ይህንን ደንብ የሚቃረን ደንብ ልማዳዊ ኣሰራሮች በዚህ ደንብ ለተፈሸኑ ጉዳያት ተፈፃሚነት ኣይኖሮውም ።,3
ደንብ የሚፀናበት ጊዜ ይህ ደንብ በትግራይ ክልል ነጋሪት ጋዜጣ ታትሞ ከወጣበት ጊዜ ጀምሮ የፀና ይሆናል ።,2
ደንብ ቁጥር 71 / 2004 ዓ.ም,2
የተሻሻለ የትግራይ ብሄራዊ ክልላዊ መንግስት የመንግስት ሰራተኞች የዲስፒሊን ኣፈፃፀም ስነ ስርዓት እና የቅሬታ ኣቀራረብ ደንብ የትግራይ ብሄራዊ ክልላዊ መንግስት የስራ ኣስፈፃሚ ምክር ቤት የተሻሻለው የመንግስት ሰራተኞች ኣዋጅ ቁጥር 189 / 2003 ዓ.ም ኣንቀፅ 91 መሰረት የሚቀጥለው ደንብ ኣውጥቷል ።,2
ጠቅላላ ድንጋጌዎች,2
ይህ ደንብ የተሻሻለ የመንግስት ሰራተኞች የዲስፕሊን ኣፈፃፀም ስነ-ስርዓት እና የቅሬታ ኣቀራረብ ደንብ ቁጥር 71 / 2004 ተብሎ ሊጠቀስ ይችላል ።,2
ኣዋጅ ማለት የትግራይ ብሄራዊ ክልላዊ መንግስት የተሻሻለ የመንግስት ሰራተኛ ኣዋጅ ቁጥር 189 / 2003 ነው ፣,2
በኣዋጅ ቁጥር 189 / 2003 ኣንቀፅ 2 የተሰጡት ትርጓሜዎች ለዚህም ደንብ የሚያገለግሉ ናቸው ፣,2
ቅሬታ ማለት የመንግስት ሰራተኛ ከቅርብ ኣለቃው ወይም ከሚመለከተው የስራ ሃላፊ ጋር በሚያደርገው ውይይት ሊፈታ ያልተቻለናበመደበኛ ስነ-ስርዓት የመጣራት ሂደት ምላሽ ሊያገኝ የሚገባው ኣቤቱታ ነው ፣,2
የኣቤቱታ ኣፈታት ባለ ሞያ ማለት በክልል እና በወረዳ በሲቪል ሰርቪስ የሚገኝ ከሰራተኛ እና ከመንግስት መስራቤት በይግባኝ የሚቀርቡ የሰው ሃይል ኣስተዳደር እና ዲስፒሊን የሚመለከቱ ጉዳዮች በኣዋጁ እና በዚህ ደንብ መሰረት መርምሮ ፍትሓዊ ውሳኔ የሚሰጥ የስራ ኣስፈፃሚ ባለሙያ ነው ፣,2
ጥፋት ማለት በሰራተኞች የሚፈፀም የኣሰራር ጥሰት እና የዲስፒሊን ጥፋት ማለት ነው ፣,2
ስንብት ማለት ኣንድ የመንግስት ሰራተኛ ከባድ የዲሲፕሊን ጥፋት በመፈፀሙ የሚሰጥ የመጨረሻ የዲስፕሊን ቅጣት ነው ፣,2
መስማማት ማለት በሰራተኛና በመንግስት መስራቤት መካከል የተፈጠረው ልዩነት በማስታረቅ ወይም በመረዳዳት እልባት እንዲያገኝ ማድረግ ማለት ነው ፣,2
የኣቤቱታ ኣፈታት የስራ ሂደት ማለት በኣዋጅ ኣንቀፅ 71 ፣ 72 ፣ 73 ለፅህፈት ቤትና ለቢሮ የተሰጠ ስልጣን በሰራተኞች የሚቀርብ የይግባይ ክርክር ቅሬታ ኣይቶ ውሳኔ የሚሰጥ የስራ ሂደት ማለት ነው ፣,2
የዲስፕሊን ቡዱን ማለት በዚሁ ደንብ መሰረት መደበኛ የዲስፕሊን ምርመራ የሚካሄድና የውሳኔ ሓሳብ የሚያቀርብ ግዚያዊ የዲስፕሊን ቡድን ማለት ነው ።,2
ኣቤቱታ ማለት በኣዋጅ ቁጥር 189 / 2003 ዓንቀፅ 72 / 2 / በተገለፁት ጉዳዮች የመንግስት ሰራተኛ የሚያቀርበው ሆኖ በሰው ሃይል ኣመራር ቢሮ ወይ ፅህፈት ቤት የስራ ሂደት መፍትሄ የሚሰጠው ነው ።,2
የፆታ ኣገላለፅ,2
በዚህ ደንብ በወንድ ፆታ የተገለፀው ሁሉ ለሴት ፆታም ይጨምራል ።,2
የተፈፃምነት ወሰን,2
ይህ ደንብ በትግራይ ብሄራዊ ክልላዊ መንግስት የመንግስት ሰራተኞች ህግ በሚተዳደሩ ላይ ተፈፃሚ ይሆናል ።,2
የድስፒሊን ኣፈፃፀም,2
የዲስፕሊን እርምጃ የመወስድ ስልጣንና ሃላፍነት,2
የድስፕሊን ቀላል ጥፋት,2
ማንኛውም የመንግስት ሰራተኛ ቀላል የዲስፕሊን ጥፋት የፈፀመ እንደሆነ እንደየ ጥፋቱ ክብደቱ ።,2
በቢሮው የስራ መሪ ወይም በመስሪያቤቱ ሃላፊ የስራ ሂደት ባለቤት የስራ ሂደቶች ድጋፍ ሰጪ ኣስተባባሪ ።,2
የቃል ማስጠንቀቅያ ወይም ፣,2
የፅሑፍ ማስጠንቀቅያ ሊቀጣ ይችላል ።,2
የዲስፕሊን ከባድ ጥፋት,2
ማንኛውም የመንግስት ሰራተኛ ከባድ የዲስፕሊን ጥፋት የፈፀመ እንደሆነ የቢሮው ስራ መሪ ወይም መስሪያቤት በኣዋጁና በደንቡ መሰረት ተጣርቶ በቀረበለት እንደ ጥፋቱ ክብደት መጠን ።,2
እስከ የኣንድ ወር ደመወዝ የሚደርስ ቅጣት ፣,2
እስከ የሶስት ወር የሚደርስ የደመወዝ ቅጣት ፣,2
ከሁለት ኣመት የማይበልጥ ከስራ ደረጃ ከደመወዝ ዝቅ ማድረግ ፣,2
ከስራ የማሰናበት ስልጣንና ሓላፊነት ይኖረዋል ።,2
ከስራ እና ከደመወዝ ማገድ,2
ማንኛውም የመንግስት ሰራተኛ በኣዋጁ ኣንቀፅ 69 ንኡስ ኣንቀፅ 1እና 2 መሰረት ለኣንድ ወር ከደመወዝ እና ከስራ ሊታገድ ይችላል ፣,2
ኣንድ ሰራተኛ ከስራ ሲታገድ የታገደበት ምክንያት በፅሑፍ ይገለፅለታል የሰራተኛው ኣድራሻ ባለመታወቁ ወይም በሌላ ምክንያት የማገጃ ትእዛዙን ለሰራተኛው ለራሱ መሰጠት ካልተቻለ ትእዛዙ በመስሪያቤቱ የማስታወቅያ ሰሌዳ ላይ ተለጥፎ ለኣምስት ተከታታይ የስራ ቀናት እንዲቆይ ይደረጋል ፣,2
የመንግስት ሰራተኛው በተከሰሰው ጥፋት ምክንያት ከስራ እንዲሰናበት ካልተወሰነበት በስተቀር በእግዱ ወቅት ሳይከፈልበት የቀረ ደመወዝ ያለወለድ ተከፍሎት ወደ ስራው ይመለሳል ፣,2
በኣዋጅ ኣንቀፅ 69 እንዳለ ሆኖ ሰራተኛው ከስራ የሚታገድበት ምኽንያት ።,2
ተከሳሽ ከተከሰሰበት ጥፋት ጋር ኣግባብነት ያለው ማስረጃ በማበላሸት ወይም በመደበቅ ለምርመራው ያሰናክላል ተብሎ ሲገመት ፣,2
ከስራው ባህሪ ጋር ተሳስሮ በመንግስት ንብረት ጉዳት ያደርሳል ተብሎ ሲጠርጠር ፣,2
የተከሰሰበት ጥፋት ከባድ ከመሆኑ የተነሳ የሌሎች ሰራተኞች ሞራል የሚነካ ወይም ተገልጋይ ህዝብ በመንግስት ስራና ሰራተኞች ሊኖረው የሚገባ እምነት የሚያሳጣ ከሆነ ፣,2
ጥፋቱ ከስራ የሚያባርረው ሆኖ ከተገመተ ነው ።,2
የዲስፒሊን ምርመራ,2
የተፋጠነ የዲስፕሊን ምርመራ,2
ማንኛውም የመንግስት ሰራተኛ በዚህ ደንብ ዓንቀፅ,2
ንኡስ ኣንቀፅ 1 ወይም 2 መሰረት የሚያስቀጣ ቀላል የዲስፒሊን ጥፋት የፈፀመ እንደሆነ እና የቢሮ ስራ መሪ ወይም የመስሪያቤት ሃላፊ ፣ የስራ ሂደት ባለቤት ፣ የስራ ሂደት ደጋፊ ኣስተባባሪ ፣ የፅሕፈት ቤት ሃላፊ ኣስፈላጊ ሆኖካገኘው ለጥፋቱ የሚያጣሩ ሁለትና ከሁለት በላይ የመንግስት ሰራተኞች ሊመድብ ይችላል ፣,2
ተከሳሽ የቀረበለትን ክስ በፅሑፍ ወይም በቃል እንዲያውቀው ተደርጎ መልሱ ይዞ ይቀርባል ፣,2
የሚመለከተው ሃላፊ የቀረበለት የውሳኔ ሓሳብ መርምሮ ውሳኔ ይሰጣል ፣,2
መደበኛ ማጣራት ማንኛውም የመንግስት ሰራተኛ በዚህ ደንብ ኣንቀፅ 6መሰረት በሚያስቀጣ የዲስፕሊን ጥፋት የተከሰሰእንደሆነ ክሱ በሚከተሉትን ድንጋጌዎች ተከትሎ ይጣራል ።,2
የክስ ፅሑፍ,2
የዲስፕሊን የክስ ፅሑፍ በቢሮው ስራ መሪወይም በመስሪያቤት ሃላፊ ወይም በስራ ሂደት ባለቤት ወይም በደጋፊ የስራ ሂደት ኣስተባባሪየተፈረመበትና የመስሪያቤቱ ማህተም የተደረገበት ሆኖ ።,2
የተከሳሽ ስም ፣,2
የጥፋቱ ዝርዝር ፣,2
ጥፋቱ የተፈፀበት ጊዜና ቦታ ፣,2
የተጣሰ የሕግ ድንጋገ,2
የማስረጃ ዝርዝር መያዝ ኣለበት ።,2
ተከሳሹ ከኣንድ በላይ በሆነ ጥፋት የተከሰሰ ከሆነ እያንዳንዱ ጥፋት ተለይቶ በዚህ ኣንቀፅ ንኡስ ኣንቀፅ 1 / ለ-ሰ / በተመለከተው መሰረት መግለፅ ኣለበት ።,2
ክስን ማሻሻል,2
በዲስፕሊን ክስ ፅሑፍ ውስጥ የተገለፀውን የጥፋቱ ዝርዝር በሚመለከት መሰረታዊ በሆነ ነጥቦች ላይ ስህተት ወይም ግድፈት መኖሩ ሲታወቅ የውሳኔ ሀሳብ ከመቅረቡ በፊት በማንኛውም ጊዜ ክሱን ማሻሻል ይቻላል ፣,2
ተከሳሽ ተሻሽሎ በቀረበ የዲስፒሊን ክስ ላይ መልስ የማቅረብ መብት ይኖረዋል ።,2
ክስ የሚቋረጥበት ሁኔታ,2
የዲስፕሊን ክስ የቀረበለት የመንግስት ሰራተኛ በማንኛውም ምክንያት ኣገልግሎት መስጠቱ ካቋረጠ ክሱን መታየት ያቆማል ፣,2
በከባድ የዲስፒሊን ጥፋት የተከሰሰ የመንግስት ሰራተኛ በራሱ ፍቃድ ስራውን በመልቀቁ ኣገልግሎቱ ኣቋርጦ እንደሆነ እና ስድስት ወር ከመምላቱ በፊት በማንኛውም የመንግስት መስሪያቤት ተመልሶ የተቀጠረ እንደሆነ የተቋረጠውን ክሲ እንደገና ሊታይ ይቻላል ።,2
ክስ ስለማስታወቅ,2
የዲስፒሊን ቡድን ክስ የቀረበለት መልሱን ይዞ እንዲቀርብ የክሱ ፅሑፍና ማስረጃዎች ቅጅ ኣያይዞ ይልክለታል ፣,2
ክሱ የሚሰማበትን ቦታ ፣ ቀንና ሰዓትን የሚገልፅ ሆኖ ቢያንስ ክሱን ከሚሰማበት ቀን ከኣምስት የስራ ቀናት በፊት ለተከሳሽ መድረስ ኣለበት ፣,2
ሰራተኛው ሊገኝ ባለመቻሉ ወይም ለመቀበል ፍቃደኛ ባለመሆኑ የክሱን ማስታወቅያውን ለመሰጠት ያልተቻለ እንደሆነ የክሱን ማስታወቅያ በመስሪያቤቱ የማስታወቅያ ሰሌዳ ላይ ተለጥፎ ለ5 ተከታታይ የስራ ቀናት እንዲቆይ ይደረጋል ፣,2
ጥፋት ፈፅሞ ተብሎ ክስ የቀረበለት ሰራተኛ በተለያየ ምክንያት በፊልድ በእስራት ፣ በህመም ወይ ከኣቅሙ በላይ በሆነ ሌላ ምክንያት በስራ ያልነበረ እንደሆነ ወደ ስራው ከተመለሰበት በ5ት ተከታታይ የስራ ቀናት ክሱን እንዲያውቀው ይደረጋል ።,2
የመጀመሪያ ደረጃ የክስ መቃወምያ,2
በዚህ ደንብ ኣንቀፅ 13 መሰረት የክስ ፅሑፍ የደረሰው ተከሳሽ ።,2
ክሱን በኣዋጅ መሰረት በይርጋ የተዘጋ እንደሆነ ፣,2
ተፈፀመ የተባለ ድርጊት በድስፕሊን ሊያስከሰስ የማይችል ከሆነ ፣ ወይም,2
በተከሰሰበት ጉዳይ ቀደም ሲል ውሳኔ የተሰጠበት ከሆነ ፣ ክሱን ሊታይ ኣይገባም በማለት መቃወምያው ሊያቀርብ ይችላል ።,2
የዲሰፕሊን ቡድን,2
የቀረበውን መቃወምያ የተቀበለው እንደሆነ ክሱ እንዲዘጋ ለክስ ኣቅራቢው የውሳኔ ሓሳብ ያቀርባል ወይም,2
መቃወሚያውን ያለተቀበለው ከሆነ ተከሳሹ ለቀረበበት ክስ መልስ እንዲሰጥበት ያዘዋል ።,2
የክስ መልስ,2
የዲስፕሊን ክስ የቀረበለት የመንግስት ሰራተኛ ለቀረበለት ክስ የሚያምን ወይም የሚክድ ከሆነ ይህንኑ መልሱ በዝርዝር በመግለፅ መልሱ በፅሑፍ ያቀርባል ፣,2
የክስ መልስ ተከሳሹ ወይም ሕጋዊ ወኪሉ የፈረመለት ሆኖ ።,2
በክሱ ስለተገለፁው እያንዳንዱ ድርጊት ወይም ጥፋት ኣስመልክቶ የተሰጠ መልስ እና ።,2
ተከሳሹ እንዲታይለት የሚፈልጋቸውን የመከላከያ ማስረጃዎች በዝርዝር መያዝ ኣለበት ፣,2
ተከሳሹ ከዘረዘራቸው የመከላከያ ማስረጃዎች መካከል በእጅ የሚገኙትን የፅሑፍ ማስረጃዎች ቅጅ ኣያይዞ ማቅረብ እና የዲስፕሊን ቡድኑ እንዲቀርብለት የሚፈልገው ማስረጃዎች ዳግም በማን እጅ እንደሚገኙ መግለፅ ኣለበት ።,2
በማመን ወይም በመካድ የተሰጠ መልስ,2
ተከሳሹ ክሱን በማመን መልስ የሰጠ እንደሆነ የዲስፕሊን ኮሚቴው ተጨማሪ ማጣራት ማድረግ ኣስፈላጊ ሆኖ ካላገኘው በስተቀር የቀረበውን ክስ እና የተሰጠው መልስ በመመርመር የውሳነ ሓሳብ ያቀርባል ፣,2
ተከሳሽ ከቀረበለት ጥፋት ካለመነ የድስፕሊን ኮሚቴው የተከሳሽና የከሳሽ ምስክሮች በመስማት እና የፅሑፍ ማስረጃዎች በመመርመር ክሱን ያጣራል ።,2
ማስረጃዎች ስለማቅረብ ተከሳሹ እንዲቀርቡለት የሚጠይቃቸው የፅሑፍ ማስረጃዎች ከሚመለከተው ኣካል እንዲቀርብለት ሊጠይቅ ይችላል ።,2
ምስክሮች ስለመጥራት,2
የከሳሽ እና ተኸሳሽ ምስክሮች ቀርበው የምስክርነት ቃላቸው እንዲሰጡ የዲስፕሊን ቡድን መጥሪያ እንዲደርሳቸው ያደርጋል ፣,2
በኣንድ በተያያዘ ጭብጦች ላይ ቃላቸው የሚሰጡ ምስክሮች በኣንድ ጊዜ ተጠርተው ተራ በተራ በየተራቸው እየቀረቡ እንዲሰሙ ይደረጋል ፣,2
የዲስፕሊን ቡድን ኣስፈላጊ ሆኖ ሲያገኘው ተጨማሪ ምስክሮች ቀርበው የምስክርነት ቃላቸውን እንዲሰጡ ሊያደርግ ይችላል ።,2
ምስክር ስለ መሰማት,2
የዲስፕሊን ቡድን የምስክርነት ቃል የሚቀበለው ከሳሽ እና ተከሳሽ በተገኙበት ጊዜ ይሆናል ፣,2
የዚህ ኣንቀፅ ንኡስ ኣንቀፅ / 1 / ድንጋጌ እንዳለ ሆኖ ፣ -,2
የከሳሽ ምስክር በሚሰሙበት ጊዜ ተከሳሽ እንዲቀርብ ተነግሮት በቆጠረው ቀን ሳይቀርብ ከቀረ ።,2
የተከሳሽ መከላከያ ምስክሮች በሚሰሙበት ጊዜ ከሳሽ እንዲቀርብ ተነግሮት ሳይቀርብ ከቀረ ምስክሮቹ ከሳሽ በሌለበት ሊሰሙ ይችላሉ ፣,2
የዲስፕሊን ቡድኑ ምስክሩን ከክሱ በተያያዘ የሰማው ወይም ያየው ወይም የተገነዘበው ነገር እንዲያስረዳ እየጠየቀ የሚሰጠው መልስ ቃል በቃል ይመዘግባል ፣,2
የዚህ ኣንቀፅ ንኡስ ኣንቀፅ / 3 / የተደነገገ ቢኖርም እንኳ ለምስክር የጠራ ተከራካሪ ወገን ለምስክሩ ተጨማሪ ጥያቄዎች በመጠየቅ የሚሰጠው መልስም እንዲመዘገብለት ሊጠይቅ ይችላል ፣,2
ተከሳሽ የከሳሽ ምስክሮች ከሳሽ ዳግም የተከሳሽ ምስክሮች መስቀለኛ ጥያቄ ሊጠይቁ ይችላሉ ፣,2
መስቀለኛ ጥያቄ የሚቀርብበት ምስክሩ የሚሰጠው ትክክለኛ ያለሆነ የምስክርነት ቃል ካለ እሱን በግልፅ ለዲስፕሊን ቡዱኑ ለማሳየት ነው ።,2
የተከሳሽ የመጨረሻ ሓሳብ የዲስፕሊን ቡዱኑ ምርመራውን ማጣራት ከማጠናቀቁ በፊት ተከሳሽ የመጨረሻ ሓሳቡን እንዲሰጥ እድል ይሰጠዋል ።,2
የምርመራው ሪፖርት,2
የዲስፕሊን ቡዱን ምርመራው ከጨረሰ በኋላ የምርመራው ውጤትና የውሳኔ ሓሳቡን የያዘ ሪፖርት ለክስ ኣቅራቢው ያቀርባል ፣,2
የምርመራው ውጤት የተከሳሹን ጥፋተኛነት የሚያረጋግጥ ከሆነ የዲስፕሊን ቡድኑ የሚያቀርበው ውሳኔ ሓሳብ ሊወሰድበት የሚገባው የዲስፕሊን ቅጣት ማመላከት ፣,2
የዲስፕሊን ቡድኑ ቅጣቱን በሚመለከት የሚቀርበው የውሳኔ ሓሳብ ።,2
የጥፋቱ ክብደትና ድርጊቱ የተፈፀመበትን ሁኔታ ፣,2
ተከሳሹ ባለፈው የኣገልጋሎት ዘመኑ ያሳየ ውን የነበረ የስነ-ምግባርና የስራ ውጤትን ፣,2
የተከሳሹ ቀደም ሲል የነበረው የጥፋት ሪከርድ ያገናዘበ መሆኑን ኣለበት ፣,2
የምርመራ ውጤቱ ለተከሳሽ የጥፋተኛነት የሚያረጋግጥ ካልሆነ ከክሱ ነፃ መሆኑነ የሚገልፅ መረጃ እንዲደርስዎ ያደረጋል ፣,2
የቢሮ ስራ መሪ ወይም የመስሪያቤት ሃላፊ ውሳኔ,2
በዚህ ደንብ ኣንቀፅ 21 መሰረት የቀረበለት ሪፖርት ከመረመረ በኋላ የኮሚቴውን የውሳኔ ሓሳብ ለማፅደቅ ወይም በቂ ምክንያት ሲኖረው ።,2
ከቀረበለትን ውሳኔ ሓሳብ ሊያሻሽል ፣ ሊለውጥ ፣ ሊሽር ፣ ሊያፀድቕ ይችላል ፣,2
ኮሚቴው ጉዳዩን እንደገና እንዲመረምረው ለማዘዝ ይችላል ፣,2
በዚህ ኣንቀፅ ንኡስ ኣንቀፅ / 1 / የተሰጠው ውሳኔ ለሰራተኛው በፅሑፍ መሰጠት ኣለበት ።,2
የሰራተኛው ኣድራሻ ባለመታወቁ ወይም በሌላ ምክንያት ውሳኔውን መሰጠት ካልተቻለ በመስሪያቤቱ በማስታወቅያ ሰሌዳ ላይ ለተከታታይ ለ5 የስራ ቀናት ተለጥፎ ይቆያል ፣,2
ውሳኔው ከኣንድ ወር ደመወዝ እስከ ከስራ የመሰናበት የሚደርስ የዲስፕሊን ቅጣት የሲቪል ሰርቪስ ቢሮ በግልባጭ እንዲያውቀው ይደረጋል ።,2
የውሳኔ ኣፈፃፀም,2
ከስራ መሰናበት ውጭ ያለው የዲስፕሊን የቅጣት ውሳኔዎች ተግባራዊ የሚሆኑት ፣ ሰራተኛው ውሳኔውን በዚህ በደንብ ኣንቀፅ 22 / 2 / መሰረት እንዲያውቀው ከተደረገ ከ30 ቀናት በኋላ ነው ።,2
ሆኖም ሰራተኛው በዚህ በደንብ ኣንቀፅ 37 መሰረት ይግባይኝ ያቀረበ እንደሆነ የይግባኙ ላይ ውሳኔ እስከሚሰጠው ድረስ ኣፈፃፀሙ ታገዶ ይቆያል ፣,2
ከስራ በመሰናት የሚፈፅም ቅጣት በዚህ ደንብ ኣንቀፅ 37 መሰረት ሰራተኛው ይግባኝ ኣቅርቦ ኣፈፃፀሙ እንዲቆም ወይ እንዲያቋርጥ ካላሳገደው በስተቀር በዚህ ደንብ ኣንቀፅ 22 / 2 / መሰረት ውሳኔውን እንዲያውቀው ከተደረገበት ቀን ጀምሮ ተግባራዊ ይሆናል ።,2
የዲስፕሊን ቡድን,2
የዲስፕሊን ቡድን ማቋቋም ማንኛውም የመንግስት መስሪያቤት በዚህ ደንብ መሰረት መደበኛ የዲስፕሊን ምርመራ የሚያካሂድና የውሳኔ ሃሳብ የሚያቀርብ ጊዚያዊ የዲስፕሊን ቡድን ያቋቁማል ።,2
የዲስፕሊን ኮሚቴ ኣባሎች,2
በክልል መስሪያቤት በስራ መሪ ወይም በደጋፊ የስራ ሂደት ኣመራር የሰው ሃይል ኣመራር በወረዳ ደግሞ በመስሪያቤቱ ኣለቃ የሚመረጡ ሶስት ወይም ኣምስት ኣባሎች ያለው ይሆናል ፣,2
ከጠቕላላው የድስፕሊን ቡድን ኣባሎች ቢያንስ ኣንድ ወይም ሁለት ሴቶች እንዲሆኑ ይደረጋል ።,2
የቡድኑ ኣባላት የኣባልነት መመዘኛ ማንኛውም የቡድን ኣባል ፣ -,2
በመልካም ስነ-ምግባሩና በስራ ኣፈፃፀሙ የተመሰገነ ፣,2
ባለፉት ሁለት ኣመታት ውስጥ በዲስፕሊን ጉድለት ያልተቀጣ ፣,2
የመስሪያቤቱን ምስጥር የማያባክን ፣,2
በኣስተዳደር የሰው ሃይል ኣመራር እውቀት ያለው ቢሆን ይመረጣል ።,2
የኣገልግሎት ዘመን,2
የዲስፕሊን ኮሚቴ የኣገልግሎት ዘመን የያዘውን በሂደት የድስፕሊን ክስ ማጣራት እስከሚያጠናቅቅ ይሆናል ።,2
ይሁን እንጂ በሌላ ጊዜ ሌላ የዲስፕሊን ክስ ሲፈፀም እንደገና ሊመረጡ ይችላሉ ።,2
የዲስፕሊን ቡድን ስብሰባ ስነ-ስርዓት,2
የዲስፕሊን ቡድኑ በተመረጠበት ጊዜ ስራውን እንዲጀምር ይደረጋል ፣,2
ምልኣተ ጉባኤ 50 % ሲደመር ኣንድ ይሆናል ፣,2
ቡድኑ የሚያቀርበው የውሳኔ ሓሳብ በድምፅ ብልጫ ይሆናል ድምፁ እኩል ከሆነ ሰብሳቢው ያለበት ወገን ያቀረበው ሓሳብ ያልፋል ።,2
በሁለቱ ወገን የቀረበ መነሻ የውሳኔ ሃሳብ ከነ ምክንያቱ ወደ ክስ ኣቅራቢ ያቀርባል ፣,2
የድስፕሊን ኮሚቴው ኣጠርቶ የመጨረሻ የውሳኔ ሓሳብ እና ኣስተያየት ለክስ ኣቅራቢው በኣምስት ቀኖች ውስጥ ያቀርባል ፣,2
ክስ ኣቅራቢው የቀረበለት መነሻ የውሳኔ ሃሳብ መሰረት በማድረግ በሁለት ቀኖች ወስጥ ውሳኔ ይሰጣል ።,2
ከሰብሰባ መነሳትና ከኣባልነት መሰረዝ,2
ማንኛውም የዲስፕሊን ኮሚቴ ኣባል ክስ ከቀረበበት ሰራተኛ ጋር ፀብ ፣ የስጋ ወይም የጋብቻ ዝምድና ያለው መሆኑ ከተረጋገጠ በመስሪያቤቱ ከምርመራው ሊያነሳው ወይም በራሱ ሊነሳ ይችላል ፣,2
ማንኛው የኮሚቴው ኣባል ።,2
በኮሚቴው በመታየት ላይ ያለ ጉዳይ በሚመለከት ምስጢር ያባከነ ፣,2
የኮሚቴውን ስራ በማናቸውም ኣኳሃነ ያደናቀፈ ፣ እንደሆነ ከኣባልነት ሊሰረዝ ይችላል ።,2
የቅሬታ ኣቀራረብ ስነ-ስርዓት,2
የመንግስት ሰራተኞችን ቅሬታዎች የማስተናገጃ ስርዓት ዓለማ ።,2
ለቅሬታዎች ኣፋጣኝ መፍትሔ በመስጠት ፣,2
ለቅሬታዎች መንስኤ ሊሆኑ የሚችሉ ስህተቶችንና በማረም እና ፣,2
ሁሉንም ሰራተኞች እኩል ለማስተናገድ የሚያስችል ፣ ፍትሓዊ የሆነ ኣሰራር የሚያሰፍን እና የሰመረ የሰራተኛ ግንኙነት እንዲዳብር በማሰብ ነው ።,2
ቅሬታ የማቅረብ መብት,2
ማንኛውም የመንግስት ሰራተኛ ሕጋዊ መብቴ ጎድሎብኛል ወይም በደል ተፈፅሞብኛል በማለት ቅር የተሰኘ እንደሆነ ቅሬታው እንዲታይለትና የመፍትሄ እርምጃ እንዲወሰድ መስሪያቤቱን የመጠየቅ መብት ይኖረዋል ፣,2
የዚህ ኣንቀፅ ንኡስ ኣንቀፅ / 1 / ኣጠቃላይ ድንጋገ እንደተጠበቀ ሆኖ ።,2
ከሕጎችና መምሪያዎች ኣተረጓጎም ወይ ኣፈፃፀም ፣,2
ከመብቶችና ጥቅሞች ኣጠባበቅ ፣,2
ከስራው ኣከባቢ ጤንነትና ድህንነት ሁኔታዎች ፣,2
ከስራ ምደባና ደረጃ ኣሰጣጥ ፣,2
ከስራ ምዘና ኣፈፃፀም ፣,2
በሃላፊዎች ከሚፈፀሙ ተገቢ ያልሆኑ ተፅእኖዎች ፣ ወይም,2
የኣገልግሎት ሁኔታዎችን ከሚመለከቱ ሌሎች ጉዳዮች ጋር በተያያዘ ምክንያት በደል ደረሰብኝ የሚል የመንግስት ሰራተኛ ቅሬታውን ሊያቀርብ ይችላል ።,2
የቅሬታ ማመልከቻ,2
ቅሬታው እንዲሰማለት የሚፈልግ የመንግስት ሰራተኛ የቅሬታ ማመልከቻውን መጀመሪያ ለስራ ሂደቱ ያቀርባል ፣,2
ሰራተኛው ቅሬታው በስራ ሂደቱ ካልተፈታ በክልል ደረጃ ወደ የሰው ሃይል ኣመራር ደጋፊ የስራ ሂደት ያቀርባል ፣,2
በወረዳ ለወረዳው የመስሪያቤት ሃለፊ ያቀርባል ፣,2
ዝርዝር ኣፈፃፀሙ ቢሮው በሚያወጣው መመርያ ይወሰናል ፣,2
ቅሬታ ማመልከቻ የሚከተሉትን መያዝ ኣለበት ፣,2
የኣመልካቹን ስም ኣድራሻ ፣,2
የስራ መደብን መጠሪያ ፣,2
የቅርብ ኣለቃው ስም ፣,2
የቅሬታው መንስኤ ፣,2
ደጋፊ ማስረጃዎች / ካሉ / ፣,2
ኣመልካቹ የሚሻውን መፍትሄ ፣,2
ቀንና ፊርማ ።,2
የቅሬታቸው መንስኤ ኣንድ ዓይነት የሆነ የመንግስት ሰራተኞች የቅሬታ ማመልከቻቸውን በተወካያቸው ኣማካይነት በቡድን ሊያቀርቡ ይችላሉ ።,2
የቅሬታ ማቅረቢያ ጊዜ ገደብ,2
በመስሪያቤቱ በሰው ሃይል ኣስተዳደር የተሰጠው ውሳኔ ቅር የተሰኘው ሰራተኛ በ5 የስራ ቀናት ውስጥ የቅሬታው መነሻና የሚፈልገውን መፍትሄ በመግለፅ ቅሬታውን በፅሑፍ ለመስሪያቤቱ ያቀርባል ፣,2
በዚህ ኣንቀፅ ንኡስ ኣንቀፅ / 1 / በተወሰነው የጊዜ ገደብ ውስጥ ከኣቅም በላይ በሆነ ምክንያት ቅሬታው ሊያቀርብ ያልቻለ የመንግስት ሰራተኛ ከኣቅም በላይ በሆነ ምክንያት በተወገደ በ5 የስራ ቀናት ውስጥ ማመልከቻውን ሊያቀርብ ይችላል ።,2
የውሳኔ ኣሰጣጥና ቅሬታን መመርመር,2
ቅሬታ የቀረበበት ኣካል የቅሬታ ማመልከቻ ሲቀርብለት በዚህ ደንብ ኣንቀፅ 32 የተደነገገው ኣማልቶ የቀረበ መሆኑን በማረጋገጥ ተቀብሎ ይመዘግባል ፣,2
ቅሬታ የቀረበለት ኣካል ፣,2
የቅሬታ ማመልከቻውና ኣግባብ ያላቸውን ማስረጃዎች በመመርመር ፣,2
ከኣመልካቹ እና የቅርብ ኣለቃው ወይም በጉዳዩ ላይ ውሳኔ ከሰጠው የስራ ሃላፊ ጋር በመወያየት ።,2
ኣግባብ ያላቸውን ሕጎች ፣ ደንቦች መመሪያዎች በማገናዘብ ቅሬታ ያጣራል ፣,2
ቅሬታ የቀረበለት ኣካል የቀረበለትን ቅሬታ ኣጣርቶ በ5 የስራ ቀኖች ውስጥ ውሳኔ በፅሑፍ ለቅሬታ ኣቅራቢ ሊሰጠው ያደርጋል,2
ከኣቅሙ በላይ የሆነ እንደሆነ ወደ ስራ መሪ ቀርቦ እንዲወሰን ያደርጋል ።,2
በወረዳ ደረጃ በመስሪያቤቱ በተሰጠው ውሳኔ ቅር ያለው ሰራተኛ ቅር ያለው ምክንያትና የሚፈልገው መፍትሄ በመግለፅ ወደ ወረዳ የሲቪል ሰርቪስ ፅሕፈት ቤት ቅሬታ ሰሚ ኣቅርቦ ውሳነ ያገኛል ፣,2
በዚሁ ኣንቀፅ ንኡስ ኣንቀፅ 4 የተሰጠ ውሳነ ቅር የተሰኘ ኣካል ወደ ሲቪል ሰርቪስ ፅህፈት ቤት ኣቤቱታ ሰሚ ያቀርባል ፣,2
በክልል ደረጃ በመስሪያቤት በተሰጠ ውሳኔ ቅር የተሰኘው ሰራተኛ ቅር የተሰኘበት ምክንያት እና የሚፈልገውን መፍትሄ በመግለፅ ወደ ክልል ሲቪል ሰርቪስ ቢሮ የሰው ሃይል ኣመራር የስራ ሂደት ኣቅርቦ ውሳነ ያገኛል ።,2
በዚሁ ኣንቀፅ ንኡስ ኣንቀፅ 6 የተሰጠ ውሳኔ ቅር የተሰኘ ኣካል ወደ ሲቪል ሰርቪስ ቢሮ ኣቤቱታ ሰሚ ያቀርባል ፣ በዚህ ኣካል የተሰጠ ውሳኔ የመጨረሻ ይሆናል ፣,2
በየደረጃው በተሰጠው ውሳኔ ያልተስማማ ሰራተኛ ወደ የስራ ሂደት የቅሬታ ሰሚ ሊያቀርብ የሚችለው ውሳኔው በመንግስት ሰራተኛው በፅሑፍ ከደረሰበት ቀን ጀምሮ በ10 ቀናት ውስጥ የተሰጠው ውሳኔ በመያዝ ይሆናል ፣,2
በዚህ ደንብ ኣንቀፅ 37 ንኡስ ኣንቀፅ 1-7 የተገለፁ ለዚህ ክፍልም ተግባራዊ ይሆናሉ ።,2
የይግባኝ ስነ-ስርዓት,2
ይግባኝ የሚባልባቸው ምክንያቶች የመንግስት ሰራተኛ በኣዋጁ ኣንቀፅ 72 በተዘረዘሩት ምክንያቶች ለክልልና ለወረዳ ኣቤቱታት ሰሚ ይግባኝ ሊያቀርበ የሚችለው ጉዳዩን በሚመለከተው ኣካል ውሳኔ ኣግኝቶ ይግባኝ ባይ የውሳኔ ግልባጭ በእጁ ከደረሰው ነው ።,2
የይግባኝ ማስታወቅያ,2
የመንግስት ሰራተኛው በዚህ ደንብ ኣንቀፅ 37 መሰረት ይግባኝ የሚያቀርበው የቢሮ ወይ የፅህፈት ቤት ሃለፊ በሰጠው የመጨረሻ ውሳኔ ቅር የተሰኘ ሰው ይግባኝ ሊያቀርብ ይችላል ፣,2
በዚህ ኣንቀፅ ንኡስ ኣንቀፅ / 1 / መሰረት የይግባኝ ማስታወቅያ የደረሰው የመንግስት መስሪያቤት የተጠየቀውን የመዝገብ ግልባጭ በተከታታይ 5 የስራ ቀናት ባልበለጠ ጊዜ ውስጥ ለሰራተኛው መስጠት ኣለበት ።,2
የይግባኝ ኣቀራርብና የጊዜ ገደብ,2
የመንግስት ሰራተኛ የሚያቀርበው የይግባኝ ማመልከቻ ይግባኝ በተባለበት ውሳኔ ላይ ተቃውሞ የቀረበበትን ምክንያትና ይግባኝ ባዩ እንዲተላለፍለት የሚፈልገውን ውሳኔ በግልፅ ማመልከት ኣለበት ፣,2
በመስሪያቱ የተሰጠ ውሳኔ ያልተስማማው የመንግስት ሰራተኛ ወደ ኣቤቱታ ሰሚ የስራ ሂደት ይግባኝ ሊያቀርበው የሚችለው ውሳኔው ለመንግስት ሰራተኛው በፅሑፍ ከደረሰበት ጊዜ ጀምሪ በ10 ቀናት ውስጥ የተሰጠው ይግባኝ ውሳኔ በመያዝ ፣ በክልል የሚገኝ መስሪያቤት የሚሰራ ሰራተኛ ከሆነ ወደ ሲቪል ሰርቪስ ቢሮ ፣ በወረዳ ወይ ከተማ መስሪያቤት የሚገኙ ሰራተኛች ደግሞ ወደ ወረዳ ወይም ከተማ ሲቪል ሰርቪስ ፅሕፈት ቤት ኣቤቱታቸው ያቀርባሉ ፣,2
የዚህ ኣንቀፅ ንኡስ ኣንቀፅ / 2 / ድንጋገ ቢኖርም ይግባኙ የዘገየው ከኣቅም በላይ በሆነ ምክንያት ከሆነ የመንግስት ሰራተኛው ከኣቅሙ በላይ የሆነው ምክንያት ከተወገደበት ጊዜ ጀምሮ በ5 ቀናት ውስጥ ለኣቤቱታ ሰሚ ቢሮ ወይም ለሲቪል ሰርቪስ ፅሕፈት ቤት ኣቤቱታውን ያቀርባል ፣,2
በዚህ ኣንቀፅ ንኡስ ኣንቀፅ / 3 / መሰረት ጊዜው ካለፈ በኋላ ይግባኝ እንዲቀርብ ለማስፈቀድ ሚቀርብ ማመልከቻ በጊዜው ይግባኝ ለማቅረብ ያልተቻለበትን ምክንያት በዝርዝር የሚገልፅ መሆን ኣለበት ።,2
ደጋፊ ማስረጃዎች ካሉም መያያዝ ኣለባቸው ፣,2
በወረዳ ወይም ከተማ የሲቪል ሰርቪስ ፅሕፈት ቤት ኣብዮቱታ ሰሚ ውሳነ የተሰጠው ሰራተኛ በውሳኔው ካልተሰማማ ወደ ክልል ሲቪል ሰርቪስ ቢሮ ኣብዮቱታ ሰሚ ኣቤቱታ ለማቅረብ የሚቻል በኣዋጅ ኣንቀፅ 72 ከሆነ በወረዳ ወይም በከተማ ፅሕፈት ቤት የተሰጠ ውሳኔ ግልባጭ በመያዝ ውሳው በእጅ ከደረሰበት ጀምሮ በ10 ተከታታይ የስራ ቀናት ውስጥ ወደ ክልል የሲቪል ሰርቪስ ቢሮ ያቀርባል ፣,2
በወረዳ ወይም ከተማ የሲቪል ሰርቪስ ፅሕፈት ቤት ኣብዮቱታ ሰሚ ውሳኔ የተሰጠው ሰራተኛ በውሳኔው ካልረካ ወደ ክልል ኣቤቱታ ለማቅረብ የሚያስችሉ ተብለው በሕግ የተቀመጡ ጉዳዮች ከሆኑ በወረዳ ወይም በከተማ የሲቪል ሰርቪስ ፅሕፈት ቤት ኣብዮቱታ ሰሚ የተሰጠ ውሳኔ ግልባጭ በመያዝ ከኣቅሙ በላይ በሆነ በተለያየ ምክንያት በስራው ባለመኖሩ ኣቤቱታው ሊያቀርብ ያልቻለ ሰራተኛ ወደ ስራው ከተመለሰበት ቀን ጀምሮ በኣስር ተከታታይ የስራ ቀናት ውሰጥ ወደ የሲቪል ሰርቪስ ቢሮ ኣቤቱታውን ያቀርባል ፣,2
ይግባኝ ሊቀርብ የሚችልበት ጊዜ የመጨረሻ ቀን በኣል ከሆነ ይግባኙ በሚቀጥለው የስራ ቀን ሊቀርብ ይችላል ፣,2
የሲቪል ሰርቪስ ቢሮ ኣብየቱታ ሰሚ በፍሬ ነገር ክርክር የሰጠው ውሳኔ የመጨረሻ ሆኖ በኣዋጅ ኣንቀፅ 72 / 1 / የተመለከተ መሰረታዊ የህግ ስህተት ኣለው የሚል ተከራካሪ ወገን በ10 የስራ ቀን ለክልሉ ጠቅላይ ፍርድ ቤት ቅሬታው ማቅረብ ይችላል ።,2
የይግባኝ ማመልከቻ,2
የይግባኝ ማመልከቻ በይግባኝ ባዩ ወይም በወኪሉ ሊፈረም እና የሚከተሉትን መያዝ ኣለበት ፣ -,2
የይግባኝ ባዩ ስምና ኣድራሻ ፣,2
የመልስ ሰጭው የመንግስት መስሪያቤት ስም,2
ይግባኝ የተባለባቸውን ምክንያቶች ፣,2
የሚፈልገውን ውሳኔ ፣,2
ተያይዘው የቀረቡትና በኣቤቱታ ሰሚ የስራ ሂደት ትእዛዝ እንዲቀርቡለት የሚፈልጋቸው ማስረጃዎች ዝርዝር ፣,2
ከኣንድ በላይ በሆኑ ይግባኝ ባዮች የሚቀርብ የይግባኝ ማመልከቻ በራሳቸው ወይም በወኪላቸው ተፈርሞ ሊቀርብ ይችላል ፣,2
በዚህ ኣንቀፅ መሰረት የሚቀርብ የይግባኝ ማመልከቻ በሶስት ቅጂ ተዘጋጅቶ ወደ ኣቤቱታ ሰሚ የስራ ሂደት መቅረብ ኣለበት ።,2
ይግባኝን ስለመመዝገብ,2
ኣቤቱታ ሰሚ የስራ ሂደት ይግባኝ ማመልከቻ ሲቀርብለት የዚህ ደንብ ኣንቀፅ 38 ድንጋጌዎች ያሟላ መሆኑን በማረጋገጥ ተቀብሎ ይመዘግባል ፣,2
ኣቤቱታ ሰሚ የስራ ሂደት የይግባኝ ጉዳይ እንደየ ኣቀራረባቸው ቅደም ተከተል ቁጥር ተሰጥቶት የሚመዘግብበት የይግባኝ መዝገብ ይይዛል ።,2
ይግባኝን ውድቅ ስለማረግ ኣቤቱታ ሰሚ የስራ ሂደት የቀረበለት የይግባኝ ማመልከቻ መርምሮ ይግባኝ የተባለበት ጉዳይ በኣዋጁ ኣንቀፅ 72 ደንጋጌዎች የሚሸፈን ሆኖ ካላገኘው መልስ ሰጭውን መስሪያቤት መጥራት ሳያስፈልግ ይግባኙን ውድቅ ኣድርጎ ይግባኝ ባዩን ሊያሰናብተው ይችላል ።,2
ይግባኝ ስለመፍቀድ,2
የስራ ሂደት ኣቤቱታ ኣፈታት የቀረበለትን የይግባኝ ማመልከቻ መርምሮ ይግባኝ ለማቅረብ የሚያስችል ምክንያት መኖሩን ሲያረጋግጥ ይግባኝ የሚሰማበትን ቀን ወስኖ ይግባኝ ባዩና መልስ ሰጭው መስሪያቤት እንዲያዉቀት ያደርጋል ።,2
ይግባኙ በሚሰማበት ቀን መልስ ሰጭው መስሪያቤት መልሱን በፅሑፍ ይዞ እንዲቀርብ የይግባኝ ማመልከቻው ቅፅ እንዲደርሰው ይደረጋል ።,2
የተከራካሪ ወገኖች መቅረብ,2
ኣቤቱታ ሰሚ የስራ ሂደት የይግባኝ ከርክሩን የሚያየው ተከራካሪ ወገኖች በተገኙበት ይሆናል ፣,2
የዚህ ኣንቀፅ ንኡስ ኣንቀፅ / 1 / ድንጋጌ ቢኖርም ።,2
መልስ ሰጭው መስሪያቤት በቀጠሮው ቀን እንዲቀርብ ትእዛዝ ደርሶት ካልቀረበ ይግባኙ በሌለበት ይታያል ፣,2
ይግባኝ ባዩ በቀጠረው ቀን ካልቀረበ ይግባኙ ይሰረዛል ፣,2
መልስ ሰጭው መስሪያቤት በቀጠሮው ቀን ሊቀርብ ያልቻለበት በበቂ ምክንያት ከሆነ በሌለበት የተሰጠ ትእዛዝ ወይም ውሳኔ እንዲነሳለት ትእዛዝ ወይም ውሳኔው መሰጠቱን ካወቀበት ቀን ጀምሮ በ10 ተከታታይ የስራ ቀናት ውስጥ ለኣቤቱታ ሰሚ ሊያመለከት ይችላል ፣,2
ይግባኝ ባዩ በቀጠሮው ቀን ሊቀርብ ያልቻለው በበቂ ምክንያት ከሆነ መቅረብ ያልቻለበት ምክንያት በተወገደለት በ10 ተከታታይ የስራ ቀናት ውስጥ የተሰረዘው ይግባኝ እንደገና እንዲታይለት ወደ ኣቤቱታ ሰሚ ሊያመለክት ይችላል ።,2
የመጀመሪያ ደረጃ መቃወሚያ,2
የኣቤቱታ ሰሚ የስራ ሂደት የቀረበለትን ይግባኝ ውድቅ እንዲያደርገው መልስ ሰጭው መስሪያቤት ከሚከተሉት ምክንያቶች በኣንድ ላይ ተመስርቶ የመጀመሪያ ደረጃ መቃወሚያ ሊያቀርብ ይችላል ፣ -,2
ጉዳዩ በኣዋጅ ኣንቀፅ 72 መሰረት ይግባኝ ሊቀርብለት የሚችል ካልሆነ ፣ ኣቤቱታ ሰሚ የስራ ሂደት በዚህ ደንብ ኣንቀፅ 37 / 4 / መሰረት ሳይፈቅድለት የይግባኝ ማቅረቢያ ጊዜው ካለፈ በኋላ የቀረበ ከሆነ ወይም ፣,2
ጉዳዩ ቀደም ሲል ኣቤቱታ ሰሚ የስራ ሂደት ቀርቦ ውድቅ የተደረገ ወይም ውሳኔ የተሰጠበት ከሆነ ነው ፣,2
ኣቤቱታ ሰሚ የስራ ሂደት ይግባኙን መሰማት ከመጀመሩ በፊት በቀረበለት የመጀመ ሪያ ደረጃ መቋወምያ ላይ ውሳኔ ይሰጣል ፣,2
ኣቤቱታ ሰሚ የስራ ሂደት ይግባኙን መስማት ከጀመረ በኋላ በዚህ ኣንቀፅ ንኡስ ኣንቀፅ / 1 / መሰረት የሚቀርብ መቋወምያ ተቀባይነት ኣይኖረውም ።,2
የይግባኝ መልስ,2
መልስ ሰጭው መስሪያቤት ለቀረበለት ይግባኝ የሚሰጠው መልስ በሚመለከተው በቢሮ ስራ መሪ ወይም በመስሪያቤቱ ሃላፊ ወይም ውክልና በተሰጠው ሰው መፈረምና የሚከተሉትን መያዝ ኣለበት ።,2
የይግባኝ ባዩን እና የመልስ ሰጭውን መስሪያቤት ስምና ኣድራሻ ፣,2
የመስሪያቤቱን መከራከሪያ ነጥቦች ፣,2
ተያይዘው የቀረቡ የመከላከያ ማስረጃዎችን ዝርዝር ፣,2
የምስከሮችን ስምና ኣድራሻ ፣,2
በይግባኝ ማመልከቻ ላይ የተጠቀሰና በይግባኝ መልስ በቀጥታ ወይም በተዘዋዋሪ መንገድ ያልተካደ ፍሬ ነገር እንደታመንበት ይቆጠራል ፣,2
የይግባኝ ማመልከቻና መልስን ስለማሻሻል,2
ኣቤቱታ ሰሚ የስራ ሂደት ለትክክልኛ ወሳኔ ኣሰጣጥ የሚረዳ ሆኖ ሲያገኘው ውሳኔ ከመሰጠቱ በፊት በማናቸውም ጊዜ የይግባኝ ማመልከቻው ወይም መልስ እንዲሻሻል ሊፈቅድ ይችላል ፣,2
የይግባኝ ማመልከቻ ወይም መልስ ተሻሽሎ ሲቀርብ ሌላው ተከራካሪ ወገን እንደሁኔታው መልስ ወይም የመልስ መልስ እንዲሰጥበት ይደረጋል ።,2
ይግባኝን ስለመተው,2
ይግባኝ ባዩ ውሳኔ ከመሰጠቱ በፊት በማናቸውም ጊዜ ለኣቤቱታ ሰሚ ለስራ ሂደት በፅሁፍ ገልፆ ይግባኙን ማቋረጥ ይችላል ፣,2
ይግባኙን ያቋረጠ የመንግስት ሰራተኛን እና የመንግስት መስርያ ቤት በዚያው ጉዳይ ላይ እንደገና ይግባኝ ሊያቀርብ ኣይችልም ።,2
ምስክር ስለመጥራትና ስለመስማት,2
የማንኛውም ተከራካሪ ወገን ምስክሮች የመልስ ሰጭው መስሪያቤት ሰራተኞች ከሆኑ ኣቤቱታ ሰሚ የስራ ሂደት ለእያንዳንዳቸው መጥሪያ መላክ ሳያስፈልገው ትእዛዝ በመስሪያቤቱ ኣማካይነት እንዲደርሳቸው ማድረግ ይችላል ፣,2
የመልስ ሰጭው መስሪያቤት ሰራተኛ ያልሆነ ምስክር እንዲቀርብ በኣቤቱታ ሰሚ የስራ ሂደት መጥሪያ እንዲደርሰ ይደረጋል ፣,2
የዚህ ደንብ ኣንቀፅ 19 ድንጋጌዎች ኣቤቱታ ሰሚ የስራ ሂደት ለሚሰጠው ምስክሮችም ተፈፃሚ ይሆናል ።,2
ስለተጨማሪ ማስረጃዎች የስራ ሂደት የኣቤቱታ ኣፈታቱ ፍትሃዊ ውሳኔ ኣሰጣጥ ኣስፈላጊ ሆኖ ሲያገኘው በራሱ ኣነሳሽነት ተጨማሪ የፅሑፍ ማስረጃዎች ወይም ምስክሮች እንዲቀርቡ ሊያዝ ይችላል ።,2
የውሳኔ ኣሰጣጥ,2
የስራ ሂደት የኣቤቱታ ኣፈታቱ ተከራከሪ ወገኖች ያቀረባቸውን መከራከሪያ ነጥቦችና ማስረጃዎች በመመርመር ለጉዳዩ ኣግባብነት ያላቸው ሕጎች ፣ ደንቦችና መምሪያ በመገናዘብ በ5 ተከታታይ የስራ ቀናት ውስጥ ያስማማል ወይም ወሳኔ ይሰጣል ፣,2
ይግባኝ የቀረበው መልስ ሰጭውን መስሪያቤት ውሳኔ የሚቃወም ሲሆን የስራ ሂደት የኣቤቱታ ኣፈታቱ ውሳኔውን በማፅደቅ ፣ በመሻር ወይም በማሻሻል ሊወሰን ይችላል ።,2
የውሳኔ ኣፈፃፀም,2
በኣቤቱታ ሰሚ የስራ ሂደት የተሰጠ የመጨረሻ ውሳኔ መስሪያቤቶች በ5 የስራ ቀናት ውስጥ ይፈፅማል ፣,2
በዚህ ኣንቀፅ ንኡስ ኣንቀፅ / 1 / የተጠቀሰውን እንዳለ ሆኖ በየደረጃው በወረዳ በከተማ እና በክልል የሲቪል ሰርቪስ የስራ ሂደት ኣቤቱታ ኣፈታት የሚሰጥ የመጨረሻ ውሳኔ ለማስፈፀም ፈቃደኛ ያልሆነ ኣካል በሚሾሞው ኣካል መጠይቁ እንዳለ ሆኖ በ10 ተከታታይ የስራ ቀናት ውስጥ ኣልተፈፀመልኝም ብሎ በውሳኔው ተጠቃሚ የሆነ ወገነ ካመለከተ በየደረጃው ያለ ባለሞያ የኣቤቱታ ኣፈታት የስራ ሂደቱ ውሳኔው እንዲፈፀምለት ለወረዳ ፍርድ ቤት ይፅፋል ፣ ወረዳ ፍርድ ቤትኣስገድዶ ያስፈፅማል ።,2
ውሳኔው ባለመፈፀሙ በሰራተኛው ላይ ለደረሰው ጉዳት የስራው መሪ ወይም የፅህፈት ቤቱ ሓላፊተጠያቂ ይሆናል ።,2
የቅጣት የይርጋ ጊዜ,2
በዲስፕሊን የተቀጣ የመንግስት ሰራተኛ በሪከርድ የሚጠቀስበት ከሆነ ።,2
ቀላል የዲስፕሊን ቅጣት ከተወሰነለት ቀን ጀምሮ እስከ ሶስት ወር ፣,2
ከኣንድ ወር እስከ ሶስት ወር ደመወዝ የሚያስቀጣ ከባድ የዲስፕሊን ቅጣት የተወሰነበት ቅጣቱ ከተወሰነበት ቀን ጀምሮ እስከ ኣንድ ኣመት ፣,2
ከባድ የዲስፕሊን ቅጣት ከስራ ደረጃ መውረድ ፣ ከደመወዝ መቀነስና ከስራ መሰናበት ሆኖ ቅጣቱ የሚፈፀመው ከተወሰነበት ቀን ጀመሮ እስከ ሁለት ኣመት ይሆናል ።,2
በክልል መስሪያ ቤት በየስራ ሂደቱ የሚፈፀም ግድፈት ዋና የስራ ሂደት ባለቤት እና የደጋፊ የስራ ሂደት ኣስተባባሪ ሚና,2
በስራ ሂደቱ የዲስፕሊን ጥሰት ሲፈፀም ወይም ተፈፅመዋል ብሎ ሲያምን ችግሩን እንዲፈታ ጥረት ያደርጋል ።,2
በመረዳዳት ሊፈታ ያልቻለ ጉዳይ በደንቡ መሰረት እንዲጣራ ይደረጋል ፣,2
ቀላል የዲስፕሊን ቅጣት ውሳኔ ይሰጣል ፣,2
ከባድ የድስፕሊን ጥሰት ሲፈፀም በፅሑፍ ክስ በመዘጋጀት ወደ የዲስፕሊን ቡዱን ያቀርባል ።,2
በክልል መስሪያቤት በሁለት የስራ ሂደት መካከል ለሚፈፀም የስራ ግድፈት የዋና ኣስተባባሪ እና ደጋፊ የስራ ሂደት ሚና,2
በማንኛውም የስራ ሂደት በሌላ የስራ ሂደት ሰራተኛ የተፈፀመ ጥሰት ሲኖር የስራ ሂደቶቹ እንዲፈቱት ጥረት ያደርጋሉ ፣,2
ሊፈታ ካልቻለ ለሰው ሃይል ኣመራር ደጋፊ የስራ ሂደት ያስታውቃሉ ፣,2
ኣንድ ሰራተኛ ከስራ ሂደቱ ውጪ በሌላ የስራ ሂደት የድስፕሊን ጥሰት ከፈፀመ ወይም በየስራ ሂደቶች መሃከል ኣለመጣጣም ከተፈጠረ የሰው ሃይል ኣመራር ኣጣርቶ የመጨረሻ ውሳኔ ለመሰጠት ወደ ስራ መሪው ያቀርባል ።,2
በክልል መስሪያቤት የሰው ሃይል ኣመራር ደጋፊ የስራ ሂደት ሚና,2
ተፈፀመ የተባለ የድስፕሊን ጥሰት ከኣሰራሮች ጋር በመገናዘብ ኣስፈላጊ ከሆነ ከ3 ወይም ከ5 የማይበልጡ ኣባላት ያለው የዲስፕሊን ቡድን እንዲቋቋም ያደርጋል ፣,2
በየስራ ሂደቱ ያልተፈታ ቅሬታ ይሰማል ፣ እንዲፈታ ይጥራል ፣ መፍታት ካልቻለ ወደ ስራ መሪ ያቀርባል ።,2
በክልል መስሪያቤት የስራ መሪ ድርሻ,2
የስራ መሪ ለቀረበለት ከባድ የዲስፕሊን ቅጣት ውሳኔ ሃሳብ በማየት ሙሉ በሙሉ ወይ በከፊል የማፅደቅ ወይም የማሻሻል ወይም የመሰረዝ ስልጣን ይኖረዋል ፣,2
በመጨረሻ ደረጃ የቀረቡ ቅሬታዎች ውሳኔ ይሰጣል ።,2
የመስሪያ ቤት ሃላፊ ሚና,2
በመስሪያቤቱ የዲስፕሊን ጥሰት ከተፈፀመ ወይም ተፈፅመዋል ብሎ ሲያምን በቀላል የዲስፕሊን ጥሰት ላይ የመጨረሻው ውሳነ ይሰጣል ፣,2
ከባድ የዲስፕሊን ጥሰት ሲፈፀም ጥሰቱን የሚያጣሩ ከ3 እስከ 5 የሚሆኑ ኣባላት ያሉት የድስፕሊን ኮሚቴ እንዲቋቋም ያደርጋል ፣,2
ወደ ተቋቋመው ኮሚቴ በፅሑፍ ክሱን ያቀርባል ፣,2
የመስሪያቤቱ የስራ መሪ ወይም የመስሪያቤት ሃላፊ የቀረበለት የውሳነ ሃሳብ ውሳኔ ይሰጣል ፣,2
በመስሪያቱ የሚነሱ የሰው ሃይለ ቅሬታዎች በማየት ውሳኔ ይሰጣል ።,2
የይግባኝ ኣቤቱታ ወጪዎች,2
ተከራካሪ ወገኖች የይግባኝ ክርክሩ ያስከተለባቸውን ወጭ በየራሳቸው ይችላሉ,2
የዚህ ኣንቀፅ ንኡስ ኣንቀፅ / 1 / ደንጋጌ እንዳለ ሆኖ ይግባኝ ባዩ በመልስ ሰጭው መስሪያቤት ይዞታ ስር የሚገኝ ማስረጃ በኣቤቱታ ሰሚ የስራ ሂደት ትእዛዝ እንዲቀር ብለት ሲያስደርግ የሚያስከትለውን ወጭ እንዲከፍል ኣይጠየቅም ፣,2
የኣቤቱታ ሰሚ የስራ ሂደት ለሚጠራችው ምስክሮች የውሎ ኣበልና መ ¿ ¿ ዣይከፍላል ፣,2
በቢሮ የስራ መሪ ወይም በመስሪያ ቤት ሃላፊ ምክንያት በሰራተኛው ላይ ግልፅ የሆኑ ጥሰቶች ለማድረስ የተደረገ ስለመሆኑ ሲረጋገጥ የተደረገ ወጪ ከስራ መሪው ወይም ከመስሪያ ቤቱ ሃላፊ ደመወዝ ወይም ለዚሁ ወጪ ካደረገው ኣካል ተቆርጦ ገቢ ይሆናል ።,2
ልዩ ልዩ ደንጋጌዎች,2
መመሪያ የማውጣት ስልጣን ይህ ደንብ ለማስፈፀም የሚያስፈልግ መመሪያ የሲቪል ሰርቪስ ቢሮ ያወጣል ።,2
የተሻሩ ሕጎች,2
የመንግስት ሰራተኞች ደንብ ቁጥር 21 / 1996 በዚህ ደንብ ተሽረዋል ፣,2
ይህን ደንብ የሚቃረን ማንኛውም ደንብ ፣ መመሪያ ወይም የልምድ ኣሰራር በዚህ ደንብ በተመለከቱ ጉዳዩች ላይ ተፈፃሚነት የለውም ።,2
ደንቡ የሚፀናበት ጊዜ ይህ ደንብ በክልሉ ስራ ኣስፈፃሚ ምክር ቤት ከፀደቀበት መስከረም 11 / 2004 ዓ.ም ጀምሮ የፀና ይሆናል ።,2
ደንብ ቁጥር 69 / 2003,2
ተሻሽሎ የወጣ የትግራይ ብሄራዊ ክልላዊ መንግሥት የፋይናንስ ኣስተዳደር ደንብ የትግራይ,2
ብሄራዊ ክልላዊ መንግስት የስራ ኣስፈፃሚ ምክር ቤት በኣዋጅ ቁጥር 173 / 2002 ኣንቀጽ 63 / 1 / መሠረት ይህን ደንብ ኣውጥቷል ።,2
ጠቅላላ,2
ኣጭር ርእስ,2
ይህ ደንብ የትግራይ ብሄራዊ ክልላዊ መንግስት የፋይናንስ ኣስተዳደር ደንብ ቁጥር 69 / 2003 ዓ.ም ተብሎ ሊጠቀስ ይችላል ።,2
ትርጓሜ,2
በዚህ ደንብ ውስጥ,2
የቅድሚያ ክፍያ ማለት የዋጋ ልውውጥ ያልተደረገበት እና ተቀባዩ ከተወሰነ ጊዜ በኋላ የሚያወራርደው ክፍያ ሲሆን ውልን መሰረት በማድረግ በውሉ የተመለከተው ግዴታ ከመጠናቀቁ በፊት በየደረጃው የሚደረግን ክፍያ ኣይጨምርም ።,2
የካፒታል ወጪ ማለት ፣,2
መንገዶችን ሕንጻዎችን ወይም ሌሎች ግንባታዎችን ሳይጨምር መሬትን ለመያዝ ፣ መልሶ ለመያዝ ፣ ለማሻሻል ወይም ለማዘጋጀት ፣,2
መንገዶች እና ህንፃዎች ወይም ሌሎች ለመያዝ ፣ ለመስራት ወይም ለማዘጋጀት ወይም ለማሻሻል ።,2
ተንቀሳቃሽ ወይም የማይንቀሣቀሱ ድርጅቶችን ፣ መሣሪያዎችን ፣ መገልገያዎችን ፣ ተሽከርካሪዎችን ፣ ኣውሮፕላኖችን እና የመሳሰሉትን ለመያዝ ለመትከል ወይም ለመተካት ፣,2
በዚህ ንኡስ ኣንቀጽ ከፊደል ሀ-ሐ የተዘረዘሩትን ለመፈፀም ወይም የኢንቨስትመ ንት ሥራዎችን ለመያዝ ለተደረገ ወይም ለሚደረግ ወጪ እንዲውል ለማናቸውም ሰው የቅድሚያ ክፍያ እርዳታ ወይም ሌላ ዓይነት የገንዘብ ድጋፍ መስጠት ፣,2
የሕግ ሰውነት በተሰጣቸው የንግድ ድርጅቶች ውስጥ የኣከሲዮን ድርሻ ካፒታል ወይም የብድር ካፒታል በባለቤትነት ለመያዝ ፣,2
ለጥናትና ምርምር ፣,2
ለኣቅም ግንባታና ሥልጠና ወይም,2
በዚህ ንዑስ ኣንቀፅ ከዚህ በላይ ከተዘረዘሩትጋር ለተያያዘ የምክር ኣገልግሎትየተደረገ ወጪ ነው ።,2
ዕዳን ማስተላለፍ ማለት ዕዳን የመክፈልኃላፊነትን ከኣንድ ሰው ፣ ድርጅት ወይም ኣገር ወደ ሌላ ማስተላለፍ ሲሆን በባለእዳዎች ወይም በባለገንዘቦች መካከል የሚደረገውን ማስተላለፍ የሚመለከት ሊሆን ይችላል ።,2
የዕቃና የኣገልግሎት ዋጋ ማለት ለዕቃ ኣቅርቦት ፣ ኣገልግሎት ለማግኘት እና በመገልገያዎች ለመጠቀም ተጠቃሚዎች ለክልሉ መንግሥት መሥሪያ ቤቶች የሚያደርጉት ክፍያ ሲሆን መቆጮ ኣይጨምርም ።,2
የፊዚካል ማእቀፍ ማለት የክልሉ መንግስት ሃብት በመካከለኛ ዘመን እቅድ እንዲመራና የሚመደበውም ዓመታዊ በጀት የተረጋጋ ኢኮኖሚ ከማስፈፀም ዓላማ ጋር የተጣጣመ እንዲሆን ለማድረግ ለሚወሰን የበጀት ጣሪያ መነሻ የሆነ በየዓመቱ የሚስተካከል የሦስት ዓመት የመንግስት ገቢና ወጪ ግምት ሲሆን ፤,2
ፀንቶ ባለው የግብር ማስከፈያ ምጣኔ መሠረት ይሰበሰባል ተብሎ የታሰበውን የመንግስት ታክስ ገቢ ።,2
የፖሊሲ ለውጥ ባልተደረገበት ሁኔታ በሚሠራ የገቢ እቅድ ታክስ ካልሆኑ የመንግሥት ገቢዎች / ከመንግስት የልማት ሥራ ድርጅቶች የዘቀጠ ትርፍ ፣ ከክፍያዎች ፣ ከተጠቃሚዎች ከሚሰበሰብ ዋጋ ወዘተ ይሰበሰባል ተብሎ የታሰበውን ገቢ ፣,2
ከፍ ያለ የግብር መጠን በመወሰን ፣ የተለየ የግብር ሥርዓት በመዘርጋት ወይም በግብር ኣሰባሰብ ረገድ የተቋም ወይም የኣስተዳደር መዋቅር ማሻሻያ በማድረግ በተጨማሪነት ሊሰበሰብ የሚችለውን የታክስ ገቢ ግምት ፣,2
በመንግስት የልማት ሥራ ድርጅቶች የፖሊሲ ማእቀፍ ፣ በመንግሥት ክፍለ ኢኮኖሚ የዋጋ ትመና ፖሊሲ ፣ በማህበራዊ ኣገልግሎቶች ክፍያዎች ላይ ለውጥ በመደረጉ ምክንያት ይገኛል ተብሎ የሚታሰበውን ተጨማሪ ገቢ ፣,2
ከኣገር ውስጥ ምንጮች በብድር እና በእርዳታ ሊገኝ ይችላል ተብሎ የሚታሰበውን ገቢ ፣,2
የመደበኛ እና የካፒታል ወጪ ግምት ።,2
ከፌዴራል መንግስት ይገኛል ተብሎ የሚገመተውን የበጀት ድጋፍ,2
የክልሉን የበጀት ጉድለት እና የበጀት ጉድለቱ ኣሸፋፈን ግምትን,2
የሚተላለፍ የገንዘብ ሰነድ ማለት በፊርማ ወይም ያለፊርማ ከኣንድ ሰው ወደ ሌላ በመተላለፉ ምክንያት ለተላለፈለት ሰው የባለቤትነት መብት የሚያስገኝ የገንዘብ ሰነድ ነው ።,2
የዋስትና መያዣ ማለት,2
የሓዋላ ሰነድ ሆኖ,2
ለክልሉ ፕላንና ፋይናንስ ቢሮ የሚከፈል ፣ እና,2
በታወቀ የገንዘብ ተቋም የተረጋገጠ ወይም በታወቀው የገንዘብ ተቋም በራሱ ስም የወጣ ፣,2
በመንግሥት ዋሰትና የተሰጠበት ቦንድ ወይም,2
በክልሉ መንግሥት መሥሪያ ቤት ተቀባይነት ሊኖረው የሚችል እና በቢሮው የፀደቀ ሌላ ተመሣሣይ ዋሰትና ነው ።,2
ኣዋጅ ማለት የትግራይ ብሄራዊ ክልላዊ መንግስት የፋይናንስ ኣስተዳደር ኣዋጅ ቁጥር 173 / 2002 ነው ።,2
መዝገብ ማለት በሰነድ ወይም በኤሌክትሮኒክስ ዘዴ ኣማካኝነት የሚያዝ መረጃ ነው ።,2
በክልሉ የፋይናንስ ኣስተዳደር ኣዋጅ ትርጉም የተሰጣቸው በዚህ ደንብ ውስጥ ጥቅም ላይ የዋሉ ቃላትና ሐረጎች በኣዋጁ የተሰጣቸውን ትርጉም ይይዛሉ ።,2
ቢሮ ማለት ቢሮ ፕላንና ፋይናንስ ነው ።,2
ክልል ማለት የትግራይ ብሄራዊ ክልላዊ መንግስት ነው ።,2
መርህ,2
የመንግስት በጀት በእቅድ ላይ የተመሰረተ መሆን ኣለበት ፣,2
የመንግስት በጀት የሚዘጋጀው የፊሲካል ማእቀፍን መሰረት በማድረግ ይሆናል ፣,2
የመካከለኛ ዘመን የልማት እቅድ በመንግስት መስሪያቤቶች የበላይ ሃላፊዎች መዘጋጀት ይኖርበታል ።,2
የገቢ እና የወጪ በጀት ግምት የሚዘጋጀው ለተከታዩ የበጀት ዓመት መሆን ኣለበት ፣,2
ማናቸውም የካፒታል ወጪ በፊሲካል ማእቀፍ ውስጥ ለየክፍለ ኢኮኖሚው ከተመለከተው ጣሪያ በላይ ሊሆን ኣይችልም ፣,2
በካፒታል በጀት ውስጥ ለክፍለ ኢኮኖሚ ክፍሎች የሚሰጠው ቀዳሚነት የሚወሰነው በፊሲካል ማእቀፍ የተመለከተውን ቀደምትነት መሰረት በማድረግ ይሆናል ።,2
በገቢው መጠቀም እንዲችል የተፈቀደለት የመንግሥት መሥሪያ ቤት ቢኖር ፣ የዚህ ዓይነቱ ገቢ ለመሥሪያ ቤቱ በተፈቀደው ገቢ እንዲሁም የወጪ በጀት ድምር ውስጥ መጠቃለል ይኖርበታል ።,2
የተጣራ ሂሣብን ማሳየት ኣይፈቀድም ።,2
የበጀት ዝግጅት እና ኣቀራረብ,2
የበጀት ግምት የሚዘጋጀው በክልሉ ስራ ኣስፈፃሚ በሚፈቅደው የፊሲካል ማእቀፍ መነሻ ቢሮው በየዓመታዊው የበጀት ጥሪ ደብዳቤ የሚያስታውቀውን ጣሪያ እና የበጀት ኣቀራረብ ሥርዓት መሠረት በማድረግ ይሆናል ።,2
የመደበኛ ወጪ የበጀት ግምት የዘመኑን የመጀመሪያውን ግማሽ ዓመት በጀት ጊዜያዊ ሪፖርት እና ያለፈውን ዓመት የበጀት ኣፈጻጸም የሚያጠቃልል ሊሆን ይገባል ።,2
የመደበኛ እና የካፒታል ወጪ በጀት ግምቶች በመንግሥት መሥሪያ ቤቶች የበላይ ኃላፊዎች መፈረም ኣለባቸው ።,2
ታክስ ነክ ከሆኑ የገቢ ምንጮች የሚሰበሰበው የገቢ በጀት ግምት በቢሮው የሚዘጋጅ ይሆናል ።,2
ታክስ ካልሆኑ የገቢ ምንጮች የገቢ በጀት ግምት ኃላፊነት በተሰጠው የመንግስት መሥሪያ ቤት የበላይ ኃላፊ ተዘጋጅቶ ለቢሮው መቅረብ ኣለበት ።,2
የካፒታልና የመደበኛ ወጪ የበጀት ግምት ለግምገማ ፣ ኣስፈላጊ በሚሆንበት ጊዜም እንደገና እንዲታይ ለማድረግ እና ለማጠቃለያ ሥራዎች ለቢሮው መቅረብ ኣለበት ።,2
የበጀት ግምት ከኣገር ውስጥ የሚገኘውን ብድርና ከፌደራል መንግስት የሚገኘውን የበጀት ድጋፍ እንዲሁም ማናቸውም የመንግሥት መሥሪያ ቤት በተከታዩ የበጀት ዓመት በጥሬ ገንዘብና በዓይነት ኣገኛለሁ ብሎ የሚጠብቀውን እርዳታ ግምት ፣ በዓይነት የሚገኘውን እርዳታ ዓይነትና ፣ በገንዘብ ያወጣል ተብሎ የሚገመተውን ዋጋ የተሟላ ዝርዝር የያዝ መሆን ኣለበት ።,2
የበጀት ግምትን ማጽደቅ,2
የበጀቱ ግምት ከተገመገመ እና ኣስፈላጊ የሆነው ሁሉ ማጣራት ከተከናወነ እንዲሁም ከመንግሥት መሥሪያ ቤቶች የበላይ ኃላፊዎች ጋር የሚደረገው ውይይት ከተጠናቀቀ በኋላ የቢሮ ሓላፊው የተጠቃለለው የመደበኛ እና የካፒታል በጀት ግምት ታይቶ እንዲደገፍ ለበጀትና ኦዲት ቋሚ ኮሚቴ ከመቅረቡ በፊት ለክልሉ ስራ ኣስፈፃሚ ያቀርባል ።,2
በክልሉ ስራ ኣስፈፃሚ የተደገፈው የበጀት ግምት ለክልሉ ምክር ቤት ይቀርባል ።,2
የቢሮ ሓላፊው በክልሉ ምክር ቤት የፀደቀውን በጀት የመንግሥት መሥሪያ ቤቶች የበላይ ኃላፊዎች እንዲያውቁ ያደርጋል ።,2
የበጀት የጊዜ ሰሌዳ ቢሮው የበጀት የጊዜ ሰሌዳን የሚወስን መመሪያ ያወጣል ።,2
ልዩ ሥልጣን ማናቸውም የመንግሥት መሥሪያ ቤት በዚህ ደንብ ኣንቀጽ 6 መሠረት በሚወሰነው የጊዜ ሠሌዳ የበጀቱን ግምት ካላቀረበ የቢሮ ሓላፊው የራሱን ልዩ ሥልጣን በመጠቀም በበጀቱ ግምት ውስጥ ምን መካተት እንደሚገባው ይወስናል ።,2
የበጀት ዝውውር,2
የቢሮ ሓላፊው በፀደቀ የመንግሥት መሥሪያ ቤት የኣደረጃጀት ለውጥ ምክንያት ለመንግሥት ዓላማዎች ግብ መድረስ ኣስፈላጊ ሆኖ ሲያገኘው ከመደበኛ ወደ ካፒታል በጀት ዝውውር እንዲደረግ ሊፈቅድ ይችላል ።,2
ከሌሎች መደበኛ ወጪዎች በጀት ወደ ደመወዝ ፣ ለሠራተኛ ወደሚከፈል የኣጭር ጊዜ የጉልበት ወይም የኣገልግሎት ዋጋ ወይም ወደ ኣበል የበጀት ዝውውር ሊደረግ የሚችለው ለትግራይ ቢሄራዊ ክልላዊ መንግስት የፕላንና ፋይናንስ ቢሮ ሐላፊ ቀርቦ ሲፈቀድ ይሆናል ።,2
ኣንድ የመንግሥት መሥሪያ ቤት የተፈቀደለትን በጀት የማይጠቀምበት ሆኖ በሚገኝበት ጊዜ ወደ ሌላ የመንግሥት መሥሪያ ቤት ማዘዋወር እንዲቻል ቢሮው የበጀት ኣፈፃፀምን መከታተል የሚያስችል ሥርዓት ይዘረጋል ።,2
ዝውውሩ የሚፈፀምበትን ሁኔታ የሚወስን መመሪያ ያወጣል ።,2
የቢሮ ኋላፊው በኣዋጅ ኣንቀፅ 24 መሰረት መንግስት መስሪያ ቤት ውስጥ ስለሚደረግ የበጀት ዝውውር የተሰጠውን በጀት የማዘዋወር ስልጣን በሙሉ ወይም በከፊል ለመንግስት መስሪያ ቤቶች የበላይ ኃላፊዎች ሊሰጥ ይችላል ።,2
ዝርዝር ኣፈፃፀሙ በመመሪያ ይወሰናል ።,2
የበጀት ቁጥጥር,2
የመንግሥት መሥሪያ ቤቶች የበላይ ኃላፊ ዎች ከቢሮው በሚተላለፈው መመሪያ መሠረት ለእያንዳንዱ የበጀት ርእስ ፣ ንኡስ ርእስ እና ለእያንዳንዱ የካፒታል ኘሮጀክትየተፈቀደውን ዝውውር እና ድልድል የሚያሳይ የበጀት መዝገብ መያዝ ኣለባቸው,2
የመንግሥት መሥሪያ ቤቶች የበላይ ኃላፊዎች በቢሮው በሚተላለፍ መመሪያ መሠረት መንግሥት በበጀት ላይ በማእከላዊነት ቁጥጥር ማድረግ የሚያስችለውን መረጃ መስጠት ኣለባቸው ።,2
ተጨማሪ በጀት,2
የተጨማሪ በጀት ጥያቄ ማቅረብ ኣስፈላጊ ሆኖ ሲገኝ ጥያቄው ቢሮው በሚያወጣው መመሪያ መሠረት ተዘጋጅቶ ለቢሮ ኃላፊው ይቀርባል ።,2
የቢሮ ኃላፊው በኣዋጁ የተቀመጠውን የበጀት ማስፅደቅና ማሳወቅ ሥርዓት ተከትሎ ተጨማሪ በጀትን ያስፀድቃል ሥራ ላይ እንዲውል ያደርጋል ።,2
የበጀት ዝውውር ኣፈፃፀም ማናቸውም የበጀት ዝውውር የሚጠይቅ ወይም በተሰጠው ውክልና መሠረት ዝውውር የሚፈፅም የመንግሥት መሥሪያ ቤት ቢሮው በሚያወጣው መመሪያ መሠረት የበጀት መጠየቂያና መፍቀጃ ቅጾችን በበቂ ቅጂ መሙላት ኣለበት ።,2
የመንግሥት ገንዘብ ክፍያ,2
ክፍያ እና ወጪ የመንግሥት ገንዘብ ክፍያ ሊፈጸም ወይም ወጪ ሊደረግ የሚችለው የተፈቀደ በጀት ሲኖር ብቻ ነው ።,2
የመንግስት ገንዘብ ወጪ ማዘዣ ተገቢው ማዘዣ ሳይሟላ ማናቸውም የመንግሥት ገንዘብ ክፍያ ሊፈፀም ወይም ወጪ ሊደረግ ኣይችልም ።,2
ስለሆነም የመንግሥት መሥሪያ ቤቶች ለሚያደርጉት ወጪ ሁሉ ከቢሮው በሚወጣው መመሪያ መሠረት ማዘዣ መሙላት ኣለባቸው ።,2
ውክልና ስለተሰጣቸው ሰዎች ዝርዝር,2
እያንዳንዱ የመንግሥት መሥሪያ ቤት የበላይ ኃላፊ በዚህ ደንብ የተመለከቱትን ሰነዶች እንዲፈርሙ ውክልና የተሰጣቸውን ኃላፊዎችና ሠራተኞች ስም ዝርዝር ማዘጋጀትና መያዝ ኣለበት ።,2
እንዲህ ያለው የስም ዝርዝር ለመሥሪያ ቤቱ ሂሣብ ኃላፊ ፣ ለውስጥ ኦዲት ኃላፊ ፣ እና ለቢሮው መተላለፍ ኣለበት ።,2
የጥሬ ገንዘብ ኣስተዳደር,2
የመንግስት መስሪያ ቤቶች የሥራ ፕሮግራ ማቸውን ለማስፈፀም የተመደበላቸው የወጪ በጀት ሥራላይ ለማዋል የሚኖራቸውን የጥሬ ገንዘብ ፍላጎት እና የመንግስት ግምጃ ቤትን የጥሬ ገንዘብ ፍሰት መሰረት በማድረግ የሂሳብ ሚዛን በዝቅተኛ መጠን እንዲቆይ ማድረግ በሚያስችል ሁኔታ መመራት ይኖርበታል ፣,2
በዚህ ኣንቀጽ ንኡስ ኣንቀጽ 1 የተመለከተውን ሥራ ላይ ማዋል እንዲቻል የመንግስት መስሪያ ቤቶች በዜሮ ሚዛን ላይ የተመሰረተ የጥሬ ገንዘብ ኣስተዳደር ሥርዓት እንዲከተሉ ያደርጋል ፣,2
የመንግስት መሥሪያ ቤቶች የበላይ ኃላፊዎች በሦስት ወር ውስጥ የሚኖራቸውን የጥሬ ገንዘብ ፍላጎት ዕቅድ በየወሩ በመከፋፈል ለቢሮው ማቅረብ ኣለባቸው ፣,2
ከዚህ በላይ በንኡስ ኣንቀፅ 3 በተገለፀው እና ቢሮው በሚያወጣው መመሪያ መሰረት የመንግስት መስሪያቤቶች የጥሬ ገንዘብ ዕቅድ ካላቀረቡ ቢሮው ባለው መረጃ ላይ በመመሥረት መጠኑን ይወሰናል ፣,2
የጥሬ ገንዘብ ዕቅድ የየወሩን የወጪ መጠን እንዲሁም ገንዘቡ የሚፈለግበትን ጊዜ የሚያሳይ መሆን ኣለበት ፣,2
ከዚህ በላይ በንኡስ ኣንቀፅ 5 የተጠቀሰው እንደተጠበቀ ሆኖ ገቢ ሰብሳቢ የመንግስት መሥሪያ ቤቶች የየወሩን የገቢ እቅድና ያለፈውን ወር ገቢ ኣፈፃፀም ለቢሮው ማቅረብ ኣለባቸው ።,2
የመንግስት ገንዘብ ስለመክፈልና ወጪ ስለማድረግ,2
የመንግሥት ገንዘብ ክፍያ የሚፈፀመው ወይም ወጪ የሚደረገው የገንዘቡ ክፍያ ወደ ሚፈፀምለት የመንግስት መሥሪያ ቤት ወይም ወጪ ወደሚደረግለት ባለመብት የባንክ ሂሳብ በማስተላለፍ ይሆናል ።,2
በዚህ ኣንቀጽ ንኡስ ኣንቀጽ 1 የተመለከተው ቢኖርም ወጪ በቼክ ፣ በሌተር ኦፍ ክሬዲት ወይም በጥሬ ገንዘብ የሚፈፀምበት ሁኔታ ቢሮው በሚያወጣው መመሪያ ይወሰናል ፣,2
የመንግሥት ገንዘብ ክፍያ የሚፈፀመው የመንግስት መስሪያ ቤቶች በሚያቀርቡት የጥሬ ገንዘብ እቅድ መነሻ ቢሮው በሚወስነው ጣሪያ መሰረት ይሆናል ።,2
በገንዘብ ያዦች እጅ ስለሚቀመጥ የመንግስት ገንዘብ ደህንነት የቢሮ ኃላፊው በገንዘብ ያዦች እጅ የሚቀመጠው የመንግስት ገንዘብ በተለያየ ምክንያት በሚጠፋበት ግዜ ገንዘቡን ለመተካት የሚያስችል የመድን ዋስትና የሚገባበትን ስርዓት ያመቻቻል ።,2
ዕቃና የኣገልግሎት ዋጋ,2
መርህ,2
የመንግስት መሥሪያ ቤቶች የዕቃና የኣገልግሎት ዋጋ ልክ በሚወስኑበት ጊዜ የሚከተሉትን መርሆዎች ክግምት ውስጥ ማስገባት ይኖርባቸዋል ፣,2
ለግብር ከፋዩ % ብረተሰብ ፍትሀዊ ለመሆን የመንግሥት መሥሪያ ቤቶች ለሚያቀርቡት ኣገልግሎት የሚያስፈልገው የወጪ ጫና በኣጠቃላይ በግብር ከፋይ % ብረተሰብ ላይ ከሚያርፍ የኣገልግሎቱ ቀጥተኛ ተጠቃሚ በሆነው የ % ብረተሰብ ክፍል ላይ የሚያርፍበትን መንገድ መፈለግ እና / ወይም,2
የዕቃዎችና የኣገልግሎቶች ኣቅርቦት የገበያ መር ሥርዓት እንዲከተል በማድረግ የሃብት ኣጠቃቀምን ብቃት ማሳደግ ።,2
የዕቃና የኣገልግሎት ኣቅርቦትን ስለማጥናት የመንግሥት መሥሪያ ቤቶች የተቋቋሙበትን ህግ መሠረት በማድረግ ከሚያከናውኗቸው ተግባራት ውስጥ ከተጠቃሚዎች የእቃና ኣገልግሎት ዋጋ ለመጠየቅ የሚቻልባቸውን ለመለየት በእንቅስቃሴዎቻቸው ላይ ጥናት ማካሄድ ኣለባቸው ።,2
የዕቃና የኣገልግሎት ክፍያዎችን ልክ የመወሰኛ መመዘኛዎች የመንግሥት መሥሪያ ቤቶች የዕቃና የኣገልግሎት ዋጋ ልክ በሚወስኑበት ጊዜ የሚከተሉትን ከግምት ውስጥ ማስገባት ኣለባቸው ።,2
የዕቃና ክፍያ የኣገልግሎት ወጪ,2
የዕቃና የኣገልግሎት ዋጋ ገቢ በማመንጨት ረገድ ያለውን ኣቅም እንዲሁም ዋጋ በሚከፈልበት እንቅስቃሴ እና በሌሎችም የመንግሥት ተግባራት ላይ የሚኖረውን ውጤት ፣,2
ተጠቃሚዎች ከዕቃው ወይም ከኣገልግሎቱ ጥራት እና ከዋጋው ኣንጻር ለመክፈል ያላቸውን ፈቃደኝነት እና ኣቅም ፣,2
ተጠቃሚዎች የዕቃዎችና የኣገልግሎች ፣ ጥራት እና ዋጋ ኣጥጋቢ ስለመሆኑ ያላቸውን ኣስተያየት,2
ማፅደቅ,2
የመንግስት መሥሪያ ቤቶች የበላይ ኃላፊዎች ኣዳዲስ ዋጋዎችን እንዲሁም በነባር ክፍያዎ ላይ የሚደረግን ለውጥ በሚመለከት ያላቸውን የውሳኔ ሃሳብ በቢሮ ኃላፊው በኩል ለክልሉ ስራ ኣስፈፃሚ ኣቅርበው ማፅደቅ ይኖርባቸዋል,2
በዚህ ኣንቀፅ ንኡስ ኣንቀጽ 1 የተደነገገው ቢኖርም የመንግስት መስራቤቶች ለህብረተሰቡ የሚያቀርቡት ዕቃና የሚሰጡት ኣገልግሎት በመደበኝነት የሚከናወን ካልሆነ ወይም ለዕቃው እና ለኣገልግሎቱ የሚጠየቀው የተናጠል ዋጋ ከብር 50 የማይበልጥ ከሆነ የክፍያው ልክ በቢሮ ኃላፊው ሊፀድቅ ይችላል ።,2
ማሳወቅ,2
የመንግስት መሥሪያ ቤቶች የፀደቁ ኣዳዲስ የዕቃና የኣገልግሎት ዋጋዎች እንዲሁም በነባር ዋጋዎች ላይ የተደረጉና የፀደቁ ማሻሻያዎችን ዝርዝር የሚፀኑበት ቀን ጭምር ለህብረተሰቡ ማሳወቅ ኣለባቸው ።,2
መመርመር,2
የመንግስት መሥሪያ ቤቶች ከቢሮው በሚወጣው መመሪያ በሚወሰን የጊዜ ልዩነት የዕቃና የኣገልግሎት ዋጋ መጠን ተመጣጣኝ ስለመሆኑ ግምገማ ማካሔድ ኣለባቸው ።,2
የመንግሥት ገንዘብ መሰብሰብና ገቢ ማድረግ,2
የመንግሥት ገንዘብ መሰብሰብ የመንግሥት ገንዘብ ለመሰበሰብ በሕግ ግዴታ ያለው የእያንዳንዱ የመንግሥት መሥሪያ ቤት የበላይ ኃላፊ ለመንግሥት ሥርዓት መኖሩን እና የመንግሥት ገንዘብ በሚገባ መሰብሰቡን ማረጋገጥ ኣለበት ።,2
የመንግሥት ገንዘብ ስለመቀበል,2
በትግራይ ብሄራዊ ክልላዊ መንግሥት ስም የሚሰበሰብ ማናቸውም ገንዘብ ተከታታይ ቁጥር ያለው በቢሮው ኃላፊ ወይም በቢሮ ኃላፊው በተሰጠ ውክልና መሠረት የተዘጋጀ ሕጋዊ ደረሰኝ መሰጠት ኣለበት ።,2
ማናቸውም ተመላሽ ገንዘብ ፣ በጥሬ ገንዘብ ፣ በቼክ ወይም በባንክ ዝውውር ከቢሮው ወይም ከሌላ የመንግሥት መሥሪያ ቤት ተዘዋውረው ገንዘብ ጭምር ፣ ተቀባዩ ሕጋዊ ደረሰኝ መስጠት ኣለበት ።,2
በዚህ ኣንቀፅ ንኡስ ኣንቀፅ 1 እና 2 የተደነገገው ቢኖርም በመንግስት የባንክ ሂሳብ ገቢ ለተደረገ ገንዘብ የባንክ ደረሰኝ በቂ ይሆናል ።,2
